Iteration,x,y,z,vx,vy,vz,theta_x,theta_y,theta_z,omega_x,omega_y,omega_z,thrust,a,b,adot,bdot,addot,bddot
0,0.000000,0.000428,-0.000001,0.000001,0.002118,-0.000006,0.000004,0.000199,-0.000000,0.000020,0.000985,-0.000002,7.002829,0.000000,0.000000,0.000000,0.000000,0.000000,0.000000
1,0.000093,0.001121,-0.000003,0.000457,0.007596,-0.000019,0.000006,0.000404,-0.000002,0.000051,0.002957,-0.000013,7.002829,0.000000,0.000000,0.000000,0.000000,0.000000,0.000000
2,0.000140,0.002031,-0.000005,0.001133,0.015318,-0.000037,0.000007,0.000604,-0.000004,0.000063,0.004899,-0.000028,7.002828,0.000000,0.000000,0.000000,0.000000,0.000000,0.000000
3,0.000113,0.003069,-0.000007,0.001220,0.024567,-0.000059,0.000005,0.000796,-0.000008,0.000055,0.006742,-0.000058,7.002828,0.000000,0.000000,0.000000,0.000000,0.000000,0.000000
4,0.000121,0.004254,-0.000009,0.001115,0.034961,-0.000075,0.000002,0.000992,-0.000007,0.000034,0.008531,-0.000072,7.002828,0.000000,0.000000,0.000000,0.000000,0.000000,0.000000
5,0.000175,0.005484,-0.000007,0.001397,0.046077,-0.000076,-0.000003,0.001188,-0.000001,-0.000004,0.010307,-0.000036,7.002827,0.000000,0.000000,0.000000,0.000000,0.000000,0.000000
6,0.000268,0.006760,-0.000006,0.002076,0.057428,-0.000065,-0.000006,0.001387,-0.000005,-0.000043,0.012070,-0.000029,7.002827,0.000000,0.000000,0.000000,0.000000,0.000000,0.000000
7,0.000373,0.008048,-0.000007,0.002979,0.068844,-0.000060,-0.000013,0.001590,-0.000008,-0.000088,0.013833,-0.000059,7.002827,0.000000,0.000000,0.000000,0.000000,0.000000,0.000000
8,0.000480,0.009344,-0.000009,0.003930,0.080155,-0.000069,-0.000010,0.001789,-0.000011,-0.000107,0.015561,-0.000085,7.002827,0.000000,0.000000,0.000000,0.000000,0.000000,0.000000
9,0.000525,0.010662,-0.000011,0.004594,0.091412,-0.000087,-0.000013,0.001994,-0.000010,-0.000107,0.017273,-0.000095,7.002827,0.000000,0.000000,0.000000,0.000000,0.000001,0.000000
10,0.000525,0.012015,-0.000013,0.004758,0.102733,-0.000107,-0.000019,0.002196,-0.000016,-0.000147,0.018970,-0.000115,7.002826,0.000000,0.000000,0.000000,0.000000,0.000001,0.000000
11,0.000510,0.013369,-0.000015,0.004644,0.114023,-0.000126,-0.000015,0.002387,-0.000021,-0.000154,0.020570,-0.000166,7.002826,0.000000,0.000000,0.000000,0.000000,0.000002,0.000000
12,0.000445,0.014727,-0.000017,0.004246,0.125150,-0.000143,-0.000012,0.002591,-0.000021,-0.000120,0.022152,-0.000191,7.002826,0.000000,0.000000,0.000000,0.000000,0.000002,0.000000
13,0.000401,0.016073,-0.000019,0.003726,0.136056,-0.000158,-0.000011,0.002791,-0.000027,-0.000103,0.023753,-0.000216,7.002826,0.000000,0.000000,0.000000,0.000000,0.000003,0.000000
14,0.000363,0.017419,-0.000021,0.003331,0.146727,-0.000175,-0.000011,0.002992,-0.000024,-0.000098,0.025313,-0.000226,7.002826,0.000000,0.000000,0.000000,0.000000,0.000004,0.000000
15,0.000323,0.018758,-0.000023,0.002959,0.157190,-0.000192,-0.000008,0.003183,-0.000022,-0.000083,0.026806,-0.000200,7.002827,0.000000,0.000000,0.000000,0.000000,0.000005,0.000000
16,0.000233,0.020084,-0.000025,0.002367,0.167400,-0.000207,-0.000008,0.003381,-0.000022,-0.000068,0.028264,-0.000190,7.002827,0.000000,0.000000,0.000000,0.000000,0.000005,0.000000
17,0.000139,0.021396,-0.000028,0.001552,0.177332,-0.000226,-0.000004,0.003587,-0.000025,-0.000048,0.029762,-0.000200,7.002826,0.000000,0.000000,0.000000,0.000000,0.000007,0.000000
18,0.000037,0.022708,-0.000031,0.000702,0.187041,-0.000247,-0.000006,0.003787,-0.000021,-0.000038,0.031242,-0.000194,7.002826,0.000000,0.000000,0.000000,0.000000,0.000008,0.000000
19,-0.000042,0.024017,-0.000034,-0.000073,0.196586,-0.000274,-0.000010,0.003984,-0.000026,-0.000066,0.032666,-0.000197,7.002826,0.000000,0.000000,0.000000,0.000000,0.000009,0.000000
20,-0.000099,0.025323,-0.000039,-0.000645,0.205953,-0.000306,-0.000017,0.004186,-0.000022,-0.000112,0.034075,-0.000200,7.002825,0.000000,0.000000,0.000000,0.000000,0.000011,0.000000
21,-0.000154,0.026599,-0.000043,-0.001108,0.215039,-0.000340,-0.000016,0.004388,-0.000021,-0.000136,0.035480,-0.000178,7.002824,0.000000,0.000000,0.000000,0.000000,0.000013,0.000000
22,-0.000182,0.027842,-0.000048,-0.001446,0.223725,-0.000377,-0.000020,0.004590,-0.000016,-0.000147,0.036863,-0.000149,7.002822,0.000000,0.000000,0.000000,0.000000,0.000016,0.000000
23,-0.000193,0.029074,-0.000052,-0.001592,0.232092,-0.000412,-0.000020,0.004795,-0.000026,-0.000160,0.038239,-0.000169,7.002821,0.000000,0.000000,0.000000,0.000000,0.000019,0.000000
24,-0.000217,0.030297,-0.000056,-0.001721,0.240251,-0.000440,-0.000016,0.004997,-0.000028,-0.000146,0.039595,-0.000217,7.002819,0.000000,0.000000,0.000000,0.000000,0.000022,0.000000
25,-0.000248,0.031510,-0.000059,-0.001931,0.248211,-0.000462,-0.000016,0.005186,-0.000029,-0.000129,0.040864,-0.000226,7.002817,0.000000,0.000000,0.000000,0.000000,0.000024,0.000000
26,-0.000277,0.032711,-0.000061,-0.002157,0.255963,-0.000480,-0.000014,0.005392,-0.000032,-0.000119,0.042129,-0.000240,7.002815,0.000000,0.000000,0.000000,0.000000,0.000028,0.000000
27,-0.000307,0.033905,-0.000064,-0.002378,0.263528,-0.000497,-0.000017,0.005589,-0.000030,-0.000123,0.043408,-0.000242,7.002812,0.000000,0.000000,0.000000,0.000000,0.000031,0.000001
28,-0.000339,0.035080,-0.000066,-0.002610,0.270877,-0.000512,-0.000014,0.005788,-0.000030,-0.000123,0.044644,-0.000232,7.002810,0.000000,0.000000,0.000000,0.000000,0.000034,0.000001
29,-0.000375,0.036252,-0.000069,-0.002856,0.278029,-0.000530,-0.000014,0.005991,-0.000030,-0.000109,0.045881,-0.000232,7.002807,0.000000,0.000000,0.000000,0.000000,0.000037,0.000001
30,-0.000403,0.037408,-0.000072,-0.003086,0.285001,-0.000548,-0.000014,0.006190,-0.000037,-0.000105,0.047102,-0.000259,7.002803,0.000000,0.000000,0.000000,0.000000,0.000040,0.000001
31,-0.000428,0.038542,-0.000073,-0.003271,0.291725,-0.000559,-0.000011,0.006391,-0.000036,-0.000094,0.048299,-0.000282,7.002799,0.000000,0.000000,0.000000,0.000000,0.000042,0.000001
32,-0.000474,0.039662,-0.000075,-0.003520,0.298215,-0.000566,-0.000011,0.006586,-0.000039,-0.000085,0.049462,-0.000286,7.002796,0.000000,0.000000,0.000000,0.000000,0.000044,0.000001
33,-0.000524,0.040762,-0.000076,-0.003861,0.304485,-0.000573,-0.000012,0.006783,-0.000038,-0.000087,0.050593,-0.000290,7.002791,0.000000,0.000000,0.000000,0.000000,0.000046,0.000001
34,-0.000589,0.041849,-0.000078,-0.004274,0.310540,-0.000582,-0.000012,0.006989,-0.000036,-0.000090,0.051751,-0.000279,7.002786,0.000000,0.000000,0.000000,0.000000,0.000049,0.000001
35,-0.000642,0.042935,-0.000081,-0.004693,0.316452,-0.000595,-0.000013,0.007190,-0.000042,-0.000095,0.052908,-0.000294,7.002781,0.000000,0.000000,0.000000,0.000000,0.000052,0.000001
36,-0.000703,0.044020,-0.000083,-0.005090,0.322278,-0.000609,-0.000013,0.007390,-0.000032,-0.000096,0.054025,-0.000276,7.002776,0.000000,0.000000,0.000000,0.000000,0.000055,0.000001
37,-0.000767,0.045105,-0.000086,-0.005523,0.328022,-0.000624,-0.000013,0.007592,-0.000034,-0.000094,0.055130,-0.000244,7.002770,0.000000,0.000000,0.000000,0.000000,0.000059,0.000001
38,-0.000832,0.046173,-0.000088,-0.005964,0.333623,-0.000635,-0.000018,0.007800,-0.000032,-0.000111,0.056250,-0.000241,7.002763,0.000000,0.000000,0.000000,0.000000,0.000062,0.000001
39,-0.000903,0.047230,-0.000089,-0.006425,0.339044,-0.000641,-0.000015,0.007995,-0.000026,-0.000119,0.057333,-0.000208,7.002757,0.000000,0.000000,0.000000,0.000000,0.000065,0.000002
40,-0.000960,0.048264,-0.000090,-0.006850,0.344267,-0.000646,-0.000021,0.008198,-0.000017,-0.000132,0.058382,-0.000151,7.002750,0.000000,0.000000,0.000000,0.000000,0.000067,0.000002
41,-0.001002,0.049292,-0.000092,-0.007161,0.349312,-0.000652,-0.000024,0.008396,-0.000019,-0.000163,0.059426,-0.000125,7.002743,0.000000,0.000000,0.000000,0.000000,0.000070,0.000002
42,-0.001060,0.050305,-0.000092,-0.007475,0.354213,-0.000655,-0.000026,0.008591,-0.000018,-0.000177,0.060428,-0.000127,7.002736,0.000000,0.000000,0.000000,0.000000,0.000072,0.000002
43,-0.001120,0.051310,-0.000093,-0.007851,0.358969,-0.000655,-0.000029,0.008792,-0.000021,-0.000193,0.061426,-0.000133,7.002729,0.000000,0.000000,0.000000,0.000000,0.000075,0.000002
44,-0.001178,0.052296,-0.000093,-0.008218,0.363565,-0.000654,-0.000024,0.008991,-0.000022,-0.000187,0.062428,-0.000146,7.002720,0.000000,0.000000,0.000000,0.000000,0.000077,0.000002
45,-0.001234,0.053273,-0.000093,-0.008569,0.368002,-0.000650,-0.000021,0.009187,-0.000022,-0.000157,0.063397,-0.000147,7.002712,0.000000,0.000000,0.000000,0.000000,0.000079,0.000002
46,-0.001288,0.054241,-0.000093,-0.008902,0.372316,-0.000645,-0.000017,0.009381,-0.000020,-0.000129,0.064337,-0.000141,7.002704,0.000000,0.000000,0.000000,0.000000,0.000080,0.000002
47,-0.001352,0.055191,-0.000093,-0.009256,0.376479,-0.000642,-0.000017,0.009583,-0.000026,-0.000114,0.065286,-0.000154,7.002694,0.000000,0.000000,0.000000,0.000000,0.000082,0.000003
48,-0.001414,0.056137,-0.000093,-0.009636,0.380514,-0.000638,-0.000023,0.009787,-0.000023,-0.000135,0.066255,-0.000162,7.002685,0.000000,0.000000,0.000000,0.000000,0.000084,0.000003
49,-0.001477,0.057073,-0.000094,-0.010007,0.384446,-0.000636,-0.000022,0.009988,-0.000025,-0.000154,0.067212,-0.000159,7.002674,0.000000,0.000000,0.000000,0.000000,0.000086,0.000003
50,-0.001539,0.057995,-0.000094,-0.010373,0.388246,-0.000635,-0.000019,0.010188,-0.000027,-0.000138,0.068142,-0.000174,7.002664,0.000000,0.000000,0.000000,0.000000,0.000088,0.000003
51,-0.001606,0.058903,-0.000094,-0.010748,0.391903,-0.000630,-0.000012,0.010392,-0.000032,-0.000100,0.069073,-0.000196,7.002653,0.000000,0.000000,0.000000,0.000000,0.000090,0.000003
52,-0.001668,0.059803,-0.000094,-0.011117,0.395435,-0.000625,-0.000009,0.010588,-0.000029,-0.000065,0.069976,-0.000199,7.002642,0.000000,0.000000,0.000000,0.000000,0.000092,0.000003
53,-0.001727,0.060690,-0.000094,-0.011456,0.398856,-0.000622,-0.000005,0.010785,-0.000026,-0.000041,0.070842,-0.000176,7.002631,0.000000,0.000000,0.000000,0.000000,0.000094,0.000004
54,-0.001781,0.061569,-0.000095,-0.011766,0.402165,-0.000619,-0.000004,0.010990,-0.000021,-0.000024,0.071733,-0.000148,7.002619,0.000000,0.000000,0.000000,0.000000,0.000097,0.000004
55,-0.001837,0.062444,-0.000095,-0.012062,0.405390,-0.000615,-0.000005,0.011189,-0.000025,-0.000025,0.072619,-0.000144,7.002607,0.000000,0.000000,0.000000,0.000000,0.000098,0.000004
56,-0.001893,0.063311,-0.000094,-0.012359,0.408535,-0.000609,-0.000010,0.011389,-0.000021,-0.000047,0.073474,-0.000145,7.002594,0.000000,0.000000,0.000000,0.000000,0.000099,0.000004
57,-0.001945,0.064174,-0.000093,-0.012640,0.411603,-0.000600,-0.000009,0.011592,-0.000022,-0.000059,0.074337,-0.000134,7.002581,0.000000,0.000000,0.000000,0.000000,0.000101,0.000004
58,-0.002006,0.065037,-0.000092,-0.012931,0.414621,-0.000591,-0.000003,0.011789,-0.000010,-0.000035,0.075180,-0.000094,7.002568,0.000000,0.000000,0.000000,0.000000,0.000102,0.000005
59,-0.002071,0.065889,-0.000092,-0.013262,0.417565,-0.000582,-0.000001,0.011986,-0.000014,-0.000009,0.075989,-0.000069,7.002555,0.000000,0.000000,0.000000,0.000000,0.000104,0.000005
60,-0.002142,0.066722,-0.000092,-0.013627,0.420379,-0.000576,0.000001,0.012188,-0.000012,0.000006,0.076805,-0.000078,7.002541,0.000000,0.000000,0.000000,0.000000,0.000106,0.000005
61,-0.002212,0.067549,-0.000091,-0.014001,0.423077,-0.000570,0.000006,0.012387,-0.000017,0.000030,0.077618,-0.000087,7.002526,0.000000,0.000000,0.000000,0.000000,0.000107,0.000005
62,-0.002281,0.068369,-0.000091,-0.014365,0.425701,-0.000563,0.000000,0.012584,-0.000012,0.000027,0.078408,-0.000084,7.002512,0.000000,0.000000,0.000000,0.000000,0.000108,0.000006
63,-0.002354,0.069186,-0.000090,-0.014736,0.428261,-0.000554,-0.000000,0.012779,-0.000013,0.000007,0.079175,-0.000068,7.002497,0.000000,0.000000,0.000000,0.000000,0.000109,0.000006
64,-0.002426,0.069989,-0.000089,-0.015110,0.430737,-0.000544,-0.000001,0.012977,-0.000011,0.000003,0.079939,-0.000065,7.002482,0.000000,0.000000,0.000000,0.000000,0.000109,0.000006
65,-0.002497,0.070784,-0.000088,-0.015473,0.433115,-0.000536,-0.000001,0.013174,-0.000008,0.000000,0.080697,-0.000051,7.002466,0.000000,0.000000,0.000000,0.000000,0.000110,0.000006
66,-0.002559,0.071570,-0.000087,-0.015802,0.435410,-0.000526,0.000002,0.013377,-0.000004,0.000008,0.081461,-0.000027,7.002450,0.000000,0.000000,0.000000,0.000000,0.000110,0.000007
67,-0.002622,0.072350,-0.000086,-0.016101,0.437634,-0.000515,-0.000003,0.013571,-0.000002,0.000002,0.082210,-0.000005,7.002434,0.000000,0.000000,0.000000,0.000000,0.000110,0.000007
68,-0.002685,0.073123,-0.000084,-0.016397,0.439790,-0.000505,-0.000001,0.013773,0.000012,-0.000007,0.082949,0.000045,7.002417,0.000000,0.000000,0.000000,0.000000,0.000110,0.000007
69,-0.002753,0.073891,-0.000083,-0.016706,0.441883,-0.000494,0.000001,0.013978,0.000016,0.000004,0.083712,0.000099,7.002399,0.000000,0.000000,0.000000,0.000000,0.000110,0.000008
70,-0.002821,0.074655,-0.000082,-0.017032,0.443927,-0.000484,0.000003,0.014177,0.000018,0.000017,0.084459,0.000117,7.002381,0.000000,0.000000,0.000000,0.000000,0.000111,0.000008
71,-0.002895,0.075413,-0.000081,-0.017373,0.445918,-0.000475,-0.000001,0.014378,0.000016,0.000011,0.085186,0.000118,7.002363,0.000000,0.000000,0.000000,0.000000,0.000110,0.000008
72,-0.002972,0.076163,-0.000081,-0.017735,0.447840,-0.000466,-0.000001,0.014586,0.000010,-0.000002,0.085928,0.000093,7.002344,0.000000,0.000000,0.000000,0.000000,0.000111,0.000008
73,-0.003048,0.076902,-0.000080,-0.018098,0.449683,-0.000460,0.000001,0.014780,0.000007,0.000006,0.086644,0.000063,7.002326,0.000000,0.000000,0.000000,0.000000,0.000112,0.000009
74,-0.003128,0.077636,-0.000080,-0.018471,0.451459,-0.000454,0.000005,0.014980,0.000002,0.000027,0.087330,0.000039,7.002307,0.000000,0.000000,0.000000,0.000000,0.000113,0.000009
75,-0.003204,0.078368,-0.000079,-0.018840,0.453192,-0.000449,0.000001,0.015182,-0.000003,0.000024,0.088030,0.000010,7.002287,0.000000,0.000000,0.000000,0.000000,0.000114,0.000009
76,-0.003283,0.079093,-0.000080,-0.019200,0.454877,-0.000447,0.000001,0.015382,-0.000005,0.000012,0.088723,-0.000014,7.002267,0.000000,0.000000,0.000000,0.000000,0.000116,0.000010
77,-0.003364,0.079810,-0.000081,-0.019572,0.456502,-0.000448,0.000008,0.015585,-0.000012,0.000035,0.089410,-0.000043,7.002246,0.000000,0.000000,0.000000,0.000000,0.000119,0.000010
78,-0.003442,0.080523,-0.000081,-0.019937,0.458073,-0.000450,0.000008,0.015783,-0.000010,0.000054,0.090084,-0.000056,7.002226,0.000000,0.000000,0.000000,0.000000,0.000122,0.000011
79,-0.003517,0.081226,-0.000082,-0.020278,0.459586,-0.000453,0.000005,0.015981,-0.000008,0.000045,0.090737,-0.000043,7.002205,0.000000,0.000000,0.000000,0.000000,0.000125,0.000011
80,-0.003596,0.081920,-0.000083,-0.020619,0.461026,-0.000455,0.000009,0.016178,-0.000009,0.000048,0.091382,-0.000041,7.002184,0.000000,0.000000,0.000000,0.000000,0.000129,0.000011
81,-0.003672,0.082606,-0.000084,-0.020961,0.462400,-0.000457,0.000006,0.016376,-0.000003,0.000049,0.092019,-0.000026,7.002162,0.000000,0.000000,0.000000,0.000000,0.000132,0.000012
82,-0.003744,0.083282,-0.000085,-0.021278,0.463705,-0.000460,0.000007,0.016572,-0.000002,0.000043,0.092648,-0.000004,7.002141,0.000000,0.000000,0.000000,0.000000,0.000135,0.000012
83,-0.003813,0.083949,-0.000086,-0.021571,0.464941,-0.000464,0.000017,0.016776,-0.000009,0.000075,0.093288,-0.000021,7.002118,0.000000,0.000000,0.000000,0.000000,0.000140,0.000013
84,-0.003883,0.084610,-0.000087,-0.021855,0.466119,-0.000466,0.000013,0.016980,-0.000010,0.000093,0.093944,-0.000045,7.002094,0.000000,0.000000,0.000000,0.000000,0.000143,0.000013
85,-0.003949,0.085266,-0.000087,-0.022127,0.467253,-0.000465,0.000016,0.017182,-0.000013,0.000090,0.094588,-0.000056,7.002070,0.000000,0.000000,0.000000,0.000000,0.000146,0.000014
86,-0.004016,0.085916,-0.000087,-0.022391,0.468342,-0.000462,0.000019,0.017369,-0.000016,0.000106,0.095176,-0.000074,7.002048,0.000000,0.000000,0.000000,0.000000,0.000149,0.000014
87,-0.004081,0.086560,-0.000087,-0.022644,0.469385,-0.000459,0.000019,0.017566,-0.000008,0.000114,0.095741,-0.000061,7.002024,0.000000,0.000000,0.000000,0.000000,0.000150,0.000014
88,-0.004146,0.087200,-0.000086,-0.022890,0.470388,-0.000455,0.000012,0.017765,-0.000006,0.000093,0.096336,-0.000030,7.002000,0.000000,0.000000,0.000000,0.000000,0.000151,0.000015
89,-0.004212,0.087834,-0.000086,-0.023138,0.471356,-0.000451,0.000018,0.017960,-0.000001,0.000092,0.096922,-0.000009,7.001976,0.000000,0.000000,0.000000,0.000000,0.000153,0.000015
90,-0.004280,0.088461,-0.000085,-0.023393,0.472276,-0.000446,0.000017,0.018158,-0.000001,0.000106,0.097498,0.000005,7.001951,0.000000,0.000000,0.000000,0.000000,0.000154,0.000016
91,-0.004351,0.089082,-0.000085,-0.023659,0.473146,-0.000439,0.000016,0.018355,-0.000002,0.000100,0.098072,0.000004,7.001926,0.000000,0.000000,0.000000,0.000000,0.000154,0.000016
92,-0.004422,0.089696,-0.000084,-0.023929,0.473970,-0.000434,0.000014,0.018554,0.000001,0.000091,0.098646,0.000009,7.001900,0.000000,0.000000,0.000000,0.000000,0.000155,0.000017
93,-0.004492,0.090309,-0.000083,-0.024195,0.474767,-0.000426,0.000022,0.018749,0.000010,0.000106,0.099207,0.000041,7.001874,0.000000,0.000000,0.000000,0.000000,0.000156,0.000017
94,-0.004558,0.090919,-0.000081,-0.024444,0.475543,-0.000415,0.000015,0.018948,0.000012,0.000107,0.099763,0.000071,7.001847,0.000000,0.000000,0.000000,0.000000,0.000153,0.000018
95,-0.004622,0.091524,-0.000079,-0.024673,0.476289,-0.000402,0.000017,0.019148,0.000009,0.000093,0.100328,0.000070,7.001820,0.000000,0.000000,0.000000,0.000000,0.000151,0.000018
96,-0.004686,0.092122,-0.000077,-0.024897,0.476995,-0.000389,0.000018,0.019345,0.000013,0.000099,0.100884,0.000073,7.001793,0.000000,0.000000,0.000000,0.000000,0.000149,0.000019
97,-0.004753,0.092719,-0.000076,-0.025126,0.477671,-0.000377,0.000019,0.019540,0.000017,0.000106,0.101421,0.000094,7.001766,0.000000,0.000000,0.000000,0.000000,0.000147,0.000019
98,-0.004817,0.093311,-0.000074,-0.025353,0.478324,-0.000365,0.000022,0.019743,0.000020,0.000119,0.101969,0.000114,7.001738,0.000000,0.000000,0.000000,0.000000,0.000145,0.000020
99,-0.004880,0.093897,-0.000072,-0.025567,0.478941,-0.000354,0.000019,0.019941,0.000021,0.000118,0.102517,0.000125,7.001709,0.000000,0.000000,0.000000,0.000000,0.000143,0.000020
100,-0.004943,0.094479,-0.000070,-0.025773,0.479524,-0.000342,0.000021,0.020140,0.000021,0.000113,0.103050,0.000126,7.001681,0.000000,0.000000,0.000000,0.000000,0.000140,0.000021
101,-0.005009,0.095052,-0.000069,-0.025987,0.480063,-0.000330,0.000025,0.020340,0.000022,0.000130,0.103584,0.000127,7.001651,0.000000,0.000000,0.000000,0.000000,0.000138,0.000022
102,-0.005077,0.095622,-0.000066,-0.026214,0.480565,-0.000316,0.000024,0.020536,0.000030,0.000137,0.104107,0.000152,7.001622,0.000000,0.000000,0.000000,0.000000,0.000135,0.000022
103,-0.005140,0.096184,-0.000064,-0.026429,0.481033,-0.000301,0.000026,0.020741,0.000035,0.000138,0.104639,0.000186,7.001591,0.000000,0.000000,0.000000,0.000000,0.000131,0.000023
104,-0.005202,0.096740,-0.000062,-0.026626,0.481458,-0.000287,0.000029,0.020944,0.000032,0.000151,0.105182,0.000190,7.001560,0.000000,0.000000,0.000000,0.000000,0.000128,0.000023
105,-0.005262,0.097291,-0.000060,-0.026816,0.481851,-0.000274,0.000030,0.021141,0.000033,0.000162,0.105700,0.000185,7.001530,0.000000,0.000000,0.000000,0.000000,0.000124,0.000024
106,-0.005322,0.097838,-0.000058,-0.026998,0.482216,-0.000262,0.000031,0.021341,0.000041,0.000168,0.106205,0.000210,7.001499,0.000000,0.000000,0.000000,0.000000,0.000121,0.000024
107,-0.005380,0.098381,-0.000056,-0.027171,0.482552,-0.000250,0.000029,0.021536,0.000045,0.000165,0.106700,0.000240,7.001468,0.000000,0.000000,0.000000,0.000000,0.000117,0.000025
108,-0.005434,0.098918,-0.000054,-0.027324,0.482860,-0.000239,0.000035,0.021739,0.000048,0.000173,0.107199,0.000257,7.001436,0.000000,0.000000,0.000000,0.000000,0.000115,0.000026
109,-0.005485,0.099451,-0.000052,-0.027461,0.483138,-0.000227,0.000036,0.021935,0.000048,0.000191,0.107698,0.000263,7.001404,0.000000,0.000000,0.000000,0.000000,0.000112,0.000026
110,-0.005537,0.099979,-0.000049,-0.027590,0.483389,-0.000212,0.000034,0.022139,0.000047,0.000187,0.108194,0.000259,7.001370,0.000000,0.000000,0.000000,0.000000,0.000106,0.000027
111,-0.005588,0.100504,-0.000046,-0.027718,0.483618,-0.000196,0.000031,0.022338,0.000048,0.000171,0.108693,0.000258,7.001337,0.000000,0.000000,0.000000,0.000000,0.000099,0.000028
112,-0.005643,0.101024,-0.000043,-0.027854,0.483822,-0.000179,0.000027,0.022535,0.000048,0.000152,0.109169,0.000258,7.001304,0.000000,0.000000,0.000000,0.000000,0.000091,0.000028
113,-0.005698,0.101540,-0.000040,-0.027998,0.483999,-0.000162,0.000025,0.022732,0.000046,0.000137,0.109636,0.000253,7.001271,0.000000,0.000000,0.000000,0.000000,0.000084,0.000029
114,-0.005755,0.102051,-0.000037,-0.028146,0.484152,-0.000145,0.000026,0.022925,0.000040,0.000132,0.110088,0.000232,7.001238,0.000000,0.000000,0.000000,0.000000,0.000077,0.000030
115,-0.005810,0.102560,-0.000034,-0.028292,0.484287,-0.000127,0.000021,0.023125,0.000041,0.000121,0.110542,0.000218,7.001203,0.000000,0.000000,0.000000,0.000000,0.000068,0.000030
116,-0.005867,0.103068,-0.000030,-0.028436,0.484412,-0.000108,0.000025,0.023326,0.000039,0.000117,0.111017,0.000213,7.001168,0.000000,0.000000,0.000000,0.000000,0.000060,0.000031
117,-0.005925,0.103572,-0.000027,-0.028588,0.484521,-0.000089,0.000024,0.023525,0.000038,0.000123,0.111484,0.000204,7.001133,0.000000,0.000000,0.000000,0.000000,0.000051,0.000032
118,-0.005980,0.104073,-0.000023,-0.028736,0.484611,-0.000070,0.000022,0.023727,0.000033,0.000115,0.111949,0.000187,7.001097,0.000000,0.000000,0.000000,0.000000,0.000041,0.000032
119,-0.006038,0.104570,-0.000019,-0.028881,0.484684,-0.000050,0.000023,0.023933,0.000035,0.000113,0.112429,0.000177,7.001060,0.000000,0.000000,0.000000,0.000000,0.000032,0.000033
120,-0.006095,0.105064,-0.000015,-0.029027,0.484737,-0.000028,0.000025,0.024137,0.000032,0.000121,0.112910,0.000175,7.001023,0.000000,0.000000,0.000000,0.000000,0.000021,0.000034
121,-0.006151,0.105555,-0.000011,-0.029170,0.484774,-0.000006,0.000024,0.024337,0.000031,0.000123,0.113370,0.000163,7.000986,0.000000,0.000000,0.000000,0.000000,0.000009,0.000034
122,-0.006211,0.106043,-0.000006,-0.029321,0.484795,0.000016,0.000022,0.024536,0.000032,0.000116,0.113815,0.000162,7.000949,0.000000,0.000000,0.000000,0.000000,-0.000003,0.000035
123,-0.006271,0.106527,-0.000002,-0.029479,0.484797,0.000038,0.000029,0.024737,0.000040,0.000126,0.114259,0.000185,7.000912,0.000000,0.000000,0.000000,0.000000,-0.000013,0.000036
124,-0.006329,0.107006,0.000002,-0.029629,0.484777,0.000059,0.000025,0.024939,0.000044,0.000132,0.114704,0.000214,7.000874,0.000000,0.000000,0.000000,0.000000,-0.000027,0.000037
125,-0.006387,0.107482,0.000006,-0.029775,0.484738,0.000081,0.000032,0.025135,0.000042,0.000140,0.115133,0.000217,7.000836,0.000000,0.000000,0.000000,0.000000,-0.000037,0.000037
126,-0.006446,0.107956,0.000010,-0.029922,0.484687,0.000101,0.000028,0.025328,0.000040,0.000148,0.115539,0.000206,7.000799,0.000000,0.000000,0.000000,0.000000,-0.000050,0.000038
127,-0.006504,0.108428,0.000014,-0.030066,0.484624,0.000121,0.000024,0.025529,0.000040,0.000127,0.115954,0.000200,7.000759,0.000000,0.000000,0.000000,0.000000,-0.000063,0.000039
128,-0.006559,0.108894,0.000018,-0.030198,0.484541,0.000139,0.000030,0.025732,0.000038,0.000132,0.116389,0.000195,7.000720,0.000000,0.000000,0.000000,0.000000,-0.000073,0.000040
129,-0.006611,0.109358,0.000022,-0.030314,0.484441,0.000159,0.000027,0.025934,0.000032,0.000138,0.116824,0.000174,7.000680,0.000000,0.000000,0.000000,0.000000,-0.000087,0.000040
130,-0.006659,0.109819,0.000026,-0.030414,0.484326,0.000179,0.000032,0.026137,0.000030,0.000141,0.117255,0.000154,7.000639,0.000000,0.000000,0.000000,0.000000,-0.000098,0.000041
131,-0.006708,0.110275,0.000031,-0.030506,0.484192,0.000199,0.000025,0.026342,0.000029,0.000137,0.117691,0.000145,7.000597,0.000000,0.000000,0.000000,0.000000,-0.000114,0.000042
132,-0.006757,0.110729,0.000035,-0.030596,0.484042,0.000219,0.000029,0.026536,0.000026,0.000128,0.118100,0.000132,7.000558,0.000000,0.000000,0.000000,0.000000,-0.000126,0.000043
133,-0.006805,0.111178,0.000039,-0.030687,0.483877,0.000239,0.000027,0.026736,0.000022,0.000130,0.118493,0.000116,7.000517,0.000000,0.000000,0.000000,0.000000,-0.000141,0.000044
134,-0.006859,0.111625,0.000044,-0.030788,0.483696,0.000260,0.000027,0.026934,0.000022,0.000126,0.118893,0.000107,7.000475,0.000000,0.000000,0.000000,0.000000,-0.000155,0.000045
135,-0.006912,0.112069,0.000048,-0.030900,0.483501,0.000281,0.000026,0.027135,0.000025,0.000123,0.119293,0.000114,7.000432,0.000000,0.000000,0.000000,0.000000,-0.000172,0.000045
136,-0.006967,0.112511,0.000052,-0.031016,0.483296,0.000302,0.000021,0.027331,0.000031,0.000107,0.119686,0.000134,7.000390,0.000000,0.000000,0.000000,0.000000,-0.000188,0.000046
137,-0.007023,0.112948,0.000057,-0.031136,0.483076,0.000322,0.000021,0.027525,0.000036,0.000096,0.120058,0.000160,7.000349,0.000000,0.000000,0.000000,0.000000,-0.000204,0.000047
138,-0.007076,0.113381,0.000061,-0.031249,0.482838,0.000343,0.000024,0.027733,0.000035,0.000103,0.120455,0.000169,7.000304,0.000000,0.000000,0.000000,0.000000,-0.000219,0.000048
139,-0.007129,0.113810,0.000066,-0.031357,0.482581,0.000365,0.000032,0.027938,0.000036,0.000130,0.120875,0.000168,7.000260,0.000000,0.000000,0.000000,0.000000,-0.000233,0.000049
140,-0.007182,0.114235,0.000071,-0.031464,0.482305,0.000387,0.000036,0.028140,0.000042,0.000159,0.121280,0.000185,7.000215,0.000000,0.000000,0.000000,0.000000,-0.000249,0.000050
141,-0.007235,0.114657,0.000076,-0.031569,0.482014,0.000409,0.000031,0.028342,0.000048,0.000154,0.121674,0.000213,7.000171,0.000000,0.000000,0.000000,0.000000,-0.000269,0.000051
142,-0.007287,0.115076,0.000081,-0.031670,0.481711,0.000431,0.000022,0.028537,0.000041,0.000120,0.122047,0.000209,7.000127,0.000000,0.000000,0.000000,0.000000,-0.000290,0.000052
143,-0.007338,0.115494,0.000086,-0.031765,0.481400,0.000453,0.000023,0.028738,0.000046,0.000101,0.122416,0.000204,7.000082,0.000000,0.000000,0.000000,0.000000,-0.000309,0.000052
144,-0.007389,0.115908,0.000091,-0.031857,0.481080,0.000476,0.000024,0.028944,0.000039,0.000105,0.122810,0.000199,7.000036,0.000000,0.000000,0.000000,0.000000,-0.000327,0.000053
145,-0.007439,0.116318,0.000097,-0.031948,0.480741,0.000499,0.000016,0.029142,0.000043,0.000087,0.123190,0.000192,6.999990,0.000000,0.000000,0.000000,0.000000,-0.000351,0.000054
146,-0.007492,0.116722,0.000103,-0.032042,0.480382,0.000524,0.000016,0.029332,0.000044,0.000067,0.123531,0.000202,6.999946,0.000000,0.000000,0.000000,0.000000,-0.000372,0.000055
147,-0.007544,0.117124,0.000108,-0.032138,0.480009,0.000549,0.000009,0.029534,0.000047,0.000050,0.123879,0.000209,6.999899,0.000000,0.000000,0.000000,0.000000,-0.000397,0.000056
148,-0.007595,0.117525,0.000114,-0.032233,0.479628,0.000574,0.000007,0.029731,0.000043,0.000027,0.124239,0.000206,6.999853,0.000000,0.000000,0.000000,0.000000,-0.000420,0.000057
149,-0.007646,0.117922,0.000120,-0.032323,0.479238,0.000599,0.000006,0.029934,0.000039,0.000019,0.124600,0.000187,6.999803,0.000000,0.000000,0.000000,0.000000,-0.000445,0.000058
150,-0.007698,0.118318,0.000126,-0.032413,0.478840,0.000625,0.000006,0.030130,0.000036,0.000018,0.124958,0.000168,6.999756,0.000000,0.000000,0.000000,0.000000,-0.000469,0.000059
151,-0.007749,0.118712,0.000132,-0.032504,0.478437,0.000652,0.000004,0.030327,0.000034,0.000014,0.125298,0.000155,6.999708,0.000000,0.000000,0.000000,0.000000,-0.000495,0.000060
152,-0.007801,0.119103,0.000139,-0.032593,0.478026,0.000678,0.000002,0.030534,0.000035,0.000004,0.125662,0.000152,6.999658,0.000000,0.000000,0.000000,0.000000,-0.000521,0.000061
153,-0.007851,0.119492,0.000145,-0.032680,0.477605,0.000704,-0.000001,0.030738,0.000034,-0.000009,0.126038,0.000152,6.999609,0.000000,0.000000,0.000000,0.000000,-0.000548,0.000062
154,-0.007902,0.119877,0.000151,-0.032764,0.477173,0.000729,-0.000002,0.030940,0.000039,-0.000019,0.126401,0.000161,6.999559,0.000000,0.000000,0.000000,0.000000,-0.000574,0.000063
155,-0.007948,0.120259,0.000157,-0.032838,0.476730,0.000754,-0.000004,0.031138,0.000039,-0.000025,0.126748,0.000171,6.999511,0.000000,0.000000,0.000000,0.000000,-0.000599,0.000064
156,-0.007996,0.120639,0.000163,-0.032904,0.476277,0.000779,-0.000012,0.031333,0.000045,-0.000048,0.127075,0.000185,6.999462,0.000000,0.000000,0.000000,0.000000,-0.000629,0.000065
157,-0.008044,0.121016,0.000169,-0.032975,0.475815,0.000803,-0.000005,0.031534,0.000048,-0.000050,0.127406,0.000205,6.999412,0.000000,0.000000,0.000000,0.000000,-0.000652,0.000066
158,-0.008091,0.121390,0.000175,-0.033041,0.475342,0.000828,-0.000004,0.031744,0.000051,-0.000030,0.127770,0.000218,6.999359,0.000000,0.000000,0.000000,0.000000,-0.000678,0.000067
159,-0.008136,0.121760,0.000181,-0.033102,0.474858,0.000851,-0.000004,0.031943,0.000045,-0.000027,0.128126,0.000211,6.999308,0.000000,0.000000,0.000000,0.000000,-0.000704,0.000068
160,-0.008180,0.122130,0.000186,-0.033154,0.474367,0.000873,-0.000003,0.032140,0.000042,-0.000027,0.128449,0.000189,6.999258,0.000000,0.000000,0.000000,0.000000,-0.000730,0.000069
161,-0.008223,0.122499,0.000191,-0.033202,0.473876,0.000894,-0.000004,0.032337,0.000050,-0.000028,0.128766,0.000199,6.999207,0.000000,0.000000,0.000000,0.000000,-0.000755,0.000070
162,-0.008264,0.122866,0.000197,-0.033243,0.473382,0.000915,-0.000000,0.032537,0.000056,-0.000020,0.129088,0.000230,6.999155,0.000000,0.000000,0.000000,0.000000,-0.000778,0.000071
163,-0.008304,0.123231,0.000202,-0.033277,0.472882,0.000935,0.000000,0.032732,0.000061,-0.000010,0.129405,0.000254,6.999103,0.000000,0.000000,0.000000,0.000000,-0.000803,0.000072
164,-0.008347,0.123595,0.000207,-0.033313,0.472379,0.000955,0.000002,0.032931,0.000059,-0.000006,0.129715,0.000260,6.999051,0.000000,0.000000,0.000000,0.000000,-0.000828,0.000073
165,-0.008387,0.123956,0.000212,-0.033349,0.471871,0.000975,-0.000001,0.033125,0.000063,-0.000010,0.130021,0.000263,6.998998,0.000000,0.000000,0.000000,0.000000,-0.000855,0.000074
166,-0.008428,0.124316,0.000218,-0.033382,0.471357,0.000994,0.000006,0.033318,0.000064,0.000001,0.130313,0.000273,6.998943,0.000000,0.000000,0.000000,0.000000,-0.000880,0.000076
167,-0.008468,0.124674,0.000223,-0.033414,0.470839,0.001014,0.000004,0.033520,0.000062,0.000013,0.130618,0.000270,6.998885,0.000000,0.000000,0.000000,0.000000,-0.000911,0.000077
168,-0.008512,0.125029,0.000228,-0.033452,0.470313,0.001034,0.000001,0.033720,0.000059,0.000002,0.130939,0.000258,6.998829,0.000000,0.000000,0.000000,0.000000,-0.000940,0.000078
169,-0.008554,0.125382,0.000234,-0.033495,0.469780,0.001054,0.000001,0.033919,0.000057,-0.000005,0.131251,0.000247,6.998774,0.000000,0.000000,0.000000,0.000000,-0.000968,0.000079
170,-0.008598,0.125733,0.000239,-0.033538,0.469240,0.001073,-0.000003,0.034118,0.000060,-0.000015,0.131558,0.000248,6.998719,0.000000,0.000000,0.000000,0.000000,-0.000998,0.000081
171,-0.008641,0.126081,0.000245,-0.033583,0.468695,0.001093,-0.000000,0.034315,0.000061,-0.000017,0.131859,0.000255,6.998664,0.000000,0.000000,0.000000,0.000000,-0.001024,0.000082
172,-0.008684,0.126426,0.000250,-0.033625,0.468140,0.001113,0.000002,0.034508,0.000064,-0.000007,0.132143,0.000263,6.998610,0.000000,0.000000,0.000000,0.000000,-0.001051,0.000083
173,-0.008726,0.126768,0.000255,-0.033665,0.467573,0.001132,-0.000001,0.034709,0.000061,-0.000008,0.132434,0.000263,6.998554,0.000000,0.000000,0.000000,0.000000,-0.001081,0.000084
174,-0.008768,0.127108,0.000261,-0.033703,0.467000,0.001152,-0.000008,0.034903,0.000062,-0.000030,0.132726,0.000257,6.998499,0.000000,0.000000,0.000000,0.000000,-0.001113,0.000085
175,-0.008812,0.127446,0.000267,-0.033744,0.466420,0.001172,-0.000007,0.035100,0.000066,-0.000044,0.133006,0.000266,6.998443,0.000000,0.000000,0.000000,0.000000,-0.001142,0.000086
176,-0.008854,0.127780,0.000272,-0.033785,0.465831,0.001191,-0.000011,0.035298,0.000063,-0.000051,0.133296,0.000267,6.998384,0.000000,0.000000,0.000000,0.000000,-0.001176,0.000088
177,-0.008895,0.128112,0.000278,-0.033821,0.465235,0.001210,-0.000012,0.035497,0.000061,-0.000061,0.133588,0.000256,6.998327,0.000000,0.000000,0.000000,0.000000,-0.001206,0.000089
178,-0.008935,0.128441,0.000283,-0.033849,0.464628,0.001230,-0.000014,0.035701,0.000059,-0.000067,0.133890,0.000244,6.998268,0.000000,0.000000,0.000000,0.000000,-0.001237,0.000090
179,-0.008973,0.128766,0.000289,-0.033871,0.464011,0.001249,-0.000011,0.035898,0.000061,-0.000066,0.134185,0.000243,6.998210,0.000000,0.000000,0.000000,0.000000,-0.001267,0.000091
180,-0.009012,0.129089,0.000294,-0.033893,0.463386,0.001268,-0.000004,0.036089,0.000060,-0.000044,0.134450,0.000244,6.998146,0.000000,0.000000,0.000000,0.000000,-0.001301,0.000093
181,-0.009054,0.129411,0.000299,-0.033921,0.462757,0.001286,-0.000003,0.036290,0.000061,-0.000026,0.134721,0.000242,6.998087,0.000000,