0,0,0,0
0.01,0,0,15.2
0.02,0,0,15.154
0.03,0,0,15.105
0.04,0,0,15.054
0.05,0,0,15.001
0.06,0,0,14.946
0.07,0,0,14.889
0.08,0,0,14.83
0.09,0,0,14.769
0.1,0,0,14.705
0.11,0,0,14.64
0.12,0,0,14.573
0.13,0,0,14.504
0.14,0,0,14.433
0.15,0,0,14.361
0.16,0,0,14.287
0.17,0,0,14.211
0.18,0,0,14.133
0.19,0,0,14.054
0.2,0,0,13.973
0.21,0,0,13.891
0.22,0,0,13.808
0.23,0,0,13.723
0.24,0,0,13.636
0.25,0,0,13.548
0.26,0,0,13.459
0.27,0,0,13.369
0.28,0,0,13.278
0.29,0,0,13.185
0.3,0,0,13.091
0.31,0,0,12.996
0.32,0,0,12.9
0.33,0,0,12.803
0.34,0,0,12.705
0.35,0,0,12.605
0.36,0,0,12.505
0.37,0,0,12.404
0.38,0,0,12.303
0.39,0,0,12.2
0.4,0,0,12.096
0.41,0,0,11.992
0.42,0,0,11.887
0.43,0,0,11.782
0.44,0,0,11.675
0.45,0,0,11.568
0.46,0,0,11.461
0.47,0,0,11.353
0.48,0,0,11.244
0.49,0,0,11.135
0.5,0,0,11.025
0.51,0,0,10.915
0.52,0,0,10.805
0.53,0,0,10.694
0.54,0,0,10.583
0.55,0,0,10.471
0.56,0,0,10.359
0.57,0,0,10.247
0.58,0,0,10.134
0.59,0,0,10.022
0.6,0,0,9.9088
0.61,0,0,9.7957
0.62,0,0,9.6825
0.63,0,0,9.5692
0.64,0,0,9.4558
0.65,0,0,9.3422
0.66,0,0,9.2287
0.67,0,0,9.1151
0.68,0,0,9.0015
0.69,0,0,8.8879
0.7,0,0,8.7744
0.71,0,0,8.6609
0.72,0,0,8.5475
0.73,0,0,8.4342
0.74,0,0,8.321
0.75,0,0,8.208
0.76,0,0,8.0952
0.77,0,0,7.9825
0.78,0,0,7.8701
0.79,0,0,7.7578
0.8,0,0,7.6458
0.81,0,0,7.5341
0.82,0,0,7.4227
0.83,0,0,7.3115
0.84,0,0,7.2007
0.85,0,0,7.0902
0.86,0,0,6.98
0.87,0,0,6.8703
0.88,0,0,6.7609
0.89,0,0,6.6519
0.9,0,0,6.5433
0.91,0,0,6.4351
0.92,0,0,6.3274
0.93,0,0,6.2201
0.94,0,0,6.1134
0.95,0,0,6.0071
0.96,0,0,5.9013
0.97,0,0,5.796
0.98,0,0,5.6912
0.99,0,0,5.587
1,0,0,5.4833
1.01,0,0,5.3802
1.02,0,0,5.2777
1.03,0,0,5.1757
1.04,0,0,5.0744
1.05,0,0,4.9736
1.06,0,0,4.8735
1.07,0,0,4.774
1.08,0,0,4.6751
1.09,0,0,4.5769
1.1,0,0,4.4793
1.11,0,0,4.3824
1.12,0,0,4.2862
1.13,0,0,4.1906
1.14,0,0,4.0958
1.15,0,0,4.0016
1.16,0,0,3.9082
1.17,0,0,3.8155
1.18,0,0,3.7234
1.19,0,0,3.6322
1.2,0,0,3.5416
1.21,0,0,3.4518
1.22,0,0,3.3627
1.23,0,0,3.2744
1.24,0,0,3.1869
1.25,0,0,3.1001
1.26,0,0,3.014
1.27,0,0,2.9288
1.28,0,0,2.8443
1.29,0,0,2.7606
1.3,0,0,2.6777
1.31,0,0,2.5956
1.32,0,0,2.5143
1.33,0,0,2.4338
1.34,0,0,2.3541
1.35,0,0,2.2752
1.36,0,0,2.1971
1.37,0,0,2.1198
1.38,0,0,2.0433
1.39,0,0,1.9676
1.4,0,0,1.8928
1.41,0,0,1.8187
1.42,0,0,1.7455
1.43,0,0,1.6732
1.44,0,0,1.6016
1.45,0,0,1.5309
1.46,0,0,1.4609
1.47,0,0,1.3919
1.48,0,0,1.3236
1.49,0,0,1.2562
1.5,0,0,1.1896
1.51,0,0,1.1238
1.52,0,0,1.0588
1.53,0,0,0.99471
1.54,0,0,0.93142
1.55,0,0,0.86895
1.56,0,0,0.80731
1.57,0,0,0.74649
1.58,0,0,0.6865
1.59,0,0,0.62733
1.6,0,0,0.56898
1.61,0,0,0.51145
1.62,0,0,0.45473
1.63,0,0,0.39884
1.64,0,0,0.34376
1.65,0,0,0.28949
1.66,0,0,0.23603
1.67,0,0,0.18338
1.68,0,0,0.13154
1.69,0,0,0.080499
1.7,0,0,0.030259
1.71,0,0,-0.019184
1.72,0,0,-0.067831
1.73,0,0,-0.11569
1.74,0,0,-0.16275
1.75,0,0,-0.20903
1.76,0,0,-0.25453
1.77,0,0,-0.29925
1.78,0,0,-0.3432
1.79,0,0,-0.38637
1.8,0,0,-0.42877
1.81,0,0,-0.47042
1.82,0,0,-0.5113
1.83,0,0,-0.55142
1.84,0,0,-0.59079
1.85,0,0,-0.62941
1.86,0,0,-0.66729
1.87,0,0,-0.70443
1.88,0,0,-0.74084
1.89,0,0,-0.77651
1.9,0,0,-0.81146
1.91,0,0,-0.84569
1.92,0,0,-0.8792
1.93,0,0,-0.912
1.94,0,0,-0.94409
1.95,0,0,-0.97548
1.96,0,0,-1.0062
1.97,0,0,-1.0362
1.98,0,0,-1.0655
1.99,0,0,-1.0941
2,0,0,-1.1221
2.01,0,0,-1.1493
2.02,0,0,-1.176
2.03,0,0,-1.2019
2.04,0,0,-1.2272
2.05,0,0,-1.2519
2.06,0,0,-1.2759
2.07,0,0,-1.2992
2.08,0,0,-1.322
2.09,0,0,-1.3441
2.1,0,0,-1.3655
2.11,0,0,-1.3864
2.12,0,0,-1.4066
2.13,0,0,-1.4263
2.14,0,0,-1.4453
2.15,0,0,-1.4638
2.16,0,0,-1.4817
2.17,0,0,-1.4989
2.18,0,0,-1.5156
2.19,0,0,-1.5318
2.2,0,0,-1.5474
2.21,0,0,-1.5624
2.22,0,0,-1.5768
2.23,0,0,-1.5907
2.24,0,0,-1.6041
2.25,0,0,-1.617
2.26,0,0,-1.6293
2.27,0,0,-1.641
2.28,0,0,-1.6523
2.29,0,0,-1.6631
2.3,0,0,-1.6733
2.31,0,0,-1.6831
2.32,0,0,-1.6924
2.33,0,0,-1.7011
2.34,0,0,-1.7094
2.35,0,0,-1.7172
2.36,0,0,-1.7246
2.37,0,0,-1.7315
2.38,0,0,-1.7379
2.39,0,0,-1.7439
2.4,0,0,-1.7494
2.41,0,0,-1.7545
2.42,0,0,-1.7592
2.43,0,0,-1.7634
2.44,0,0,-1.7673
2.45,0,0,-1.7707
2.46,0,0,-1.7737
2.47,0,0,-1.7763
2.48,0,0,-1.7785
2.49,0,0,-1.7803
2.5,0,0,-1.7817
2.51,0,0,-1.7827
2.52,0,0,-1.7834
2.53,0,0,-1.7837
2.54,0,0,-1.7836
2.55,0,0,-1.7832
2.56,0,0,-1.7825
2.57,0,0,-1.7813
2.58,0,0,-1.7799
2.59,0,0,-1.7781
2.6,0,0,-1.776
2.61,0,0,-1.7736
2.62,0,0,-1.7708
2.63,0,0,-1.7678
2.64,0,0,-1.7644
2.65,0,0,-1.7608
2.66,0,0,-1.7568
2.67,0,0,-1.7526
2.68,0,0,-1.748
2.69,0,0,-1.7432
2.7,0,0,-1.7382
2.71,0,0,-1.7328
2.72,0,0,-1.7272
2.73,0,0,-1.7214
2.74,0,0,-1.7153
2.75,0,0,-1.7089
2.76,0,0,-1.7023
2.77,0,0,-1.6955
2.78,0,0,-1.6884
2.79,0,0,-1.6812
2.8,0,0,-1.6737
2.81,0,0,-1.6659
2.82,0,0,-1.658
2.83,0,0,-1.6499
2.84,0,0,-1.6415
2.85,0,0,-1.633
2.86,0,0,-1.6243
2.87,0,0,-1.6154
2.88,0,0,-1.6063
2.89,0,0,-1.5971
2.9,0,0,-1.5876
2.91,0,0,-1.578
2.92,0,0,-1.5683
2.93,0,0,-1.5584
2.94,0,0,-1.5483
2.95,0,0,-1.5381
2.96,0,0,-1.5277
2.97,0,0,-1.5172
2.98,0,0,-1.5066
2.99,0,0,-1.4958
3,0,0,-1.4849
3.01,0,0,-1.4739
3.02,0,0,-1.4628
3.03,0,0,-1.4515
3.04,0,0,-1.4402
3.05,0,0,-1.4287
3.06,0,0,-1.4171
3.07,0,0,-1.4055
3.08,0,0,-1.3937
3.09,0,0,-1.3818
3.1,0,0,-1.3699
3.11,0,0,-1.3579
3.12,0,0,-1.3458
3.13,0,0,-1.3336
3.14,0,0,-1.3214
3.15,0,0,-1.309
3.16,0,0,-1.2967
3.17,0,0,-1.2842
3.18,0,0,-1.2717
3.19,0,0,-1.2592
3.2,0,0,-1.2465
3.21,0,0,-1.2339
3.22,0,0,-1.2212
3.23,0,0,-1.2085
3.24,0,0,-1.1957
3.25,0,0,-1.1829
3.26,0,0,-1.17
3.27,0,0,-1.1572
3.28,0,0,-1.1443
3.29,0,0,-1.1313
3.3,0,0,-1.1184
3.31,0,0,-1.1054
3.32,0,0,-1.0925
3.33,0,0,-1.0795
3.34,0,0,-1.0665
3.35,0,0,-1.0535
3.36,0,0,-1.0405
3.37,0,0,-1.0275
3.38,0,0,-1.0145
3.39,0,0,-1.0015
3.4,0,0,-0.98855
3.41,0,0,-0.97558
3.42,0,0,-0.96262
3.43,0,0,-0.94967
3.44,0,0,-0.93675
3.45,0,0,-0.92384
3.46,0,0,-0.91095
3.47,0,0,-0.89809
3.48,0,0,-0.88525
3.49,0,0,-0.87244
3.5,0,0,-0.85967
3.51,0,0,-0.84692
3.52,0,0,-0.83421
3.53,0,0,-0.82154
3.54,0,0,-0.8089
3.55,0,0,-0.79631
3.56,0,0,-0.78375
3.57,0,0,-0.77124
3.58,0,0,-0.75878
3.59,0,0,-0.74637
3.6,0,0,-0.734
3.61,0,0,-0.72169
3.62,0,0,-0.70942
3.63,0,0,-0.69722
3.64,0,0,-0.68506
3.65,0,0,-0.67297
3.66,0,0,-0.66093
3.67,0,0,-0.64896
3.68,0,0,-0.63705
3.69,0,0,-0.6252
3.7,0,0,-0.61341
3.71,0,0,-0.60169
3.72,0,0,-0.59004
3.73,0,0,-0.57845
3.74,0,0,-0.56694
3.75,0,0,-0.5555
3.76,0,0,-0.54412
3.77,0,0,-0.53283
3.78,0,0,-0.5216
3.79,0,0,-0.51045
3.8,0,0,-0.49938
3.81,0,0,-0.48838
3.82,0,0,-0.47747
3.83,0,0,-0.46663
3.84,0,0,-0.45587
3.85,0,0,-0.44519
3.86,0,0,-0.4346
3.87,0,0,-0.42409
3.88,0,0,-0.41366
3.89,0,0,-0.40331
3.9,0,0,-0.39305
3.91,0,0,-0.38288
3.92,0,0,-0.37279
3.93,0,0,-0.36279
3.94,0,0,-0.35287
3.95,0,0,-0.34305
3.96,0,0,-0.33331
3.97,0,0,-0.32366
3.98,0,0,-0.3141
3.99,0,0,-0.30463
4,0,0,-0.29526
4.01,0,0,-0.28597
4.02,0,0,-0.27677
4.03,0,0,-0.26767
4.04,0,0,-0.25866
4.05,0,0,-0.24974
4.06,0,0,-0.24091
4.07,0,0,-0.23218
4.08,0,0,-0.22354
4.09,0,0,-0.21499
4.1,0,0,-0.20654
4.11,0,0,-0.19818
4.12,0,0,-0.18992
4.13,0,0,-0.18175
4.14,0,0,-0.17367
4.15,0,0,-0.16569
4.16,0,0,-0.1578
4.17,0,0,-0.15001
4.18,0,0,-0.14231
4.19,0,0,-0.13471
4.2,0,0,-0.1272
4.21,0,0,-0.11979
4.22,0,0,-0.11247
4.23,0,0,-0.10524
4.24,0,0,-0.098112
4.25,0,0,-0.091077
4.26,0,0,-0.084136
4.27,0,0,-0.077289
4.28,0,0,-0.070536
4.29,0,0,-0.063878
4.3,0,0,-0.057313
4.31,0,0,-0.050841
4.32,0,0,-0.044463
4.33,0,0,-0.038178
4.34,0,0,-0.031986
4.35,0,0,-0.025887
4.36,0,0,-0.01988
4.37,0,0,-0.013965
4.38,0,0,-0.008142
4.39,0,0,-0.0024106
4.4,0,0,0.0032296
4.41,0,0,0.0087788
4.42,0,0,0.014238
4.43,0,0,0.019606
4.44,0,0,0.024885
4.45,0,0,0.030074
4.46,0,0,0.035174
4.47,0,0,0.040186
4.48,0,0,0.04511
4.49,0,0,0.049945
4.5,0,0,0.054693
4.51,0,0,0.059355
4.52,0,0,0.06393
4.53,0,0,0.068418
4.54,0,0,0.072822
4.55,0,0,0.07714
4.56,0,0,0.081374
4.57,0,0,0.085524
4.58,0,0,0.08959
4.59,0,0,0.093574
4.6,0,0,0.097475
4.61,0,0,0.10129
4.62,0,0,0.10503
4.63,0,0,0.10869
4.64,0,0,0.11226
4.65,0,0,0.11576
4.66,0,0,0.11918
4.67,0,0,0.12252
4.68,0,0,0.12578
4.69,0,0,0.12896
4.7,0,0,0.13207
4.71,0,0,0.1351
4.72,0,0,0.13806
4.73,0,0,0.14094
4.74,0,0,0.14375
4.75,0,0,0.14648
4.76,0,0,0.14914
4.77,0,0,0.15173
4.78,0,0,0.15424
4.79,0,0,0.15669
4.8,0,0,0.15906
4.81,0,0,0.16136
4.82,0,0,0.1636
4.83,0,0,0.16577
4.84,0,0,0.16786
4.85,0,0,0.1699
4.86,0,0,0.17186
4.87,0,0,0.17376
4.88,0,0,0.17559
4.89,0,0,0.17736
4.9,0,0,0.17907
4.91,0,0,0.18071
4.92,0,0,0.18229
4.93,0,0,0.18381
4.94,0,0,0.18527
4.95,0,0,0.18667
4.96,0,0,0.18801
4.97,0,0,0.18928
4.98,0,0,0.1905
4.99,0,0,0.19167
5,0,0,0.19277
5.01,0,0,0.19382
5.02,0,0,0.19482
5.03,0,0,0.19575
5.04,0,0,0.19664
5.05,0,0,0.19747
5.06,0,0,0.19825
5.07,0,0,0.19898
5.08,0,0,0.19965
5.09,0,0,0.20028
5.1,0,0,0.20085
5.11,0,0,0.20137
5.12,0,0,0.20185
5.13,0,0,0.20228
5.14,0,0,0.20266
5.15,0,0,0.20299
5.16,0,0,0.20328
5.17,0,0,0.20353
5.18,0,0,0.20372
5.19,0,0,0.20388
5.2,0,0,0.20399
5.21,0,0,0.20406
5.22,0,0,0.20409
5.23,0,0,0.20407
5.24,0,0,0.20402
5.25,0,0,0.20392
5.26,0,0,0.20379
5.27,0,0,0.20361
5.28,0,0,0.2034
5.29,0,0,0.20316
5.3,0,0,0.20287
5.31,0,0,0.20255
5.32,0,0,0.20219
5.33,0,0,0.2018
5.34,0,0,0.20138
5.35,0,0,0.20092
5.36,0,0,0.20043
5.37,0,0,0.19991
5.38,0,0,0.19935
5.39,0,0,0.19876
5.4,0,0,0.19815
5.41,0,0,0.1975
5.42,0,0,0.19683
5.43,0,0,0.19612
5.44,0,0,0.19539
5.45,0,0,0.19463
5.46,0,0,0.19384
5.47,0,0,0.19303
5.48,0,0,0.19219
5.49,0,0,0.19133
5.5,0,0,0.19044
5.51,0,0,0.18953
5.52,0,0,0.1886
5.53,0,0,0.18764
5.54,0,0,0.18666
5.55,0,0,0.18566
5.56,0,0,0.18464
5.57,0,0,0.1836
5.58,0,0,0.18253
5.59,0,0,0.18145
5.6,0,0,0.18035
5.61,0,0,0.17923
5.62,0,0,0.17809
5.63,0,0,0.17694
5.64,0,0,0.17576
5.65,0,0,0.17458
5.66,0,0,0.17337
5.67,0,0,0.17215
5.68,0,0,0.17092
5.69,0,0,0.16967
5.7,0,0,0.1684
5.71,0,0,0.16713
5.72,0,0,0.16584
5.73,0,0,0.16454
5.74,0,0,0.16322
5.75,0,0,0.1619
5.76,0,0,0.16056
5.77,0,0,0.15921
5.78,0,0,0.15785
5.79,0,0,0.15649
5.8,0,0,0.15511
5.81,0,0,0.15372
5.82,0,0,0.15233
5.83,0,0,0.15092
5.84,0,0,0.14951
5.85,0,0,0.1481
5.86,0,0,0.14667
5.87,0,0,0.14524
5.88,0,0,0.1438
5.89,0,0,0.14236
5.9,0,0,0.14091
5.91,0,0,0.13946
5.92,0,0,0.138
5.93,0,0,0.13653
5.94,0,0,0.13507
5.95,0,0,0.1336
5.96,0,0,0.13213
5.97,0,0,0.13065
5.98,0,0,0.12917
5.99,0,0,0.12769
6,0,0,0.12621
6.01,0,0,0.12472
6.02,0,0,0.12324
6.03,0,0,0.12175
6.04,0,0,0.12026
6.05,0,0,0.11878
6.06,0,0,0.11729
6.07,0,0,0.1158
6.08,0,0,0.11432
6.09,0,0,0.11283
6.1,0,0,0.11135
6.11,0,0,0.10987
6.12,0,0,0.10838
6.13,0,0,0.10691
6.14,0,0,0.10543
6.15,0,0,0.10396
6.16,0,0,0.10248
6.17,0,0,0.10102
6.18,0,0,0.099551
6.19,0,0,0.09809
6.2,0,0,0.096633
6.21,0,0,0.095179
6.22,0,0,0.09373
6.23,0,0,0.092285
6.24,0,0,0.090845
6.25,0,0,0.089409
6.26,0,0,0.087979
6.27,0,0,0.086554
6.28,0,0,0.085135
6.29,0,0,0.083721
6.3,0,0,0.082313
6.31,0,0,0.080911
6.32,0,0,0.079516
6.33,0,0,0.078126
6.34,0,0,0.076744
6.35,0,0,0.075368
6.36,0,0,0.073999
6.37,0,0,0.072637
6.38,0,0,0.071283
6.39,0,0,0.069936
6.4,0,0,0.068596
6.41,0,0,0.067265
6.42,0,0,0.065941
6.43,0,0,0.064625
6.44,0,0,0.063317
6.45,0,0,0.062017
6.46,0,0,0.060726
6.47,0,0,0.059443
6.48,0,0,0.058169
6.49,0,0,0.056904
6.5,0,0,0.055648
6.51,0,0,0.0544
6.52,0,0,0.053162
6.53,0,0,0.051933
6.54,0,0,0.050713
6.55,0,0,0.049502
6.56,0,0,0.048301
6.57,0,0,0.04711
6.58,0,0,0.045928
6.59,0,0,0.044756
6.6,0,0,0.043594
6.61,0,0,0.042441
6.62,0,0,0.041299
6.63,0,0,0.040166
6.64,0,0,0.039044
6.65,0,0,0.037931
6.66,0,0,0.036829
6.67,0,0,0.035738
6.68,0,0,0.034656
6.69,0,0,0.033585
6.7,0,0,0.032525
6.71,0,0,0.031474
6.72,0,0,0.030435
6.73,0,0,0.029406
6.74,0,0,0.028387
6.75,0,0,0.027379
6.76,0,0,0.026382
6.77,0,0,0.025395
6.78,0,0,0.024419
6.79,0,0,0.023454
6.8,0,0,0.0225
6.81,0,0,0.021556
6.82,0,0,0.020623
6.83,0,0,0.019701
6.84,0,0,0.01879
6.85,0,0,0.01789
6.86,0,0,0.017
6.87,0,0,0.016121
6.88,0,0,0.015253
6.89,0,0,0.014396
6.9,0,0,0.01355
6.91,0,0,0.012715
6.92,0,0,0.01189
6.93,0,0,0.011076
6.94,0,0,0.010273
6.95,0,0,0.009481
6.96,0,0,0.0086996
6.97,0,0,0.007929
6.98,0,0,0.0071691
6.99,0,0,0.0064199
7,0,0,0.0056815
7.01,0,0,0.0049537
7.02,0,0,0.0042366
7.03,0,0,0.0035301
7.04,0,0,0.0028342
7.05,0,0,0.0021488
7.06,0,0,0.001474
7.07,0,0,0.0008097
7.08,0,0,0.00015587
7.09,0,0,-0.00048754
7.1,0,0,-0.0011206
7.11,0,0,-0.0017432
7.12,0,0,-0.0023556
7.13,0,0,-0.0029576
7.14,0,0,-0.0035495
7.15,0,0,-0.0041312
7.16,0,0,-0.0047027
7.17,0,0,-0.0052642
7.18,0,0,-0.0058156
7.19,0,0,-0.006357
7.2,0,0,-0.0068885
7.21,0,0,-0.0074102
7.22,0,0,-0.0079219
7.23,0,0,-0.008424
7.24,0,0,-0.0089163
7.25,0,0,-0.0093989
7.26,0,0,-0.009872
7.27,0,0,-0.010335
7.28,0,0,-0.010789
7.29,0,0,-0.011234
7.3,0,0,-0.011669
7.31,0,0,-0.012095
7.32,0,0,-0.012512
7.33,0,0,-0.012919
7.34,0,0,-0.013318
7.35,0,0,-0.013707
7.36,0,0,-0.014088
7.37,0,0,-0.014459
7.38,0,0,-0.014822
7.39,0,0,-0.015176
7.4,0,0,-0.015521
7.41,0,0,-0.015858
7.42,0,0,-0.016186
7.43,0,0,-0.016505
7.44,0,0,-0.016816
7.45,0,0,-0.017119
7.46,0,0,-0.017414
7.47,0,0,-0.0177
7.48,0,0,-0.017978
7.49,0,0,-0.018248
7.5,0,0,-0.01851
7.51,0,0,-0.018765
7.52,0,0,-0.019011
7.53,0,0,-0.01925
7.54,0,0,-0.019481
7.55,0,0,-0.019704
7.56,0,0,-0.01992
7.57,0,0,-0.020129
7.58,0,0,-0.02033
7.59,0,0,-0.020524
7.6,0,0,-0.02071
7.61,0,0,-0.02089
7.62,0,0,-0.021062
7.63,0,0,-0.021228
7.64,0,0,-0.021387
7.65,0,0,-0.021538
7.66,0,0,-0.021683
7.67,0,0,-0.021822
7.68,0,0,-0.021954
7.69,0,0,-0.022079
7.7,0,0,-0.022198
7.71,0,0,-0.02231
7.72,0,0,-0.022417
7.73,0,0,-0.022517
7.74,0,0,-0.022611
7.75,0,0,-0.022699
7.76,0,0,-0.022781
7.77,0,0,-0.022857
7.78,0,0,-0.022927
7.79,0,0,-0.022992
7.8,0,0,-0.023051
7.81,0,0,-0.023104
7.82,0,0,-0.023152
7.83,0,0,-0.023195
7.84,0,0,-0.023232
7.85,0,0,-0.023264
7.86,0,0,-0.023291
7.87,0,0,-0.023313
7.88,0,0,-0.02333
7.89,0,0,-0.023342
7.9,0,0,-0.023349
7.91,0,0,-0.023351
7.92,0,0,-0.023348
7.93,0,0,-0.023341
7.94,0,0,-0.023329
7.95,0,0,-0.023313
7.96,0,0,-0.023293
7.97,0,0,-0.023268
7.98,0,0,-0.023239
7.99,0,0,-0.023205
8,0,0,-0.023168
8.01,0,0,-0.023126
8.02,0,0,-0.023081
8.03,0,0,-0.023032
8.04,0,0,-0.022978
8.05,0,0,-0.022922
8.06,0,0,-0.022861
8.07,0,0,-0.022797
8.08,0,0,-0.022729
8.09,0,0,-0.022658
8.1,0,0,-0.022583
8.11,0,0,-0.022505
8.12,0,0,-0.022424
8.13,0,0,-0.02234
8.14,0,0,-0.022253
8.15,0,0,-0.022162
8.16,0,0,-0.022069
8.17,0,0,-0.021972
8.18,0,0,-0.021873
8.19,0,0,-0.021771
8.2,0,0,-0.021666
8.21,0,0,-0.021559
8.22,0,0,-0.021449
8.23,0,0,-0.021336
8.24,0,0,-0.021221
8.25,0,0,-0.021104
8.26,0,0,-0.020984
8.27,0,0,-0.020862
8.28,0,0,-0.020738
8.29,0,0,-0.020611
8.3,0,0,-0.020483
8.31,0,0,-0.020352
8.32,0,0,-0.02022
8.33,0,0,-0.020085
8.34,0,0,-0.019949
8.35,0,0,-0.019811
8.36,0,0,-0.019671
8.37,0,0,-0.019529
8.38,0,0,-0.019386
8.39,0,0,-0.019241
8.4,0,0,-0.019095
8.41,0,0,-0.018947
8.42,0,0,-0.018798
8.43,0,0,-0.018647
8.44,0,0,-0.018495
8.45,0,0,-0.018342
8.46,0,0,-0.018188
8.47,0,0,-0.018032
8.48,0,0,-0.017875
8.49,0,0,-0.017718
8.5,0,0,-0.017559
8.51,0,0,-0.017399
8.52,0,0,-0.017238
8.53,0,0,-0.017077
8.54,0,0,-0.016914
8.55,0,0,-0.016751
8.56,0,0,-0.016587
8.57,0,0,-0.016423
8.58,0,0,-0.016258
8.59,0,0,-0.016092
8.6,0,0,-0.015925
8.61,0,0,-0.015758
8.62,0,0,-0.015591
8.63,0,0,-0.015423
8.64,0,0,-0.015255
8.65,0,0,-0.015086
8.66,0,0,-0.014917
8.67,0,0,-0.014748
8.68,0,0,-0.014578
8.69,0,0,-0.014409
8.7,0,0,-0.014239
8.71,0,0,-0.014069
8.72,0,0,-0.013899
8.73,0,0,-0.013729
8.74,0,0,-0.013559
8.75,0,0,-0.013388
8.76,0,0,-0.013218
8.77,0,0,-0.013048
8.78,0,0,-0.012878
8.79,0,0,-0.012709
8.8,0,0,-0.012539
8.81,0,0,-0.01237
8.82,0,0,-0.012201
8.83,0,0,-0.012032
8.84,0,0,-0.011863
8.85,0,0,-0.011695
8.86,0,0,-0.011527
8.87,0,0,-0.011359
8.88,0,0,-0.011192
8.89,0,0,-0.011026
8.9,0,0,-0.010859
8.91,0,0,-0.010694
8.92,0,0,-0.010528
8.93,0,0,-0.010364
8.94,0,0,-0.0102
8.95,0,0,-0.010036
8.96,0,0,-0.0098732
8.97,0,0,-0.0097109
8.98,0,0,-0.0095492
8.99,0,0,-0.0093883
9,0,0,-0.009228
9.01,0,0,-0.0090685
9.02,0,0,-0.0089097
9.03,0,0,-0.0087516
9.04,0,0,-0.0085943
9.05,0,0,-0.0084379
9.06,0,0,-0.0082822
9.07,0,0,-0.0081274
9.08,0,0,-0.0079734
9.09,0,0,-0.0078203
9.1,0,0,-0.0076681
9.11,0,0,-0.0075168
9.12,0,0,-0.0073664
9.13,0,0,-0.0072169
9.14,0,0,-0.0070684
9.15,0,0,-0.0069209
9.16,0,0,-0.0067743
9.17,0,0,-0.0066287
9.18,0,0,-0.0064841
9.19,0,0,-0.0063406
9.2,0,0,-0.006198
9.21,0,0,-0.0060565
9.22,0,0,-0.0059161
9.23,0,0,-0.0057767
9.24,0,0,-0.0056384
9.25,0,0,-0.0055012
9.26,0,0,-0.0053651
9.27,0,0,-0.0052301
9.28,0,0,-0.0050962
9.29,0,0,-0.0049634
9.3,0,0,-0.0048317
9.31,0,0,-0.0047012
9.32,0,0,-0.0045719
9.33,0,0,-0.0044436
9.34,0,0,-0.0043166
9.35,0,0,-0.0041907
9.36,0,0,-0.004066
9.37,0,0,-0.0039425
9.38,0,0,-0.0038202
9.39,0,0,-0.0036991
9.4,0,0,-0.0035791
9.41,0,0,-0.0034604
9.42,0,0,-0.0033429
9.43,0,0,-0.0032265
9.44,0,0,-0.0031114
9.45,0,0,-0.0029976
9.46,0,0,-0.0028849
9.47,0,0,-0.0027735
9.48,0,0,-0.0026633
9.49,0,0,-0.0025543
9.5,0,0,-0.0024466
9.51,0,0,-0.0023401
9.52,0,0,-0.0022348
9.53,0,0,-0.0021308
9.54,0,0,-0.002028
9.55,0,0,-0.0019264
9.56,0,0,-0.0018261
9.57,0,0,-0.001727
9.58,0,0,-0.0016292
9.59,0,0,-0.0015326
9.6,0,0,-0.0014372
9.61,0,0,-0.0013431
9.62,0,0,-0.0012502
9.63,0,0,-0.0011586
9.64,0,0,-0.0010682
9.65,0,0,-0.00097901
9.66,0,0,-0.00089106
9.67,0,0,-0.00080434
9.68,0,0,-0.00071885
9.69,0,0,-0.00063459
9.7,0,0,-0.00055154
9.71,0,0,-0.00046971
9.72,0,0,-0.0003891
9.73,0,0,-0.0003097
9.74,0,0,-0.00023151
9.75,0,0,-0.00015452
9.76,0,0,-7.8739e-05
9.77,0,0,-4.1507e-06
9.78,0,0,6.9245e-05
9.79,0,0,0.00014145
9.8,0,0,0.00021248
9.81,0,0,0.00028232
9.82,0,0,0.00035099
9.83,0,0,0.0004185
9.84,0,0,0.00048484
9.85,0,0,0.00055002
9.86,0,0,0.00061404
9.87,0,0,0.00067692
9.88,0,0,0.00073866
9.89,0,0,0.00079927
9.9,0,0,0.00085874
9.91,0,0,0.00091709
9.92,0,0,0.00097432
9.93,0,0,0.0010304
9.94,0,0,0.0010855
9.95,0,0,0.0011394
9.96,0,0,0.0011922
9.97,0,0,0.001244
9.98,0,0,0.0012946
9.99,0,0,0.0013442
10,0,0,0.0013928
10.01,0,0,-10.81
10.02,0,0,-10.799
10.03,0,0,-10.788
10.04,0,0,-10.777
10.05,0,0,-10.766
10.06,0,0,-10.756
10.07,0,0,-10.745
10.08,0,0,-10.734
10.09,0,0,-10.723
10.1,0,0,-10.713
10.11,0,0,-10.702
10.12,0,0,-10.691
10.13,0,0,-10.681
10.14,0,0,-10.67
10.15,0,0,-10.659
10.16,0,0,-10.649
10.17,0,0,-10.638
10.18,0,0,-10.627
10.19,0,0,-10.617
10.2,0,0,-10.606
10.21,0,0,-10.595
10.22,0,0,-10.585
10.23,0,0,-10.574
10.24,0,0,-10.564
10.25,0,0,-10.553
10.26,0,0,-10.543
10.27,0,0,-10.532
10.28,0,0,-10.522
10.29,0,0,-10.511
10.3,0,0,-10.501
10.31,0,0,-10.49
10.32,0,0,-10.48
10.33,0,0,-10.469
10.34,0,0,-10.459
10.35,0,0,-10.448
10.36,0,0,-10.438
10.37,0,0,-10.427
10.38,0,0,-10.417
10.39,0,0,-10.406
10.4,0,0,-10.396
10.41,0,0,-10.386
10.42,0,0,-10.375
10.43,0,0,-10.365
10.44,0,0,-10.354
10.45,0,0,-10.344
10.46,0,0,-10.334
10.47,0,0,-10.323
10.48,0,0,-10.313
10.49,0,0,-10.303
10.5,0,0,-10.292
10.51,0,0,-10.282
10.52,0,0,-10.272
10.53,0,0,-10.262
10.54,0,0,-10.251
10.55,0,0,-10.241
10.56,0,0,-10.231
10.57,0,0,-10.221
10.58,0,0,-10.21
10.59,0,0,-10.2
10.6,0,0,-10.19
10.61,0,0,-10.18
10.62,0,0,-10.17
10.63,0,0,-10.159
10.64,0,0,-10.149
10.65,0,0,-10.139
10.66,0,0,-10.129
10.67,0,0,-10.119
10.68,0,0,-10.109
10.69,0,0,-10.099
10.7,0,0,-10.089
10.71,0,0,-10.078
10.72,0,0,-10.068
10.73,0,0,-10.058
10.74,0,0,-10.048
10.75,0,0,-10.038
10.76,0,0,-10.028
10.77,0,0,-10.018
10.78,0,0,-10.008
10.79,0,0,-9.9982
10.8,0,0,-9.9882
10.81,0,0,-9.9782
10.82,0,0,-9.9682
10.83,0,0,-9.9582
10.84,0,0,-9.9483
10.85,0,0,-9.9383
10.86,0,0,-9.9284
10.87,0,0,-9.9184
10.88,0,0,-9.9085
10.89,0,0,-9.8986
10.9,0,0,-9.8475
10.91,0,0,-9.7037
10.92,0,0,-9.5603
10.93,0,0,-9.4172
10.94,0,0,-9.2746
10.95,0,0,-9.1324
10.96,0,0,-8.9906
10.97,0,0,-8.8493
10.98,0,0,-8.7085
10.99,0,0,-8.5683
11,0,0,-8.4285
11.01,0,0,-8.2893
11.02,0,0,-8.1506
11.03,0,0,-8.0126
11.04,0,0,-7.8752
11.05,0,0,-7.7383
11.06,0,0,-7.6022
11.07,0,0,-7.4666
11.08,0,0,-7.3318
11.09,0,0,-7.1976
11.1,0,0,-7.0642
11.11,0,0,-6.9315
11.12,0,0,-6.7995
11.13,0,0,-6.6682
11.14,0,0,-6.5378
11.15,0,0,-6.4081
11.16,0,0,-6.2792
11.17,0,0,-6.1511
11.18,0,0,-6.0238
11.19,0,0,-5.8974
11.2,0,0,-5.7718
11.21,0,0,-5.6471
11.22,0,0,-5.5232
11.23,0,0,-5.4002
11.24,0,0,-5.2781
11.25,0,0,-5.1569
11.26,0,0,-5.0366
11.27,0,0,-4.9172
11.28,0,0,-4.7987
11.29,0,0,-4.6812
11.3,0,0,-4.5646
11.31,0,0,-4.449
11.32,0,0,-4.3343
11.33,0,0,-4.2206
11.34,0,0,-4.1079
11.35,0,0,-3.9962
11.36,0,0,-3.8854
11.37,0,0,-3.7757
11.38,0,0,-3.6669
11.39,0,0,-3.5591
11.4,0,0,-3.4524
11.41,0,0,-3.3467
11.42,0,0,-3.242
11.43,0,0,-3.1383
11.44,0,0,-3.0357
11.45,0,0,-2.9341
11.46,0,0,-2.8335
11.47,0,0,-2.734
11.48,0,0,-2.6355
11.49,0,0,-2.5381
11.5,0,0,-2.4417
11.51,0,0,-2.3464
11.52,0,0,-2.2521
11.53,0,0,-2.1589
11.54,0,0,-2.0667
11.55,0,0,-1.9757
11.56,0,0,-1.8856
11.57,0,0,-1.7967
11.58,0,0,-1.7088
11.59,0,0,-1.6219
11.6,0,0,-1.5362
11.61,0,0,-1.4515
11.62,0,0,-1.3678
11.63,0,0,-1.2852
11.64,0,0,-1.2037
11.65,0,0,-1.1233
11.66,0,0,-1.0439
11.67,0,0,-0.96556
11.68,0,0,-0.8883
11.69,0,0,-0.81209
11.7,0,0,-0.73694
11.71,0,0,-0.66285
11.72,0,0,-0.58981
11.73,0,0,-0.51782
11.74,0,0,-0.44688
11.75,0,0,-0.37698
11.76,0,0,-0.30813
11.77,0,0,-0.24031
11.78,0,0,-0.17354
11.79,0,0,-0.10779
11.8,0,0,-0.043081
11.81,0,0,0.020604
11.82,0,0,0.083267
11.83,0,0,0.14491
11.84,0,0,0.20554
11.85,0,0,0.26516
11.86,0,0,0.32376
11.87,0,0,0.38137
11.88,0,0,0.43798
11.89,0,0,0.4936
11.9,0,0,0.54823
11.91,0,0,0.60187
11.92,0,0,0.65453
11.93,0,0,0.70623
11.94,0,0,0.75695
11.95,0,0,0.80671
11.96,0,0,0.85551
11.97,0,0,0.90336
11.98,0,0,0.95027
11.99,0,0,0.99623
12,0,0,1.0413
12.01,0,0,1.0854
12.02,0,0,1.1285
12.03,0,0,1.1708
12.04,0,0,1.2122
12.05,0,0,1.2526
12.06,0,0,1.2921
12.07,0,0,1.3308
12.08,0,0,1.3686
12.09,0,0,1.4055
12.1,0,0,1.4415
12.11,0,0,1.4767
12.12,0,0,1.511
12.13,0,0,1.5444
12.14,0,0,1.577
12.15,0,0,1.6088
12.16,0,0,1.6397
12.17,0,0,1.6698
12.18,0,0,1.6991
12.19,0,0,1.7276
12.2,0,0,1.7553
12.21,0,0,1.7822
12.22,0,0,1.8083
12.23,0,0,1.8337
12.24,0,0,1.8582
12.25,0,0,1.882
12.26,0,0,1.905
12.27,0,0,1.9273
12.28,0,0,1.9489
12.29,0,0,1.9697
12.3,0,0,1.9898
12.31,0,0,2.0091
12.32,0,0,2.0278
12.33,0,0,2.0457
12.34,0,0,2.063
12.35,0,0,2.0796
12.36,0,0,2.0954
12.37,0,0,2.1106
12.38,0,0,2.1252
12.39,0,0,2.1391
12.4,0,0,2.1523
12.41,0,0,2.1649
12.42,0,0,2.1769
12.43,0,0,2.1882
12.44,0,0,2.1989
12.45,0,0,2.209
12.46,0,0,2.2185
12.47,0,0,2.2274
12.48,0,0,2.2357
12.49,0,0,2.2435
12.5,0,0,2.2506
12.51,0,0,2.2572
12.52,0,0,2.2633
12.53,0,0,2.2688
12.54,0,0,2.2737
12.55,0,0,2.2781
12.56,0,0,2.282
12.57,0,0,2.2854
12.58,0,0,2.2882
12.59,0,0,2.2906
12.6,0,0,2.2925
12.61,0,0,2.2938
12.62,0,0,2.2947
12.63,0,0,2.2951
12.64,0,0,2.2951
12.65,0,0,2.2946
12.66,0,0,2.2936
12.67,0,0,2.2922
12.68,0,0,2.2904
12.69,0,0,2.2881
12.7,0,0,2.2855
12.71,0,0,2.2824
12.72,0,0,2.2788
12.73,0,0,2.2749
12.74,0,0,2.2706
12.75,0,0,2.266
12.76,0,0,2.2609
12.77,0,0,2.2555
12.78,0,0,2.2497
12.79,0,0,2.2435
12.8,0,0,2.237
12.81,0,0,2.2302
12.82,0,0,2.223
12.83,0,0,2.2155
12.84,0,0,2.2076
12.85,0,0,2.1995
12.86,0,0,2.191
12.87,0,0,2.1822
12.88,0,0,2.1732
12.89,0,0,2.1638
12.9,0,0,2.1542
12.91,0,0,2.1443
12.92,0,0,2.1341
12.93,0,0,2.1236
12.94,0,0,2.1129
12.95,0,0,2.102
12.96,0,0,2.0908
12.97,0,0,2.0794
12.98,0,0,2.0677
12.99,0,0,2.0558
13,0,0,2.0437
13.01,0,0,2.0313
13.02,0,0,2.0188
13.03,0,0,2.006
13.04,0,0,1.9931
13.05,0,0,1.98
13.06,0,0,1.9666
13.07,0,0,1.9531
13.08,0,0,1.9395
13.09,0,0,1.9256
13.1,0,0,1.9116
13.11,0,0,1.8974
13.12,0,0,1.8831
13.13,0,0,1.8687
13.14,0,0,1.8541
13.15,0,0,1.8393
13.16,0,0,1.8244
13.17,0,0,1.8094
13.18,0,0,1.7943
13.19,0,0,1.7791
13.2,0,0,1.7637
13.21,0,0,1.7482
13.22,0,0,1.7327
13.23,0,0,1.717
13.24,0,0,1.7013
13.25,0,0,1.6854
13.26,0,0,1.6695
13.27,0,0,1.6535
13.28,0,0,1.6374
13.29,0,0,1.6212
13.3,0,0,1.605
13.31,0,0,1.5888
13.32,0,0,1.5724
13.33,0,0,1.556
13.34,0,0,1.5396
13.35,0,0,1.5231
13.36,0,0,1.5066
13.37,0,0,1.49
13.38,0,0,1.4734
13.39,0,0,1.4568
13.4,0,0,1.4402
13.41,0,0,1.4235
13.42,0,0,1.4068
13.43,0,0,1.3901
13.44,0,0,1.3734
13.45,0,0,1.3567
13.46,0,0,1.34
13.47,0,0,1.3232
13.48,0,0,1.3065
13.49,0,0,1.2898
13.5,0,0,1.2731
13.51,0,0,1.2564
13.52,0,0,1.2397
13.53,0,0,1.2231
13.54,0,0,1.2064
13.55,0,0,1.1898
13.56,0,0,1.1732
13.57,0,0,1.1567
13.58,0,0,1.1402
13.59,0,0,1.1237
13.6,0,0,1.1072
13.61,0,0,1.0908
13.62,0,0,1.0745
13.63,0,0,1.0582
13.64,0,0,1.0419
13.65,0,0,1.0257
13.66,0,0,1.0095
13.67,0,0,0.99343
13.68,0,0,0.97739
13.69,0,0,0.96141
13.7,0,0,0.94549
13.71,0,0,0.92964
13.72,0,0,0.91386
13.73,0,0,0.89815
13.74,0,0,0.88251
13.75,0,0,0.86694
13.76,0,0,0.85145
13.77,0,0,0.83603
13.78,0,0,0.8207
13.79,0,0,0.80545
13.8,0,0,0.79028
13.81,0,0,0.77519
13.82,0,0,0.76019
13.83,0,0,0.74528
13.84,0,0,0.73046
13.85,0,0,0.71573
13.86,0,0,0.70109
13.87,0,0,0.68654
13.88,0,0,0.6721
13.89,0,0,0.65774
13.9,0,0,0.64349
13.91,0,0,0.62933
13.92,0,0,0.61528
13.93,0,0,0.60133
13.94,0,0,0.58748
13.95,0,0,0.57373
13.96,0,0,0.56009
13.97,0,0,0.54656
13.98,0,0,0.53313
13.99,0,0,0.51982
14,0,0,0.50661
14.01,0,0,0.49351
14.02,0,0,0.48052
14.03,0,0,0.46764
14.04,0,0,0.45488
14.05,0,0,0.44223
14.06,0,0,0.42969
14.07,0,0,0.41727
14.08,0,0,0.40496
14.09,0,0,0.39277
14.1,0,0,0.38069
14.11,0,0,0.36874
14.12,0,0,0.3569
14.13,0,0,0.34518
14.14,0,0,0.33357
14.15,0,0,0.32209
14.16,0,0,0.31072
14.17,0,0,0.29948
14.18,0,0,0.28835
14.19,0,0,0.27735
14.2,0,0,0.26646
14.21,0,0,0.2557
14.22,0,0,0.24506
14.23,0,0,0.23454
14.24,0,0,0.22414
14.25,0,0,0.21386
14.26,0,0,0.2037
14.27,0,0,0.19367
14.28,0,0,0.18375
14.29,0,0,0.17396
14.3,0,0,0.16429
14.31,0,0,0.15475
14.32,0,0,0.14532
14.33,0,0,0.13602
14.34,0,0,0.12683
14.35,0,0,0.11777
14.36,0,0,0.10883
14.37,0,0,0.10002
14.38,0,0,0.09132
14.39,0,0,0.082744
14.4,0,0,0.074288
14.41,0,0,0.065954
14.42,0,0,0.057739
14.43,0,0,0.049644
14.44,0,0,0.041669
14.45,0,0,0.033813
14.46,0,0,0.026076
14.47,0,0,0.018458
14.48,0,0,0.010957
14.49,0,0,0.0035749
14.5,0,0,-0.0036902
14.51,0,0,-0.010838
14.52,0,0,-0.01787
14.53,0,0,-0.024785
14.54,0,0,-0.031585
14.55,0,0,-0.03827
14.56,0,0,-0.04484
14.57,0,0,-0.051296
14.58,0,0,-0.057638
14.59,0,0,-0.063868
14.6,0,0,-0.069985
14.61,0,0,-0.07599
14.62,0,0,-0.081884
14.63,0,0,-0.087667
14.64,0,0,-0.09334
14.65,0,0,-0.098904
14.66,0,0,-0.10436
14.67,0,0,-0.10971
14.68,0,0,-0.11494
14.69,0,0,-0.12008
14.7,0,0,-0.1251
14.71,0,0,-0.13002
14.72,0,0,-0.13484
14.73,0,0,-0.13955
14.74,0,0,-0.14416
14.75,0,0,-0.14867
14.76,0,0,-0.15307
14.77,0,0,-0.15737
14.78,0,0,-0.16158
14.79,0,0,-0.16568
14.8,0,0,-0.16969
14.81,0,0,-0.17359
14.82,0,0,-0.1774
14.83,0,0,-0.18111
14.84,0,0,-0.18473
14.85,0,0,-0.18825
14.86,0,0,-0.19168
14.87,0,0,-0.19502
14.88,0,0,-0.19826
14.89,0,0,-0.20141
14.9,0,0,-0.20447
14.91,0,0,-0.20744
14.92,0,0,-0.21033
14.93,0,0,-0.21312
14.94,0,0,-0.21583
14.95,0,0,-0.21845
14.96,0,0,-0.22098
14.97,0,0,-0.22343
14.98,0,0,-0.22579
14.99,0,0,-0.22808
15,0,0,-0.23028
15.01,0,0,-9.839
15.02,0,0,-9.8292
15.03,0,0,-9.8193
15.04,0,0,-9.8095
15.05,0,0,-9.7997
15.06,0,0,-9.7899
15.07,0,0,-9.7801
15.08,0,0,-9.7704
15.09,0,0,-9.7606
15.1,0,0,-9.7508
15.11,0,0,-9.7411
15.12,0,0,-9.7313
15.13,0,0,-9.7216
15.14,0,0,-9.7119
15.15,0,0,-9.7022
15.16,0,0,-9.6925
15.17,0,0,-9.6828
15.18,0,0,-9.6731
15.19,0,0,-9.6634
15.2,0,0,-9.6537
15.21,0,0,-9.6441
15.22,0,0,-9.6345
15.23,0,0,-9.6248
15.24,0,0,-9.6152
15.25,0,0,-9.6056
15.26,0,0,-9.596
15.27,0,0,-9.5864
15.28,0,0,-9.5768
15.29,0,0,-9.5672
15.3,0,0,-9.5576
15.31,0,0,-9.5481
15.32,0,0,-9.5385
15.33,0,0,-9.529
15.34,0,0,-9.5195
15.35,0,0,-9.51
15.36,0,0,-9.5004
15.37,0,0,-9.4909
15.38,0,0,-9.4815
15.39,0,0,-9.472
15.4,0,0,-9.4625
15.41,0,0,-9.453
15.42,0,0,-9.4436
15.43,0,0,-9.4341
15.44,0,0,-9.4247
15.45,0,0,-9.4153
15.46,0,0,-9.4059
15.47,0,0,-9.3965
15.48,0,0,-9.3871
15.49,0,0,-9.3777
15.5,0,0,-9.3683
15.51,0,0,-9.3589
15.52,0,0,-9.3496
15.53,0,0,-9.3402
15.54,0,0,-9.3309
15.55,0,0,-9.3215
15.56,0,0,-9.3122
15.57,0,0,-9.3029
15.58,0,0,-9.2936
15.59,0,0,-9.2843
15.6,0,0,-9.275
15.61,0,0,-9.2658
15.62,0,0,-9.2565
15.63,0,0,-9.2472
15.64,0,0,-9.238
15.65,0,0,-9.2288
15.66,0,0,-9.2195
15.67,0,0,-9.2103
15.68,0,0,-9.2011
15.69,0,0,-9.1919
15.7,0,0,-9.1827
15.71,0,0,-9.1735
15.72,0,0,-9.1643
15.73,0,0,-9.1552
15.74,0,0,-9.146
15.75,0,0,-9.1369
15.76,0,0,-9.1277
15.77,0,0,-9.1186
15.78,0,0,-9.1095
15.79,0,0,-9.1004
15.8,0,0,-9.0913
15.81,0,0,-9.0822
15.82,0,0,-9.0731
15.83,0,0,-9.064
15.84,0,0,-9.055
15.85,0,0,-9.0459
15.86,0,0,-9.0369
15.87,0,0,-9.0278
15.88,0,0,-9.0188
15.89,0,0,-9.0098
15.9,0,0,-9.0008
15.91,0,0,-8.9918
15.92,0,0,-8.9828
15.93,0,0,-8.9738
15.94,0,0,-8.9648
15.95,0,0,-8.9559
15.96,0,0,-8.9469
15.97,0,0,-8.938
15.98,0,0,-8.929
15.99,0,0,-8.9201
16,0,0,-8.9112
16.01,0,0,-8.9023
16.02,0,0,-8.8934
16.03,0,0,-8.8845
16.04,0,0,-8.8756
16.05,0,0,-8.8667
16.06,0,0,-8.8578
16.07,0,0,-8.849
16.08,0,0,-8.8401
16.09,0,0,-8.8313
16.1,0,0,-8.8225
16.11,0,0,-8.8136
16.12,0,0,-8.8048
16.13,0,0,-8.796
16.14,0,0,-8.7872
16.15,0,0,-8.7784
16.16,0,0,-8.7697
16.17,0,0,-8.7609
16.18,0,0,-8.7521
16.19,0,0,-8.7434
16.2,0,0,-8.7346
16.21,0,0,-8.5831
16.22,0,0,-8.4272
16.23,0,0,-8.2722
16.24,0,0,-8.1179
16.25,0,0,-7.9645
16.26,0,0,-7.812
16.27,0,0,-7.6604
16.28,0,0,-7.5096
16.29,0,0,-7.3598
16.3,0,0,-7.2109
16.31,0,0,-7.0629
16.32,0,0,-6.9159
16.33,0,0,-6.7698
16.34,0,0,-6.6247
16.35,0,0,-6.4807
16.36,0,0,-6.3376
16.37,0,0,-6.1956
16.38,0,0,-6.0545
16.39,0,0,-5.9146
16.4,0,0,-5.7757
16.41,0,0,-5.6378
16.42,0,0,-5.5011
16.43,0,0,-5.3654
16.44,0,0,-5.2308
16.45,0,0,-5.0974
16.46,0,0,-4.965
16.47,0,0,-4.8338
16.48,0,0,-4.7037
16.49,0,0,-4.5747
16.5,0,0,-4.4469
16.51,0,0,-4.3203
16.52,0,0,-4.1948
16.53,0,0,-4.0705
16.54,0,0,-3.9473
16.55,0,0,-3.8253
16.56,0,0,-3.7046
16.57,0,0,-3.585
16.58,0,0,-3.4666
16.59,0,0,-3.3494
16.6,0,0,-3.2334
16.61,0,0,-3.1186
16.62,0,0,-3.0051
16.63,0,0,-2.8927
16.64,0,0,-2.7816
16.65,0,0,-2.6717
16.66,0,0,-2.563
16.67,0,0,-2.4556
16.68,0,0,-2.3493
16.69,0,0,-2.2443
16.7,0,0,-2.1406
16.71,0,0,-2.038
16.72,0,0,-1.9367
16.73,0,0,-1.8367
16.74,0,0,-1.7378
16.75,0,0,-1.6402
16.76,0,0,-1.5439
16.77,0,0,-1.4487
16.78,0,0,-1.3548
16.79,0,0,-1.2622
16.8,0,0,-1.1707
16.81,0,0,-1.0805
16.82,0,0,-0.99153
16.83,0,0,-0.90378
16.84,0,0,-0.81724
16.85,0,0,-0.73193
16.86,0,0,-0.64784
16.87,0,0,-0.56496
16.88,0,0,-0.48329
16.89,0,0,-0.40284
16.9,0,0,-0.32359
16.91,0,0,-0.24554
16.92,0,0,-0.1687
16.93,0,0,-0.093045
16.94,0,0,-0.018587
16.95,0,0,0.054684
16.96,0,0,0.12677
16.97,0,0,0.19768
16.98,0,0,0.26741
16.99,0,0,0.33598
17,0,0,0.40338
17.01,0,0,0.46962
17.02,0,0,0.53471
17.03,0,0,0.59865
17.04,0,0,0.66145
17.05,0,0,0.72311
17.06,0,0,0.78364
17.07,0,0,0.84304
17.08,0,0,0.90133
17.09,0,0,0.9585
17.1,0,0,1.0146
17.11,0,0,1.0695
17.12,0,0,1.1234
17.13,0,0,1.1762
17.14,0,0,1.2279
17.15,0,0,1.2785
17.16,0,0,1.3281
17.17,0,0,1.3766
17.18,0,0,1.4241
17.19,0,0,1.4705
17.2,0,0,1.5158
17.21,0,0,1.5602
17.22,0,0,1.6035
17.23,0,0,1.6458
17.24,0,0,1.6871
17.25,0,0,1.7274
17.26,0,0,1.7668
17.27,0,0,1.8051
17.28,0,0,1.8424
17.29,0,0,1.8788
17.3,0,0,1.9143
17.31,0,0,1.9488
17.32,0,0,1.9823
17.33,0,0,2.0149
17.34,0,0,2.0466
17.35,0,0,2.0774
17.36,0,0,2.1072
17.37,0,0,2.1362
17.38,0,0,2.1643
17.39,0,0,2.1915
17.4,0,0,2.2178
17.41,0,0,2.2432
17.42,0,0,2.2678
17.43,0,0,2.2916
17.44,0,0,2.3145
17.45,0,0,2.3366
17.46,0,0,2.3578
17.47,0,0,2.3783
17.48,0,0,2.3979
17.49,0,0,2.4168
17.5,0,0,2.4348
17.51,0,0,2.4521
17.52,0,0,2.4687
17.53,0,0,2.4844
17.54,0,0,2.4994
17.55,0,0,2.5137
17.56,0,0,2.5273
17.57,0,0,2.5401
17.58,0,0,2.5522
17.59,0,0,2.5636
17.6,0,0,2.5743
17.61,0,0,2.5843
17.62,0,0,2.5937
17.63,0,0,2.6024
17.64,0,0,2.6104
17.65,0,0,2.6178
17.66,0,0,2.6245
17.67,0,0,2.6306
17.68,0,0,2.636
17.69,0,0,2.6409
17.7,0,0,2.6452
17.71,0,0,2.6488
17.72,0,0,2.6519
17.73,0,0,2.6544
17.74,0,0,2.6563
17.75,0,0,2.6576
17.76,0,0,2.6584
17.77,0,0,2.6587
17.78,0,0,2.6584
17.79,0,0,2.6576
17.8,0,0,2.6563
17.81,0,0,2.6544
17.82,0,0,2.6521
17.83,0,0,2.6493
17.84,0,0,2.646
17.85,0,0,2.6422
17.86,0,0,2.6379
17.87,0,0,2.6332
17.88,0,0,2.628
17.89,0,0,2.6224
17.9,0,0,2.6164
17.91,0,0,2.6099
17.92,0,0,2.603
17.93,0,0,2.5957
17.94,0,0,2.588
17.95,0,0,2.5799
17.96,0,0,2.5714
17.97,0,0,2.5625
17.98,0,0,2.5533
17.99,0,0,2.5437
18,0,0,2.5338
18.01,0,0,2.5235
18.02,0,0,2.5128
18.03,0,0,2.5018
18.04,0,0,2.4905
18.05,0,0,2.4789
18.06,0,0,2.467
18.07,0,0,2.4548
18.08,0,0,2.4423
18.09,0,0,2.4295
18.1,0,0,2.4164
18.11,0,0,2.403
18.12,0,0,2.3894
18.13,0,0,2.3755
18.14,0,0,2.3613
18.15,0,0,2.3469
18.16,0,0,2.3323
18.17,0,0,2.3174
18.18,0,0,2.3024
18.19,0,0,2.2871
18.2,0,0,2.2715
18.21,0,0,2.2558
18.22,0,0,2.2399
18.23,0,0,2.2238
18.24,0,0,2.2075
18.25,0,0,2.191
18.26,0,0,2.1743
18.27,0,0,2.1575
18.28,0,0,2.1405
18.29,0,0,2.1233
18.3,0,0,2.1061
18.31,0,0,2.0886
18.32,0,0,2.071
18.33,0,0,2.0533
18.34,0,0,2.0355
18.35,0,0,2.0175
18.36,0,0,1.9994
18.37,0,0,1.9812
18.38,0,0,1.963
18.39,0,0,1.9446
18.4,0,0,1.9261
18.41,0,0,1.9075
18.42,0,0,1.8888
18.43,0,0,1.8701
18.44,0,0,1.8513
18.45,0,0,1.8324
18.46,0,0,1.8134
18.47,0,0,1.7944
18.48,0,0,1.7754
18.49,0,0,1.7563
18.5,0,0,1.7371
18.51,0,0,1.7179
18.52,0,0,1.6987
18.53,0,0,1.6794
18.54,0,0,1.6601
18.55,0,0,1.6408
18.56,0,0,1.6214
18.57,0,0,1.6021
18.58,0,0,1.5827
18.59,0,0,1.5634
18.6,0,0,1.544
18.61,0,0,1.5246
18.62,0,0,1.5052
18.63,0,0,1.4859
18.64,0,0,1.4665
18.65,0,0,1.4472
18.66,0,0,1.4279
18.67,0,0,1.4086
18.68,0,0,1.3894
18.69,0,0,1.3701
18.7,0,0,1.3509
18.71,0,0,1.3318
18.72,0,0,1.3127
18.73,0,0,1.2936
18.74,0,0,1.2746
18.75,0,0,1.2556
18.76,0,0,1.2366
18.77,0,0,1.2178
18.78,0,0,1.199
18.79,0,0,1.1802
18.8,0,0,1.1615
18.81,0,0,1.1429
18.82,0,0,1.1244
18.83,0,0,1.1059
18.84,0,0,1.0875
18.85,0,0,1.0691
18.86,0,0,1.0509
18.87,0,0,1.0327
18.88,0,0,1.0146
18.89,0,0,0.99665
18.9,0,0,0.97874
18.91,0,0,0.96093
18.92,0,0,0.9432
18.93,0,0,0.92557
18.94,0,0,0.90804
18.95,0,0,0.89061
18.96,0,0,0.87328
18.97,0,0,0.85605
18.98,0,0,0.83892
18.99,0,0,0.8219
19,0,0,0.80499
19.01,0,0,0.78819
19.02,0,0,0.7715
19.03,0,0,0.75492
19.04,0,0,0.73846
19.05,0,0,0.72211
19.06,0,0,0.70588
19.07,0,0,0.68977
19.08,0,0,0.67378
19.09,0,0,0.65791
19.1,0,0,0.64216
19.11,0,0,0.62654
19.12,0,0,0.61104
19.13,0,0,0.59566
19.14,0,0,0.58041
19.15,0,0,0.56529
19.16,0,0,0.5503
19.17,0,0,0.53544
19.18,0,0,0.52071
19.19,0,0,0.50611
19.2,0,0,0.49165
19.21,0,0,0.47731
19.22,0,0,0.46311
19.23,0,0,0.44905
19.24,0,0,0.43512
19.25,0,0,0.42133
19.26,0,0,0.40767
19.27,0,0,0.39415
19.28,0,0,0.38076
19.29,0,0,0.36752
19.3,0,0,0.35441
19.31,0,0,0.34145
19.32,0,0,0.32862
19.33,0,0,0.31593
19.34,0,0,0.30338
19.35,0,0,0.29097
19.36,0,0,0.2787
19.37,0,0,0.26657
19.38,0,0,0.25459
19.39,0,0,0.24274
19.4,0,0,0.23103
19.41,0,0,0.21947
19.42,0,0,0.20805
19.43,0,0,0.19676
19.44,0,0,0.18562
19.45,0,0,0.17462
19.46,0,0,0.16376
19.47,0,0,0.15305
19.48,0,0,0.14247
19.49,0,0,0.13203
19.5,0,0,0.12174
19.51,0,0,0.11158
19.52,0,0,0.10157
19.53,0,0,0.091693
19.54,0,0,0.081957
19.55,0,0,0.072361
19.56,0,0,0.062904
19.57,0,0,0.053586
19.58,0,0,0.044406
19.59,0,0,0.035364
19.6,0,0,0.02646
19.61,0,0,0.017693
19.62,0,0,0.0090625
19.63,0,0,0.00056844
19.64,0,0,-0.0077899
19.65,0,0,-0.016013
19.66,0,0,-0.024101
19.67,0,0,-0.032055
19.68,0,0,-0.039876
19.69,0,0,-0.047563
19.7,0,0,-0.055118
19.71,0,0,-0.06254
19.72,0,0,-0.069832
19.73,0,0,-0.076993
19.74,0,0,-0.084024
19.75,0,0,-0.090925
19.76,0,0,-0.097699
19.77,0,0,-0.10434
19.78,0,0,-0.11086
19.79,0,0,-0.11725
19.8,0,0,-0.12352
19.81,0,0,-0.12966
19.82,0,0,-0.13568
19.83,0,0,-0.14157
19.84,0,0,-0.14734
19.85,0,0,-0.15299
19.86,0,0,-0.15852
19.87,0,0,-0.16392
19.88,0,0,-0.16921
19.89,0,0,-0.17438
19.9,0,0,-0.17944
19.91,0,0,-0.18437
19.92,0,0,-0.18919
19.93,0,0,-0.1939
19.94,0,0,-0.19849
19.95,0,0,-0.20296
19.96,0,0,-0.20733
19.97,0,0,-0.21158
19.98,0,0,-0.21573
19.99,0,0,-0.21976
20,0,0,-0.22369
20.01,0,0,-0.22751
20.02,0,0,-0.23122
20.03,0,0,-0.23482
20.04,0,0,-0.23832
20.05,0,0,-0.24172
20.06,0,0,-0.24502
20.07,0,0,-0.24821
20.08,0,0,-0.2513
20.09,0,0,-0.25429
20.1,0,0,-0.25719
20.11,0,0,-0.25999
20.12,0,0,-0.26268
20.13,0,0,-0.26529
20.14,0,0,-0.2678
20.15,0,0,-0.27021
20.16,0,0,-0.27254
20.17,0,0,-0.27477
20.18,0,0,-0.27691
20.19,0,0,-0.27896
20.2,0,0,-0.28092
20.21,0,0,-0.28279
20.22,0,0,-0.28458
20.23,0,0,-0.28628
20.24,0,0,-0.2879
20.25,0,0,-0.28944
20.26,0,0,-0.29089
20.27,0,0,-0.29226
20.28,0,0,-0.29355
20.29,0,0,-0.29476
20.3,0,0,-0.29589
20.31,0,0,-0.29695
20.32,0,0,-0.29793
20.33,0,0,-0.29883
20.34,0,0,-0.29966
20.35,0,0,-0.30042
20.36,0,0,-0.3011
20.37,0,0,-0.30171
20.38,0,0,-0.30226
20.39,0,0,-0.30273
20.4,0,0,-0.30314
20.41,0,0,-0.30348
20.42,0,0,-0.30375
20.43,0,0,-0.30395
20.44,0,0,-0.3041
20.45,0,0,-0.30418
20.46,0,0,-0.3042
20.47,0,0,-0.30415
20.48,0,0,-0.30405
20.49,0,0,-0.30389
20.5,0,0,-0.30367
20.51,0,0,-0.30339
20.52,0,0,-0.30305
20.53,0,0,-0.30266
20.54,0,0,-0.30222
20.55,0,0,-0.30172
20.56,0,0,-0.30117
20.57,0,0,-0.30057
20.58,0,0,-0.29992
20.59,0,0,-0.29922
20.6,0,0,-0.29847
20.61,0,0,-0.29767
20.62,0,0,-0.29683
20.63,0,0,-0.29594
20.64,0,0,-0.29501
20.65,0,0,-0.29403
20.66,0,0,-0.293
20.67,0,0,-0.29194
20.68,0,0,-0.29083
20.69,0,0,-0.28969
20.7,0,0,-0.2885
20.71,0,0,-0.28728
20.72,0,0,-0.28602
20.73,0,0,-0.28472
20.74,0,0,-0.28338
20.75,0,0,-0.28201
20.76,0,0,-0.2806
20.77,0,0,-0.27917
20.78,0,0,-0.27769
20.79,0,0,-0.27619
20.8,0,0,-0.27466
20.81,0,0,-0.27309
20.82,0,0,-0.2715
20.83,0,0,-0.26987
20.84,0,0,-0.26822
20.85,0,0,-0.26654
20.86,0,0,-0.26484
20.87,0,0,-0.26311
20.88,0,0,-0.26135
20.89,0,0,-0.25957
20.9,0,0,-0.25777
20.91,0,0,-0.25594
20.92,0,0,-0.25409
20.93,0,0,-0.25222
20.94,0,0,-0.25033
20.95,0,0,-0.24842
20.96,0,0,-0.24649
20.97,0,0,-0.24455
20.98,0,0,-0.24258
20.99,0,0,-0.2406
21,0,0,-0.2386
21.01,0,0,-0.23659
21.02,0,0,-0.23456
21.03,0,0,-0.23251
21.04,0,0,-0.23046
21.05,0,0,-0.22838
21.06,0,0,-0.2263
21.07,0,0,-0.22421
21.08,0,0,-0.2221
21.09,0,0,-0.21998
21.1,0,0,-0.21785
21.11,0,0,-0.21572
21.12,0,0,-0.21357
21.13,0,0,-0.21142
21.14,0,0,-0.20926
21.15,0,0,-0.20709
21.16,0,0,-0.20491
21.17,0,0,-0.20273
21.18,0,0,-0.20054
21.19,0,0,-0.19835
21.2,0,0,-0.19615
21.21,0,0,-0.19395
21.22,0,0,-0.19174
21.23,0,0,-0.18953
21.24,0,0,-0.18732
21.25,0,0,-0.18511
21.26,0,0,-0.1829
21.27,0,0,-0.18068
21.28,0,0,-0.17846
21.29,0,0,-0.17625
21.3,0,0,-0.17403
21.31,0,0,-0.17182
21.32,0,0,-0.1696
21.33,0,0,-0.16739
21.34,0,0,-0.16518
21.35,0,0,-0.16297
21.36,0,0,-0.16076
21.37,0,0,-0.15856
21.38,0,0,-0.15636
21.39,0,0,-0.15416
21.4,0,0,-0.15197
21.41,0,0,-0.14979
21.42,0,0,-0.1476
21.43,0,0,-0.14543
21.44,0,0,-0.14326
21.45,0,0,-0.14109
21.46,0,0,-0.13894
21.47,0,0,-0.13678
21.48,0,0,-0.13464
21.49,0,0,-0.1325
21.5,0,0,-0.13037
21.51,0,0,-0.12825
21.52,0,0,-0.12614
21.53,0,0,-0.12404
21.54,0,0,-0.12194
21.55,0,0,-0.11985
21.56,0,0,-0.11778
21.57,0,0,-0.11571
21.58,0,0,-0.11365
21.59,0,0,-0.11161
21.6,0,0,-0.10957
21.61,0,0,-0.10754
21.62,0,0,-0.10553
21.63,0,0,-0.10353
21.64,0,0,-0.10153
21.65,0,0,-0.099552
21.66,0,0,-0.097583
21.67,0,0,-0.095626
21.68,0,0,-0.093681
21.69,0,0,-0.091748
21.7,0,0,-0.089828
21.71,0,0,-0.087921
21.72,0,0,-0.086027
21.73,0,0,-0.084146
21.74,0,0,-0.082278
21.75,0,0,-0.080423
21.76,0,0,-0.078582
21.77,0,0,-0.076755
21.78,0,0,-0.074942
21.79,0,0,-0.073142
21.8,0,0,-0.071357
21.81,0,0,-0.069586
21.82,0,0,-0.06783
21.83,0,0,-0.066088
21.84,0,0,-0.064361
21.85,0,0,-0.062648
21.86,0,0,-0.060951
21.87,0,0,-0.059268
21.88,0,0,-0.057601
21.89,0,0,-0.055948
21.9,0,0,-0.054311
21.91,0,0,-0.052689
21.92,0,0,-0.051083
21.93,0,0,-0.049492
21.94,0,0,-0.047917
21.95,0,0,-0.046357
21.96,0,0,-0.044813
21.97,0,0,-0.043285
21.98,0,0,-0.041772
21.99,0,0,-0.040275
22,0,0,-0.038795
22.01,0,0,-0.03733
22.02,0,0,-0.035881
22.03,0,0,-0.034448
22.04,0,0,-0.033031
22.05,0,0,-0.03163
22.06,0,0,-0.030246
22.07,0,0,-0.028877
22.08,0,0,-0.027525
22.09,0,0,-0.026188
22.1,0,0,-0.024868
22.11,0,0,-0.023564
22.12,0,0,-0.022276
22.13,0,0,-0.021005
22.14,0,0,-0.019749
22.15,0,0,-0.01851
22.16,0,0,-0.017286
22.17,0,0,-0.016079
22.18,0,0,-0.014888
22.19,0,0,-0.013713
22.2,0,0,-0.012554
22.21,0,0,-0.011411
22.22,0,0,-0.010284
22.23,0,0,-0.0091733
22.24,0,0,-0.0080783
22.25,0,0,-0.0069992
22.26,0,0,-0.005936
22.27,0,0,-0.0048886
22.28,0,0,-0.0038569
22.29,0,0,-0.0028411
22.3,0,0,-0.0018408
22.31,0,0,-0.00085627
22.32,0,0,0.00011272
22.33,0,0,0.0010662
22.34,0,0,0.0020042
22.35,0,0,0.0029268
22.36,0,0,0.003834
22.37,0,0,0.004726
22.38,0,0,0.0056027
22.39,0,0,0.0064643
22.4,0,0,0.0073108
22.41,0,0,0.0081423
22.42,0,0,0.0089589
22.43,0,0,0.0097606
22.44,0,0,0.010548
22.45,0,0,0.01132
22.46,0,0,0.012077
22.47,0,0,0.01282
22.48,0,0,0.013549
22.49,0,0,0.014263
22.5,0,0,0.014963
22.51,0,0,0.015649
22.52,0,0,0.016321
22.53,0,0,0.016978
22.54,0,0,0.017622
22.55,0,0,0.018252
22.56,0,0,0.018868
22.57,0,0,0.019471
22.58,0,0,0.02006
22.59,0,0,0.020636
22.6,0,0,0.021198
22.61,0,0,0.021747
22.62,0,0,0.022283
22.63,0,0,0.022806
22.64,0,0,0.023316
22.65,0,0,0.023813
22.66,0,0,0.024297
22.67,0,0,0.024769
22.68,0,0,0.025228
22.69,0,0,0.025675
22.7,0,0,0.02611
22.71,0,0,0.026532
22.72,0,0,0.026942
22.73,0,0,0.027341
22.74,0,0,0.027727
22.75,0,0,0.028102
22.76,0,0,0.028465
22.77,0,0,0.028817
22.78,0,0,0.029157
22.79,0,0,0.029486
22.8,0,0,0.029804
22.81,0,0,0.030111
22.82,0,0,0.030407
22.83,0,0,0.030692
22.84,0,0,0.030967
22.85,0,0,0.03123
22.86,0,0,0.031484
22.87,0,0,0.031727
22.88,0,0,0.031959
22.89,0,0,0.032182
22.9,0,0,0.032395
22.91,0,0,0.032598
22.92,0,0,0.03279
22.93,0,0,0.032974
22.94,0,0,0.033148
22.95,0,0,0.033312
22.96,0,0,0.033467
22.97,0,0,0.033613
22.98,0,0,0.03375
22.99,0,0,0.033878
23,0,0,0.033997
23.01,0,0,0.034107
23.02,0,0,0.034209
23.03,0,0,0.034303
23.04,0,0,0.034388
23.05,0,0,0.034464
23.06,0,0,0.034533
23.07,0,0,0.034594
23.08,0,0,0.034646
23.09,0,0,0.034691
23.1,0,0,0.034729
23.11,0,0,0.034759
23.12,0,0,0.034781
23.13,0,0,0.034796
23.14,0,0,0.034804
23.15,0,0,0.034805
23.16,0,0,0.034798
23.17,0,0,0.034785
23.18,0,0,0.034765
23.19,0,0,0.034739
23.2,0,0,0.034706
23.21,0,0,0.034667
23.22,0,0,0.034621
23.23,0,0,0.034569
23.24,0,0,0.034511
23.25,0,0,0.034447
23.26,0,0,0.034377
23.27,0,0,0.034302
23.28,0,0,0.03422
23.29,0,0,0.034134
23.3,0,0,0.034041
23.31,0,0,0.033944
23.32,0,0,0.033841
23.33,0,0,0.033733
23.34,0,0,0.03362
23.35,0,0,0.033502
23.36,0,0,0.03338
23.37,0,0,0.033252
23.38,0,0,0.03312
23.39,0,0,0.032984
23.4,0,0,0.032843
23.41,0,0,0.032698
23.42,0,0,0.032548
23.43,0,0,0.032395
23.44,0,0,0.032237
23.45,0,0,0.032076
23.46,0,0,0.03191
23.47,0,0,0.031741
23.48,0,0,0.031569
23.49,0,0,0.031392
23.5,0,0,0.031213
23.51,0,0,0.031029
23.52,0,0,0.030843
23.53,0,0,0.030654
23.54,0,0,0.030461
23.55,0,0,0.030265
23.56,0,0,0.030067
23.57,0,0,0.029865
23.58,0,0,0.029661
23.59,0,0,0.029454
23.6,0,0,0.029245
23.61,0,0,0.029033
23.62,0,0,0.028819
23.63,0,0,0.028602
23.64,0,0,0.028383
23.65,0,0,0.028162
23.66,0,0,0.027939
23.67,0,0,0.027713
23.68,0,0,0.027486
23.69,0,0,0.027257
23.7,0,0,0.027027
23.71,0,0,0.026794
23.72,0,0,0.02656
23.73,0,0,0.026324
23.74,0,0,0.026087
23.75,0,0,0.025848
23.76,0,0,0.025608
23.77,0,0,0.025367
23.78,0,0,0.025125
23.79,0,0,0.024881
23.8,0,0,0.024636
23.81,0,0,0.024391
23.82,0,0,0.024144
23.83,0,0,0.023896
23.84,0,0,0.023648
23.85,0,0,0.023399
23.86,0,0,0.023149
23.87,0,0,0.022899
23.88,0,0,0.022648
23.89,0,0,0.022396
23.9,0,0,0.022144
23.91,0,0,0.021892
23.92,0,0,0.021639
23.93,0,0,0.021386
23.94,0,0,0.021133
23.95,0,0,0.020879
23.96,0,0,0.020626
23.97,0,0,0.020372
23.98,0,0,0.020119
23.99,0,0,0.019865
24,0,0,0.019612
24.01,0,0,0.019358
24.02,0,0,0.019105
24.03,0,0,0.018852
24.04,0,0,0.018599
24.05,0,0,0.018347
24.06,0,0,0.018095
24.07,0,0,0.017844
24.08,0,0,0.017592
24.09,0,0,0.017342
24.1,0,0,0.017092
24.11,0,0,0.016842
24.12,0,0,0.016593
24.13,0,0,0.016345
24.14,0,0,0.016098
24.15,0,0,0.015851
24.16,0,0,0.015605
24.17,0,0,0.01536
24.18,0,0,0.015115
24.19,0,0,0.014872
24.2,0,0,0.01463
24.21,0,0,0.014388
24.22,0,0,0.014147
24.23,0,0,0.013908
24.24,0,0,0.013669
24.25,0,0,0.013432
24.26,0,0,0.013196
24.27,0,0,0.012961
24.28,0,0,0.012727
24.29,0,0,0.012494
24.3,0,0,0.012262
24.31,0,0,0.012032
24.32,0,0,0.011803
24.33,0,0,0.011575
24.34,0,0,0.011349
24.35,0,0,0.011124
24.36,0,0,0.0109
24.37,0,0,0.010678
24.38,0,0,0.010457
24.39,0,0,0.010237
24.4,0,0,0.010019
24.41,0,0,0.009803
24.42,0,0,0.009588
24.43,0,0,0.0093746
24.44,0,0,0.0091627
24.45,0,0,0.0089523
24.46,0,0,0.0087436
24.47,0,0,0.0085364
24.48,0,0,0.0083308
24.49,0,0,0.0081269
24.5,0,0,0.0079246
24.51,0,0,0.0077239
24.52,0,0,0.0075249
24.53,0,0,0.0073276
24.54,0,0,0.007132
24.55,0,0,0.0069381
24.56,0,0,0.0067459
24.57,0,0,0.0065554
24.58,0,0,0.0063667
24.59,0,0,0.0061797
24.6,0,0,0.0059944
24.61,0,0,0.005811
24.62,0,0,0.0056293
24.63,0,0,0.0054494
24.64,0,0,0.0052712
24.65,0,0,0.0050949
24.66,0,0,0.0049204
24.67,0,0,0.0047476
24.68,0,0,0.0045767
24.69,0,0,0.0044077
24.7,0,0,0.0042404
24.71,0,0,0.004075
24.72,0,0,0.0039113
24.73,0,0,0.0037496
24.74,0,0,0.0035896
24.75,0,0,0.0034316
24.76,0,0,0.0032753
24.77,0,0,0.0031209
24.78,0,0,0.0029684
24.79,0,0,0.0028176
24.8,0,0,0.0026688
24.81,0,0,0.0025218
24.82,0,0,0.0023766
24.83,0,0,0.0022333
24.84,0,0,0.0020918
24.85,0,0,0.0019522
24.86,0,0,0.0018144
24.87,0,0,0.0016785
24.88,0,0,0.0015444
24.89,0,0,0.0014121
24.9,0,0,0.0012817
24.91,0,0,0.0011531
24.92,0,0,0.0010263
24.93,0,0,0.00090135
24.94,0,0,0.00077822
24.95,0,0,0.00065691
24.96,0,0,0.0005374
24.97,0,0,0.0004197
24.98,0,0,0.0003038
24.99,0,0,0.00018969
25,0,0,7.7365e-05
25.01,0,0,15.2
25.02,0,0,15.154
25.03,0,0,15.105
25.04,0,0,15.054
25.05,0,0,15.001
25.06,0,0,14.946
25.07,0,0,14.888
25.08,0,0,14.829
25.09,0,0,14.768
25.1,0,0,14.704
25.11,0,0,14.639
25.12,0,0,14.572
25.13,0,0,14.503
25.14,0,0,14.432
25.15,0,0,14.359
25.16,0,0,14.285
25.17,0,0,14.209
25.18,0,0,14.132
25.19,0,0,14.052
25.2,0,0,13.972
25.21,0,0,13.889
25.22,0,0,13.806
25.23,0,0,13.721
25.24,0,0,13.634
25.25,0,0,13.546
25.26,0,0,13.457
25.27,0,0,13.367
25.28,0,0,13.275
25.29,0,0,13.182
25.3,0,0,13.088
25.31,0,0,12.993
25.32,0,0,12.897
25.33,0,0,12.8
25.34,0,0,12.702
25.35,0,0,12.603
25.36,0,0,12.502
25.37,0,0,12.401
25.38,0,0,12.3
25.39,0,0,12.197
25.4,0,0,12.093
25.41,0,0,11.989
25.42,0,0,11.884
25.43,0,0,11.779
25.44,0,0,11.672
25.45,0,0,11.565
25.46,0,0,11.458
25.47,0,0,11.349
25.48,0,0,11.241
25.49,0,0,11.132
25.5,0,0,11.022
25.51,0,0,10.912
25.52,0,0,10.801
25.53,0,0,10.69
25.54,0,0,10.579
25.55,0,0,10.467
25.56,0,0,10.355
25.57,0,0,10.243
25.58,0,0,10.131
25.59,0,0,10.018
25.6,0,0,9.9051
25.61,0,0,9.792
25.62,0,0,9.6787
25.63,0,0,9.5654
25.64,0,0,9.4519
25.65,0,0,9.3384
25.66,0,0,9.2248
25.67,0,0,9.1112
25.68,0,0,8.9976
25.69,0,0,8.884
25.7,0,0,8.7705
25.71,0,0,8.657
25.72,0,0,8.5436
25.73,0,0,8.4303
25.74,0,0,8.3171
25.75,0,0,8.2041
25.76,0,0,8.0912
25.77,0,0,7.9785
25.78,0,0,7.8661
25.79,0,0,7.7538
25.8,0,0,7.6419
25.81,0,0,7.5301
25.82,0,0,7.4187
25.83,0,0,7.3075
25.84,0,0,7.1967
25.85,0,0,7.0862
25.86,0,0,6.9761
25.87,0,0,6.8663
25.88,0,0,6.7569
25.89,0,0,6.6479
25.9,0,0,6.5393
25.91,0,0,6.4311
25.92,0,0,6.3234
25.93,0,0,6.2162
25.94,0,0,6.1094
25.95,0,0,6.0031
25.96,0,0,5.8973
25.97,0,0,5.7921
25.98,0,0,5.6873
25.99,0,0,5.5831
26,0,0,5.4794
26.01,0,0,5.3763
26.02,0,0,5.2738
26.03,0,0,5.1719
26.04,0,0,5.0705
26.05,0,0,4.9698
26.06,0,0,4.8697
26.07,0,0,4.7702
26.08,0,0,4.6713
26.09,0,0,4.5731
26.1,0,0,4.4756
26.11,0,0,4.3787
26.12,0,0,4.2825
26.13,0,0,4.187
26.14,0,0,4.0921
26.15,0,0,3.998
26.16,0,0,3.9046
26.17,0,0,3.8118
26.18,0,0,3.7199
26.19,0,0,3.6286
26.2,0,0,3.5381
26.21,0,0,3.4483
26.22,0,0,3.3592
26.23,0,0,3.2709
26.24,0,0,3.1834
26.25,0,0,3.0966
26.26,0,0,3.0106
26.27,0,0,2.9254
26.28,0,0,2.841
26.29,0,0,2.7573
26.3,0,0,2.6744
26.31,0,0,2.5923
26.32,0,0,2.511
26.33,0,0,2.4306
26.34,0,0,2.3509
26.35,0,0,2.272
26.36,0,0,2.1939
26.37,0,0,2.1166
26.38,0,0,2.0402
26.39,0,0,1.9645
26.4,0,0,1.8897
26.41,0,0,1.8157
26.42,0,0,1.7425
26.43,0,0,1.6702
26.44,0,0,1.5986
26.45,0,0,1.5279
26.46,0,0,1.458
26.47,0,0,1.389
26.48,0,0,1.3208
26.49,0,0,1.2533
26.5,0,0,1.1868
26.51,0,0,1.121
26.52,0,0,1.0561
26.53,0,0,0.99201
26.54,0,0,0.92875
26.55,0,0,0.86631
26.56,0,0,0.80469
26.57,0,0,0.7439
26.58,0,0,0.68394
26.59,0,0,0.6248
26.6,0,0,0.56648
26.61,0,0,0.50898
26.62,0,0,0.45229
26.63,0,0,0.39643
26.64,0,0,0.34138
26.65,0,0,0.28714
26.66,0,0,0.23371
26.67,0,0,0.18109
26.68,0,0,0.12927
26.69,0,0,0.07826
26.7,0,0,0.028049
26.71,0,0,-0.021364
26.72,0,0,-0.069983
26.73,0,0,-0.11781
26.74,0,0,-0.16485
26.75,0,0,-0.2111
26.76,0,0,-0.25657
26.77,0,0,-0.30126
26.78,0,0,-0.34518
26.79,0,0,-0.38832
26.8,0,0,-0.4307
26.81,0,0,-0.47231
26.82,0,0,-0.51316
26.83,0,0,-0.55326
26.84,0,0,-0.5926
26.85,0,0,-0.63119
26.86,0,0,-0.66905
26.87,0,0,-0.70616
26.88,0,0,-0.74254
26.89,0,0,-0.77818
26.9,0,0,-0.8131
26.91,0,0,-0.8473
26.92,0,0,-0.88078
26.93,0,0,-0.91355
26.94,0,0,-0.94562
26.95,0,0,-0.97698
26.96,0,0,-1.0076
26.97,0,0,-1.0376
26.98,0,0,-1.0669
26.99,0,0,-1.0955
27,0,0,-1.1234
27.01,0,0,-1.1507
27.02,0,0,-1.1773
27.03,0,0,-1.2032
27.04,0,0,-1.2285
27.05,0,0,-1.2531
27.06,0,0,-1.2771
27.07,0,0,-1.3004
27.08,0,0,-1.3231
27.09,0,0,-1.3452
27.1,0,0,-1.3667
27.11,0,0,-1.3875
27.12,0,0,-1.4077
27.13,0,0,-1.4273
27.14,0,0,-1.4464
27.15,0,0,-1.4648
27.16,0,0,-1.4826
27.17,0,0,-1.4999
27.18,0,0,-1.5166
27.19,0,0,-1.5327
27.2,0,0,-1.5482
27.21,0,0,-1.5632
27.22,0,0,-1.5777
27.23,0,0,-1.5916
27.24,0,0,-1.6049
27.25,0,0,-1.6177
27.26,0,0,-1.63
27.27,0,0,-1.6418
27.28,0,0,-1.653
27.29,0,0,-1.6638
27.3,0,0,-1.674
27.31,0,0,-1.6837
27.32,0,0,-1.693
27.33,0,0,-1.7017
27.34,0,0,-1.71
27.35,0,0,-1.7178
27.36,0,0,-1.7251
27.37,0,0,-1.732
27.38,0,0,-1.7384
27.39,0,0,-1.7444
27.4,0,0,-1.7499
27.41,0,0,-1.755
27.42,0,0,-1.7596
27.43,0,0,-1.7639
27.44,0,0,-1.7677
27.45,0,0,-1.771
27.46,0,0,-1.774
27.47,0,0,-1.7766
27.48,0,0,-1.7788
27.49,0,0,-1.7806
27.5,0,0,-1.782
27.51,0,0,-1.783
27.52,0,0,-1.7837
27.53,0,0,-1.7839
27.54,0,0,-1.7839
27.55,0,0,-1.7834
27.56,0,0,-1.7826
27.57,0,0,-1.7815
27.58,0,0,-1.7801
27.59,0,0,-1.7783
27.6,0,0,-1.7761
27.61,0,0,-1.7737
27.62,0,0,-1.7709
27.63,0,0,-1.7679
27.64,0,0,-1.7645
27.65,0,0,-1.7608
27.66,0,0,-1.7569
27.67,0,0,-1.7526
27.68,0,0,-1.7481
27.69,0,0,-1.7432
27.7,0,0,-1.7382
27.71,0,0,-1.7328
27.72,0,0,-1.7272
27.73,0,0,-1.7213
27.74,0,0,-1.7152
27.75,0,0,-1.7088
27.76,0,0,-1.7022
27.77,0,0,-1.6954
27.78,0,0,-1.6883
27.79,0,0,-1.681
27.8,0,0,-1.6735
27.81,0,0,-1.6658
27.82,0,0,-1.6579
27.83,0,0,-1.6497
27.84,0,0,-1.6414
27.85,0,0,-1.6329
27.86,0,0,-1.6241
27.87,0,0,-1.6152
27.88,0,0,-1.6061
27.89,0,0,-1.5969
27.9,0,0,-1.5874
27.91,0,0,-1.5778
27.92,0,0,-1.568
27.93,0,0,-1.5581
27.94,0,0,-1.548
27.95,0,0,-1.5378
27.96,0,0,-1.5275
27.97,0,0,-1.5169
27.98,0,0,-1.5063
27.99,0,0,-1.4955
28,0,0,-1.4846
28.01,0,0,-1.4736
28.02,0,0,-1.4625
28.03,0,0,-1.4512
28.04,0,0,-1.4398
28.05,0,0,-1.4284
28.06,0,0,-1.4168
28.07,0,0,-1.4051
28.08,0,0,-1.3933
28.09,0,0,-1.3815
28.1,0,0,-1.3695
28.11,0,0,-1.3575
28.12,0,0,-1.3454
28.13,0,0,-1.3332
28.14,0,0,-1.321
28.15,0,0,-1.3087
28.16,0,0,-1.2963
28.17,0,0,-1.2838
28.18,0,0,-1.2713
28.19,0,0,-1.2588
28.2,0,0,-1.2461
28.21,0,0,-1.2335
28.22,0,0,-1.2208
28.23,0,0,-1.208
28.24,0,0,-1.1953
28.25,0,0,-1.1825
28.26,0,0,-1.1696
28.27,0,0,-1.1567
28.28,0,0,-1.1438
28.29,0,0,-1.1309
28.3,0,0,-1.118
28.31,0,0,-1.105
28.32,0,0,-1.092
28.33,0,0,-1.0791
28.34,0,0,-1.0661
28.35,0,0,-1.0531
28.36,0,0,-1.0401
28.37,0,0,-1.0271
28.38,0,0,-1.0141
28.39,0,0,-1.0011
28.4,0,0,-0.9881
28.41,0,0,-0.97513
28.42,0,0,-0.96217
28.43,0,0,-0.94922
28.44,0,0,-0.93629
28.45,0,0,-0.92338
28.46,0,0,-0.9105
28.47,0,0,-0.89763
28.48,0,0,-0.8848
28.49,0,0,-0.87199
28.5,0,0,-0.85921
28.51,0,0,-0.84647
28.52,0,0,-0.83376
28.53,0,0,-0.82108
28.54,0,0,-0.80845
28.55,0,0,-0.79585
28.56,0,0,-0.7833
28.57,0,0,-0.77079
28.58,0,0,-0.75833
28.59,0,0,-0.74591
28.6,0,0,-0.73355
28.61,0,0,-0.72123
28.62,0,0,-0.70897
28.63,0,0,-0.69677
28.64,0,0,-0.68461
28.65,0,0,-0.67252
28.66,0,0,-0.66049
28.67,0,0,-0.64851
28.68,0,0,-0.6366
28.69,0,0,-0.62475
28.7,0,0,-0.61297
28.71,0,0,-0.60125
28.72,0,0,-0.5896
28.73,0,0,-0.57802
28.74,0,0,-0.5665
28.75,0,0,-0.55506
28.76,0,0,-0.54369
28.77,0,0,-0.53239
28.78,0,0,-0.52117
28.79,0,0,-0.51003
28.8,0,0,-0.49895
28.81,0,0,-0.48796
28.82,0,0,-0.47705
28.83,0,0,-0.46621
28.84,0,0,-0.45545
28.85,0,0,-0.44478
28.86,0,0,-0.43419
28.87,0,0,-0.42368
28.88,0,0,-0.41325
28.89,0,0,-0.40291
28.9,0,0,-0.39265
28.91,0,0,-0.38248
28.92,0,0,-0.37239
28.93,0,0,-0.36239
28.94,0,0,-0.35248
28.95,0,0,-0.34266
28.96,0,0,-0.33292
28.97,0,0,-0.32328
28.98,0,0,-0.31372
28.99,0,0,-0.30426
29,0,0,-0.29488
29.01,0,0,-0.2856
29.02,0,0,-0.2764
29.03,0,0,-0.2673
29.04,0,0,-0.25829
29.05,0,0,-0.24938
29.06,0,0,-0.24055
29.07,0,0,-0.23182
29.08,0,0,-0.22319
29.09,0,0,-0.21464
29.1,0,0,-0.20619
29.11,0,0,-0.19784
29.12,0,0,-0.18958
29.13,0,0,-0.18141
29.14,0,0,-0.17334
29.15,0,0,-0.16536
29.16,0,0,-0.15747
29.17,0,0,-0.14968
29.18,0,0,-0.14199
29.19,0,0,-0.13439
29.2,0,0,-0.12688
29.21,0,0,-0.11947
29.22,0,0,-0.11216
29.23,0,0,-0.10494
29.24,0,0,-0.097811
29.25,0,0,-0.090778
29.26,0,0,-0.083841
29.27,0,0,-0.076997
29.28,0,0,-0.070248
29.29,0,0,-0.063592
29.3,0,0,-0.05703
29.31,0,0,-0.050562
29.32,0,0,-0.044188
29.33,0,0,-0.037906
29.34,0,0,-0.031717
29.35,0,0,-0.025621
29.36,0,0,-0.019618
29.37,0,0,-0.013706
29.38,0,0,-0.0078865
29.39,0,0,-0.0021584
29.4,0,0,0.0034784
29.41,0,0,0.0090244
29.42,0,0,0.01448
29.43,0,0,0.019845
29.44,0,0,0.025121
29.45,0,0,0.030307
29.46,0,0,0.035404
29.47,0,0,0.040412
29.48,0,0,0.045332
29.49,0,0,0.050164
29.5,0,0,0.054909
29.51,0,0,0.059567
29.52,0,0,0.064139
29.53,0,0,0.068625
29.54,0,0,0.073025
29.55,0,0,0.07734
29.56,0,0,0.081571
29.57,0,0,0.085717
29.58,0,0,0.089781
29.59,0,0,0.093761
29.6,0,0,0.097659
29.61,0,0,0.10147
29.62,0,0,0.10521
29.63,0,0,0.10886
29.64,0,0,0.11244
29.65,0,0,0.11593
29.66,0,0,0.11934
29.67,0,0,0.12268
29.68,0,0,0.12594
29.69,0,0,0.12912
29.7,0,0,0.13222
29.71,0,0,0.13525
29.72,0,0,0.13821
29.73,0,0,0.14108
29.74,0,0,0.14389
29.75,0,0,0.14662
29.76,0,0,0.14927
29.77,0,0,0.15186
29.78,0,0,0.15437
29.79,0,0,0.15681
29.8,0,0,0.15918
29.81,0,0,0.16149
29.82,0,0,0.16372
29.83,0,0,0.16588
29.84,0,0,0.16798
29.85,0,0,0.17001
29.86,0,0,0.17197
29.87,0,0,0.17387
29.88,0,0,0.1757
29.89,0,0,0.17746
29.9,0,0,0.17917
29.91,0,0,0.18081
29.92,0,0,0.18239
29.93,0,0,0.1839
29.94,0,0,0.18536
29.95,0,0,0.18675
29.96,0,0,0.18809
29.97,0,0,0.18936
29.98,0,0,0.19058
29.99,0,0,0.19174
30,0,0,0.19285
30.01,0,0,0.19389
30.02,0,0,0.19488
30.03,0,0,0.19582
30.04,0,0,0.1967
30.05,0,0,0.19753
30.06,0,0,0.19831
30.07,0,0,0.19903
30.08,0,0,0.19971
30.09,0,0,0.20033
30.1,0,0,0.2009
30.11,0,0,0.20142
30.12,0,0,0.2019
30.13,0,0,0.20232
30.14,0,0,0.2027
30.15,0,0,0.20303
30.16,0,0,0.20332
30.17,0,0,0.20356
30.18,0,0,0.20376
30.19,0,0,0.20391
30.2,0,0,0.20402
30.21,0,0,0.20409
30.22,0,0,0.20411
30.23,0,0,0.2041
30.24,0,0,0.20404
30.25,0,0,0.20394
30.26,0,0,0.20381
30.27,0,0,0.20363
30.28,0,0,0.20342
30.29,0,0,0.20317
30.3,0,0,0.20288
30.31,0,0,0.20256
30.32,0,0,0.2022
30.33,0,0,0.20181
30.34,0,0,0.20139
30.35,0,0,0.20093
30.36,0,0,0.20043
30.37,0,0,0.19991
30.38,0,0,0.19935
30.39,0,0,0.19876
30.4,0,0,0.19815
30.41,0,0,0.1975
30.42,0,0,0.19682
30.43,0,0,0.19612
30.44,0,0,0.19538
30.45,0,0,0.19462
30.46,0,0,0.19383
30.47,0,0,0.19302
30.48,0,0,0.19218
30.49,0,0,0.19132
30.5,0,0,0.19043
30.51,0,0,0.18952
30.52,0,0,0.18858
30.53,0,0,0.18762
30.54,0,0,0.18664
30.55,0,0,0.18564
30.56,0,0,0.18462
30.57,0,0,0.18357
30.58,0,0,0.18251
30.59,0,0,0.18142
30.6,0,0,0.18032
30.61,0,0,0.1792
30.62,0,0,0.17806
30.63,0,0,0.17691
30.64,0,0,0.17573
30.65,0,0,0.17454
30.66,0,0,0.17334
30.67,0,0,0.17212
30.68,0,0,0.17088
30.69,0,0,0.16963
30.7,0,0,0.16837
30.71,0,0,0.16709
30.72,0,0,0.1658
30.73,0,0,0.1645
30.74,0,0,0.16318
30.75,0,0,0.16186
30.76,0,0,0.16052
30.77,0,0,0.15917
30.78,0,0,0.15781
30.79,0,0,0.15644
30.8,0,0,0.15507
30.81,0,0,0.15368
30.82,0,0,0.15228
30.83,0,0,0.15088
30.84,0,0,0.14947
30.85,0,0,0.14805
30.86,0,0,0.14663
30.87,0,0,0.14519
30.88,0,0,0.14376
30.89,0,0,0.14231
30.9,0,0,0.14086
30.91,0,0,0.13941
30.92,0,0,0.13795
30.93,0,0,0.13649
30.94,0,0,0.13502
30.95,0,0,0.13355
30.96,0,0,0.13208
30.97,0,0,0.1306
30.98,0,0,0.12912
30.99,0,0,0.12764
31,0,0,0.12616
31.01,0,0,0.12467
31.02,0,0,0.12319
31.03,0,0,0.1217
31.04,0,0,0.12021
31.05,0,0,0.11873
31.06,0,0,0.11724
31.07,0,0,0.11575
31.08,0,0,0.11427
31.09,0,0,0.11278
31.1,0,0,0.1113
31.11,0,0,0.10981
31.12,0,0,0.10833
31.13,0,0,0.10685
31.14,0,0,0.10538
31.15,0,0,0.1039
31.16,0,0,0.10243
31.17,0,0,0.10096
31.18,0,0,0.099499
31.19,0,0,0.098038
31.2,0,0,0.096581
31.21,0,0,0.095127
31.22,0,0,0.093678
31.23,0,0,0.092233
31.24,0,0,0.090793
31.25,0,0,0.089357
31.26,0,0,0.087927
31.27,0,0,0.086502
31.28,0,0,0.085083
31.29,0,0,0.083669
31.3,0,0,0.082261
31.31,0,0,0.08086
31.32,0,0,0.079464
31.33,0,0,0.078075
31.34,0,0,0.076693
31.35,0,0,0.075317
31.36,0,0,0.073948
31.37,0,0,0.072587
31.38,0,0,0.071232
31.39,0,0,0.069885
31.4,0,0,0.068546
31.41,0,0,0.067214
31.42,0,0,0.065891
31.43,0,0,0.064575
31.44,0,0,0.063267
31.45,0,0,0.061968
31.46,0,0,0.060677
31.47,0,0,0.059394
31.48,0,0,0.058121
31.49,0,0,0.056856
31.5,0,0,0.055599
31.51,0,0,0.054352
31.52,0,0,0.053114
31.53,0,0,0.051885
31.54,0,0,0.050666
31.55,0,0,0.049455
31.56,0,0,0.048254
31.57,0,0,0.047063
31.58,0,0,0.045882
31.59,0,0,0.04471
31.6,0,0,0.043548
31.61,0,0,0.042396
31.62,0,0,0.041253
31.63,0,0,0.040121
31.64,0,0,0.038999
31.65,0,0,0.037887
31.66,0,0,0.036786
31.67,0,0,0.035694
31.68,0,0,0.034613
31.69,0,0,0.033542
31.7,0,0,0.032482
31.71,0,0,0.031432
31.72,0,0,0.030393
31.73,0,0,0.029364
31.74,0,0,0.028346
31.75,0,0,0.027338
31.76,0,0,0.026341
31.77,0,0,0.025355
31.78,0,0,0.024379
31.79,0,0,0.023415
31.8,0,0,0.022461
31.81,0,0,0.021517
31.82,0,0,0.020585
31.83,0,0,0.019663
31.84,0,0,0.018752
31.85,0,0,0.017852
31.86,0,0,0.016963
31.87,0,0,0.016085
31.88,0,0,0.015217
31.89,0,0,0.01436
31.9,0,0,0.013514
31.91,0,0,0.012679
31.92,0,0,0.011855
31.93,0,0,0.011042
31.94,0,0,0.010239
31.95,0,0,0.0094473
31.96,0,0,0.0086663
31.97,0,0,0.0078961
31.98,0,0,0.0071365
31.99,0,0,0.0063877
32,0,0,0.0056497
32.01,0,0,0.0049223
32.02,0,0,0.0042055
32.03,0,0,0.0034994
32.04,0,0,0.0028038
32.05,0,0,0.0021189
32.06,0,0,0.0014445
32.07,0,0,0.00078054
32.08,0,0,0.00012708
32.09,0,0,-0.00051594
32.1,0,0,-0.0011486
32.11,0,0,-0.0017709
32.12,0,0,-0.0023828
32.13,0,0,-0.0029845
32.14,0,0,-0.003576
32.15,0,0,-0.0041573
32.16,0,0,-0.0047285
32.17,0,0,-0.0052896
32.18,0,0,-0.0058406
32.19,0,0,-0.0063817
32.2,0,0,-0.0069128
32.21,0,0,-0.0074341
32.22,0,0,-0.0079455
32.23,0,0,-0.0084471
32.24,0,0,-0.0089391
32.25,0,0,-0.0094214
32.26,0,0,-0.009894
32.27,0,0,-0.010357
32.28,0,0,-0.010811
32.29,0,0,-0.011255
32.3,0,0,-0.01169
32.31,0,0,-0.012115
32.32,0,0,-0.012532
32.33,0,0,-0.012939
32.34,0,0,-0.013337
32.35,0,0,-0.013726
32.36,0,0,-0.014106
32.37,0,0,-0.014477
32.38,0,0,-0.01484
32.39,0,0,-0.015193
32.4,0,0,-0.015538
32.41,0,0,-0.015874
32.42,0,0,-0.016202
32.43,0,0,-0.016521
32.44,0,0,-0.016832
32.45,0,0,-0.017135
32.46,0,0,-0.017429
32.47,0,0,-0.017715
32.48,0,0,-0.017993
32.49,0,0,-0.018262
32.5,0,0,-0.018524
32.51,0,0,-0.018778
32.52,0,0,-0.019024
32.53,0,0,-0.019263
32.54,0,0,-0.019494
32.55,0,0,-0.019717
32.56,0,0,-0.019932
32.57,0,0,-0.020141
32.58,0,0,-0.020341
32.59,0,0,-0.020535
32.6,0,0,-0.020721
32.61,0,0,-0.020901
32.62,0,0,-0.021073
32.63,0,0,-0.021238
32.64,0,0,-0.021396
32.65,0,0,-0.021548
32.66,0,0,-0.021693
32.67,0,0,-0.021831
32.68,0,0,-0.021962
32.69,0,0,-0.022087
32.7,0,0,-0.022206
32.71,0,0,-0.022318
32.72,0,0,-0.022424
32.73,0,0,-0.022524
32.74,0,0,-0.022618
32.75,0,0,-0.022705
32.76,0,0,-0.022787
32.77,0,0,-0.022863
32.78,0,0,-0.022933
32.79,0,0,-0.022998
32.8,0,0,-0.023056
32.81,0,0,-0.02311
32.82,0,0,-0.023157
32.83,0,0,-0.0232
32.84,0,0,-0.023237
32.85,0,0,-0.023269
32.86,0,0,-0.023295
32.87,0,0,-0.023317
32.88,0,0,-0.023333
32.89,0,0,-0.023345
32.9,0,0,-0.023352
32.91,0,0,-0.023354
32.92,0,0,-0.023351
32.93,0,0,-0.023344
32.94,0,0,-0.023332
32.95,0,0,-0.023315
32.96,0,0,-0.023295
32.97,0,0,-0.02327
32.98,0,0,-0.02324
32.99,0,0,-0.023207
33,0,0,-0.023169
33.01,0,0,-0.023127
33.02,0,0,-0.023082
33.03,0,0,-0.023032
33.04,0,0,-0.022979
33.05,0,0,-0.022922
33.06,0,0,-0.022861
33.07,0,0,-0.022797
33.08,0,0,-0.022729
33.09,0,0,-0.022658
33.1,0,0,-0.022583
33.11,0,0,-0.022505
33.12,0,0,-0.022424
33.13,0,0,-0.022339
33.14,0,0,-0.022251
33.15,0,0,-0.022161
33.16,0,0,-0.022067
33.17,0,0,-0.021971
33.18,0,0,-0.021871
33.19,0,0,-0.021769
33.2,0,0,-0.021664
33.21,0,0,-0.021557
33.22,0,0,-0.021447
33.23,0,0,-0.021334
33.24,0,0,-0.021219
33.25,0,0,-0.021101
33.26,0,0,-0.020981
33.27,0,0,-0.020859
33.28,0,0,-0.020735
33.29,0,0,-0.020608
33.3,0,0,-0.02048
33.31,0,0,-0.020349
33.32,0,0,-0.020216
33.33,0,0,-0.020082
33.34,0,0,-0.019945
33.35,0,0,-0.019807
33.36,0,0,-0.019667
33.37,0,0,-0.019526
33.38,0,0,-0.019382
33.39,0,0,-0.019237
33.4,0,0,-0.019091
33.41,0,0,-0.018943
33.42,0,0,-0.018794
33.43,0,0,-0.018643
33.44,0,0,-0.018491
33.45,0,0,-0.018338
33.46,0,0,-0.018183
33.47,0,0,-0.018028
33.48,0,0,-0.017871
33.49,0,0,-0.017713
33.5,0,0,-0.017554
33.51,0,0,-0.017394
33.52,0,0,-0.017234
33.53,0,0,-0.017072
33.54,0,0,-0.016909
33.55,0,0,-0.016746
33.56,0,0,-0.016582
33.57,0,0,-0.016418
33.58,0,0,-0.016252
33.59,0,0,-0.016086
33.6,0,0,-0.01592
33.61,0,0,-0.015753
33.62,0,0,-0.015585
33.63,0,0,-0.015418
33.64,0,0,-0.015249
33.65,0,0,-0.015081
33.66,0,0,-0.014912
33.67,0,0,-0.014742
33.68,0,0,-0.014573
33.69,0,0,-0.014403
33.7,0,0,-0.014233
33.71,0,0,-0.014063
33.72,0,0,-0.013893
33.73,0,0,-0.013723
33.74,0,0,-0.013553
33.75,0,0,-0.013383
33.76,0,0,-0.013213
33.77,0,0,-0.013042
33.78,0,0,-0.012873
33.79,0,0,-0.012703
33.8,0,0,-0.012533
33.81,0,0,-0.012364
33.82,0,0,-0.012195
33.83,0,0,-0.012026
33.84,0,0,-0.011857
33.85,0,0,-0.011689
33.86,0,0,-0.011521
33.87,0,0,-0.011353
33.88,0,0,-0.011186
33.89,0,0,-0.01102
33.9,0,0,-0.010853
33.91,0,0,-0.010688
33.92,0,0,-0.010522
33.93,0,0,-0.010358
33.94,0,0,-0.010194
33.95,0,0,-0.01003
33.96,0,0,-0.0098672
33.97,0,0,-0.0097049
33.98,0,0,-0.0095433
33.99,0,0,-0.0093824
34,0,0,-0.0092221
34.01,0,0,-0.0090626
34.02,0,0,-0.0089038
34.03,0,0,-0.0087457
34.04,0,0,-0.0085885
34.05,0,0,-0.008432
34.06,0,0,-0.0082764
34.07,0,0,-0.0081216
34.08,0,0,-0.0079676
34.09,0,0,-0.0078146
34.1,0,0,-0.0076624
34.11,0,0,-0.0075111
34.12,0,0,-0.0073607
34.13,0,0,-0.0072113
34.14,0,0,-0.0070628
34.15,0,0,-0.0069152
34.16,0,0,-0.0067687
34.17,0,0,-0.0066231
34.18,0,0,-0.0064786
34.19,0,0,-0.006335
34.2,0,0,-0.0061925
34.21,0,0,-0.0060511
34.22,0,0,-0.0059107
34.23,0,0,-0.0057713
34.24,0,0,-0.005633
34.25,0,0,-0.0054958
34.26,0,0,-0.0053598
34.27,0,0,-0.0052248
34.28,0,0,-0.0050909
34.29,0,0,-0.0049581
34.3,0,0,-0.0048265
34.31,0,0,-0.0046961
34.32,0,0,-0.0045667
34.33,0,0,-0.0044386
34.34,0,0,-0.0043115
34.35,0,0,-0.0041857
34.36,0,0,-0.004061
34.37,0,0,-0.0039376
34.38,0,0,-0.0038153
34.39,0,0,-0.0036942
34.4,0,0,-0.0035743
34.41,0,0,-0.0034556
34.42,0,0,-0.0033381
34.43,0,0,-0.0032218
34.44,0,0,-0.0031068
34.45,0,0,-0.0029929
34.46,0,0,-0.0028803
34.47,0,0,-0.0027689
34.48,0,0,-0.0026588
34.49,0,0,-0.0025498
34.5,0,0,-0.0024421
34.51,0,0,-0.0023357
34.52,0,0,-0.0022304
34.53,0,0,-0.0021264
34.54,0,0,-0.0020237
34.55,0,0,-0.0019222
34.56,0,0,-0.0018219
34.57,0,0,-0.0017229
34.58,0,0,-0.0016251
34.59,0,0,-0.0015285
34.6,0,0,-0.0014332
34.61,0,0,-0.0013391
34.62,0,0,-0.0012463
34.63,0,0,-0.0011547
34.64,0,0,-0.0010643
34.65,0,0,-0.0009752
34.66,0,0,-0.0008873
34.67,0,0,-0.00080062
34.68,0,0,-0.00071518
34.69,0,0,-0.00063095
34.7,0,0,-0.00054795
34.71,0,0,-0.00046617
34.72,0,0,-0.0003856
34.73,0,0,-0.00030624
34.74,0,0,-0.0002281
34.75,0,0,-0.00015115
34.76,0,0,-7.5411e-05
34.77,0,0,-8.6522e-07
34.78,0,0,7.2488e-05
34.79,0,0,0.00014465
34.8,0,0,0.00021563
34.81,0,0,0.00028544
34.82,0,0,0.00035406
34.83,0,0,0.00042152
34.84,0,0,0.00048782
34.85,0,0,0.00055296
34.86,0,0,0.00061694
34.87,0,0,0.00067978
34.88,0,0,0.00074147
34.89,0,0,0.00080204
34.9,0,0,0.00086147
34.91,0,0,0.00091977
34.92,0,0,0.00097697
34.93,0,0,0.001033
34.94,0,0,0.001088
34.95,0,0,0.0011419
34.96,0,0,0.0011947
34.97,0,0,0.0012464
34.98,0,0,0.001297
34.99,0,0,0.0013466
35,0,0,0.0013951
35.01,0,0,0.0014425
35.02,0,0,0.0014889
35.03,0,0,0.0015343
35.04,0,0,0.0015786
35.05,0,0,0.0016219
35.06,0,0,0.0016642
35.07,0,0,0.0017054
35.08,0,0,0.0017457
35.09,0,0,0.001785
35.1,0,0,0.0018233
35.11,0,0,0.0018606
35.12,0,0,0.0018969
35.13,0,0,0.0019323
35.14,0,0,0.0019668
35.15,0,0,0.0020002
35.16,0,0,0.0020328
35.17,0,0,0.0020644
35.18,0,0,0.0020951
35.19,0,0,0.0021249
35.2,0,0,0.0021538
35.21,0,0,0.0021818
35.22,0,0,0.0022089
35.23,0,0,0.0022352
35.24,0,0,0.0022605
35.25,0,0,0.002285
35.26,0,0,0.0023087
35.27,0,0,0.0023315
35.28,0,0,0.0023535
35.29,0,0,0.0023747
35.3,0,0,0.0023951
35.31,0,0,0.0024146
35.32,0,0,0.0024334
35.33,0,0,0.0024513
35.34,0,0,0.0024685
35.35,0,0,0.0024849
35.36,0,0,0.0025006
35.37,0,0,0.0025155
35.38,0,0,0.0025297
35.39,0,0,0.0025431
35.4,0,0,0.0025558
35.41,0,0,0.0025679
35.42,0,0,0.0025791
35.43,0,0,0.0025897
35.44,0,0,0.0025997
35.45,0,0,0.0026089
35.46,0,0,0.0026174
35.47,0,0,0.0026253
35.48,0,0,0.0026326
35.49,0,0,0.0026392
35.5,0,0,0.0026452
35.51,0,0,0.0026505
35.52,0,0,0.0026553
35.53,0,0,0.0026594
35.54,0,0,0.0026629
35.55,0,0,0.0026659
35.56,0,0,0.0026682
35.57,0,0,0.00267
35.58,0,0,0.0026712
35.59,0,0,0.0026719
35.6,0,0,0.002672
35.61,0,0,0.0026716
35.62,0,0,0.0026707
35.63,0,0,0.0026692
35.64,0,0,0.0026673
35.65,0,0,0.0026648
35.66,0,0,0.0026618
35.67,0,0,0.0026584
35.68,0,0,0.0026545
35.69,0,0,0.0026501
35.7,0,0,0.0026452
35.71,0,0,0.0026399
35.72,0,0,0.0026342
35.73,0,0,0.002628
35.74,0,0,0.0026214
35.75,0,0,0.0026144
35.76,0,0,0.0026069
35.77,0,0,0.0025991
35.78,0,0,0.0025908
35.79,0,0,0.0025822
35.8,0,0,0.0025732
35.81,0,0,0.0025639
35.82,0,0,0.0025541
35.83,0,0,0.002544
35.84,0,0,0.0025336
35.85,0,0,0.0025228
35.86,0,0,0.0025117
35.87,0,0,0.0025003
35.88,0,0,0.0024885
35.89,0,0,0.0024765
35.9,0,0,0.0024641
35.91,0,0,0.0024515
35.92,0,0,0.0024385
35.93,0,0,0.0024253
35.94,0,0,0.0024118
35.95,0,0,0.002398
35.96,0,0,0.002384
35.97,0,0,0.0023697
35.98,0,0,0.0023552
35.99,0,0,0.0023405
36,0,0,0.0023255
36.01,0,0,0.0023103
36.02,0,0,0.0022948
36.03,0,0,0.0022792
36.04,0,0,0.0022633
36.05,0,0,0.0022473
36.06,0,0,0.002231
36.07,0,0,0.0022146
36.08,0,0,0.002198
36.09,0,0,0.0021812
36.1,0,0,0.0021642
36.11,0,0,0.0021471
36.12,0,0,0.0021299
36.13,0,0,0.0021124
36.14,0,0,0.0020949
36.15,0,0,0.0020772
36.16,0,0,0.0020593
36.17,0,0,0.0020414
36.18,0,0,0.0020233
36.19,0,0,0.0020051
36.2,0,0,0.0019868
36.21,0,0,0.0019684
36.22,0,0,0.0019499
36.23,0,0,0.0019313
36.24,0,0,0.0019126
36.25,0,0,0.0018938
36.26,0,0,0.001875
36.27,0,0,0.001856
36.28,0,0,0.001837
36.29,0,0,0.001818
36.3,0,0,0.0017989
36.31,0,0,0.0017797
36.32,0,0,0.0017605
36.33,0,0,0.0017412
36.34,0,0,0.0017219
36.35,0,0,0.0017025
36.36,0,0,0.0016832
36.37,0,0,0.0016638
36.38,0,0,0.0016444
36.39,0,0,0.0016249
36.4,0,0,0.0016055
36.41,0,0,0.001586
36.42,0,0,0.0015665
36.43,0,0,0.0015471
36.44,0,0,0.0015276
36.45,0,0,0.0015081
36.46,0,0,0.0014887
36.47,0,0,0.0014692
36.48,0,0,0.0014498
36.49,0,0,0.0014304
36.5,0,0,0.001411
36.51,0,0,0.0013917
36.52,0,0,0.0013724
36.53,0,0,0.0013531
36.54,0,0,0.0013338
36.55,0,0,0.0013146
36.56,0,0,0.0012955
36.57,0,0,0.0012764
36.58,0,0,0.0012573
36.59,0,0,0.0012383
36.6,0,0,0.0012193
36.61,0,0,0.0012005
36.62,0,0,0.0011816
36.63,0,0,0.0011629
36.64,0,0,0.0011442
36.65,0,0,0.0011255
36.66,0,0,0.001107
36.67,0,0,0.0010885
36.68,0,0,0.0010701
36.69,0,0,0.0010518
36.7,0,0,0.0010335
36.71,0,0,0.0010154
36.72,0,0,0.00099733
36.73,0,0,0.00097935
36.74,0,0,0.00096147
36.75,0,0,0.00094368
36.76,0,0,0.00092598
36.77,0,0,0.00090839
36.78,0,0,0.00089089
36.79,0,0,0.00087349
36.8,0,0,0.0008562
36.81,0,0,0.00083902
36.82,0,0,0.00082194
36.83,0,0,0.00080497
36.84,0,0,0.00078811
36.85,0,0,0.00077136
36.86,0,0,0.00075473
36.87,0,0,0.00073821
36.88,0,0,0.00072181
36.89,0,0,0.00070553
36.9,0,0,0.00068936
36.91,0,0,0.00067332
36.92,0,0,0.0006574
36.93,0,0,0.0006416
36.94,0,0,0.00062593
36.95,0,0,0.00061038
36.96,0,0,0.00059496
36.97,0,0,0.00057967
36.98,0,0,0.0005645
36.99,0,0,0.00054947
37,0,0,0.00053456
37.01,0,0,0.00051979
37.02,0,0,0.00050515
37.03,0,0,0.00049064
37.04,0,0,0.00047627
37.05,0,0,0.00046203
37.06,0,0,0.00044793
37.07,0,0,0.00043396
37.08,0,0,0.00042013
37.09,0,0,0.00040644
37.1,0,0,0.00039288
37.11,0,0,0.00037947
37.12,0,0,0.00036619
37.13,0,0,0.00035305
37.14,0,0,0.00034005
37.15,0,0,0.00032719
37.16,0,0,0.00031447
37.17,0,0,0.00030189
37.18,0,0,0.00028946
37.19,0,0,0.00027716
37.2,0,0,0.000265
37.21,0,0,0.00025299
37.22,0,0,0.00024112
37.23,0,0,0.00022939
37.24,0,0,0.0002178
37.25,0,0,0.00020635
37.26,0,0,0.00019505
37.27,0,0,0.00018389
37.28,0,0,0.00017286
37.29,0,0,0.00016198
37.3,0,0,0.00015125
37.31,0,0,0.00014065
37.32,0,0,0.0001302
37.33,0,0,0.00011988
37.34,0,0,0.00010971
37.35,0,0,9.9679e-05
37.36,0,0,8.9788e-05
37.37,0,0,8.0038e-05
37.38,0,0,7.0427e-05
37.39,0,0,6.0956e-05
37.4,0,0,5.1624e-05
37.41,0,0,4.2432e-05
37.42,0,0,3.3378e-05
37.43,0,0,2.4462e-05
37.44,0,0,1.5684e-05
37.45,0,0,7.0429e-06
37.46,0,0,-1.461e-06
37.47,0,0,-9.8286e-06
37.48,0,0,-1.806e-05
37.49,0,0,-2.6157e-05
37.5,0,0,-3.4118e-05
37.51,0,0,-4.1946e-05
37.52,0,0,-4.964e-05
37.53,0,0,-5.7201e-05
37.54,0,0,-6.4629e-05
37.55,0,0,-7.1925e-05
37.56,0,0,-7.9091e-05
37.57,0,0,-8.6126e-05
37.58,0,0,-9.3031e-05
37.59,0,0,-9.9807e-05
37.6,0,0,-0.00010646
37.61,0,0,-0.00011298
37.62,0,0,-0.00011937
37.63,0,0,-0.00012564
37.64,0,0,-0.00013178
37.65,0,0,-0.00013779
37.66,0,0,-0.00014369
37.67,0,0,-0.00014946
37.68,0,0,-0.00015511
37.69,0,0,-0.00016063
37.7,0,0,-0.00016604
37.71,0,0,-0.00017132
37.72,0,0,-0.00017649
37.73,0,0,-0.00018154
37.74,0,0,-0.00018647
37.75,0,0,-0.00019129
37.76,0,0,-0.00019599
37.77,0,0,-0.00020058
37.78,0,0,-0.00020505
37.79,0,0,-0.00020941
37.8,0,0,-0.00021366
37.81,0,0,-0.0002178
37.82,0,0,-0.00022182
37.83,0,0,-0.00022574
37.84,0,0,-0.00022956
37.85,0,0,-0.00023326
37.86,0,0,-0.00023686
37.87,0,0,-0.00024035
37.88,0,0,-0.00024374
37.89,0,0,-0.00024703
37.9,0,0,-0.00025021
37.91,0,0,-0.0002533
37.92,0,0,-0.00025628
37.93,0,0,-0.00025917
37.94,0,0,-0.00026195
37.95,0,0,-0.00026464
37.96,0,0,-0.00026724
37.97,0,0,-0.00026974
37.98,0,0,-0.00027214
37.99,0,0,-0.00027445
38,0,0,-0.00027667
38.01,0,0,-0.0002788
38.02,0,0,-0.00028084
38.03,0,0,-0.00028279
38.04,0,0,-0.00028466
38.05,0,0,-0.00028643
38.06,0,0,-0.00028812
38.07,0,0,-0.00028973
38.08,0,0,-0.00029125
38.09,0,0,-0.00029269
38.1,0,0,-0.00029405
38.11,0,0,-0.00029533
38.12,0,0,-0.00029652
38.13,0,0,-0.00029764
38.14,0,0,-0.00029869
38.15,0,0,-0.00029965
38.16,0,0,-0.00030054
38.17,0,0,-0.00030136
38.18,0,0,-0.0003021
38.19,0,0,-0.00030277
38.2,0,0,-0.00030337
38.21,0,0,-0.0003039
38.22,0,0,-0.00030436
38.23,0,0,-0.00030475
38.24,0,0,-0.00030507
38.25,0,0,-0.00030533
38.26,0,0,-0.00030552
38.27,0,0,-0.00030565
38.28,0,0,-0.00030572
38.29,0,0,-0.00030572
38.3,0,0,-0.00030566
38.31,0,0,-0.00030554
38.32,0,0,-0.00030537
38.33,0,0,-0.00030513
38.34,0,0,-0.00030484
38.35,0,0,-0.00030449
38.36,0,0,-0.00030408
38.37,0,0,-0.00030362
38.38,0,0,-0.00030311
38.39,0,0,-0.00030255
38.4,0,0,-0.00030193
38.41,0,0,-0.00030127
38.42,0,0,-0.00030055
38.43,0,0,-0.00029978
38.44,0,0,-0.00029897
38.45,0,0,-0.00029811
38.46,0,0,-0.00029721
38.47,0,0,-0.00029626
38.48,0,0,-0.00029526
38.49,0,0,-0.00029422
38.5,0,0,-0.00029314
38.51,0,0,-0.00029202
38.52,0,0,-0.00029086
38.53,0,0,-0.00028966
38.54,0,0,-0.00028842
38.55,0,0,-0.00028714
38.56,0,0,-0.00028583
38.57,0,0,-0.00028448
38.58,0,0,-0.00028309
38.59,0,0,-0.00028167
38.6,0,0,-0.00028022
38.61,0,0,-0.00027873
38.62,0,0,-0.00027721
38.63,0,0,-0.00027566
38.64,0,0,-0.00027408
38.65,0,0,-0.00027247
38.66,0,0,-0.00027083
38.67,0,0,-0.00026917
38.68,0,0,-0.00026747
38.69,0,0,-0.00026575
38.7,0,0,-0.00026401
38.71,0,0,-0.00026224
38.72,0,0,-0.00026044
38.73,0,0,-0.00025862
38.74,0,0,-0.00025678
38.75,0,0,-0.00025492
38.76,0,0,-0.00025304
38.77,0,0,-0.00025113
38.78,0,0,-0.00024921
38.79,0,0,-0.00024726
38.8,0,0,-0.0002453
38.81,0,0,-0.00024332
38.82,0,0,-0.00024133
38.83,0,0,-0.00023931
38.84,0,0,-0.00023729
38.85,0,0,-0.00023524
38.86,0,0,-0.00023319
38.87,0,0,-0.00023111
38.88,0,0,-0.00022903
38.89,0,0,-0.00022693
38.9,0,0,-0.00022483
38.91,0,0,-0.00022271
38.92,0,0,-0.00022057
38.93,0,0,-0.00021843
38.94,0,0,-0.00021628
38.95,0,0,-0.00021413
38.96,0,0,-0.00021196
38.97,0,0,-0.00020978
38.98,0,0,-0.0002076
38.99,0,0,-0.00020541
39,0,0,-0.00020322
39.01,0,0,-0.00020102
39.02,0,0,-0.00019881
39.03,0,0,-0.0001966
39.04,0,0,-0.00019439
39.05,0,0,-0.00019217
39.06,0,0,-0.00018995
39.07,0,0,-0.00018773
39.08,0,0,-0.00018551
39.09,0,0,-0.00018328
39.1,0,0,-0.00018105
39.11,0,0,-0.00017883
39.12,0,0,-0.0001766
39.13,0,0,-0.00017437
39.14,0,0,-0.00017214
39.15,0,0,-0.00016992
39.16,0,0,-0.00016769
39.17,0,0,-0.00016547
39.18,0,0,-0.00016325
39.19,0,0,-0.00016104
39.2,0,0,-0.00015882
39.21,0,0,-0.00015661
39.22,0,0,-0.00015441
39.23,0,0,-0.00015221
39.24,0,0,-0.00015001
39.25,0,0,-0.00014782
39.26,0,0,-0.00014563
39.27,0,0,-0.00014345
39.28,0,0,-0.00014128
39.29,0,0,-0.00013911
39.3,0,0,-0.00013695
39.31,0,0,-0.0001348
39.32,0,0,-0.00013265
39.33,0,0,-0.00013052
39.34,0,0,-0.00012839
39.35,0,0,-0.00012627
39.36,0,0,-0.00012415
39.37,0,0,-0.00012205
39.38,0,0,-0.00011995
39.39,0,0,-0.00011787
39.4,0,0,-0.00011579
39.41,0,0,-0.00011373
39.42,0,0,-0.00011167
39.43,0,0,-0.00010963
39.44,0,0,-0.0001076
39.45,0,0,-0.00010557
39.46,0,0,-0.00010356
39.47,0,0,-0.00010156
39.48,0,0,-9.9576e-05
39.49,0,0,-9.76e-05
39.5,0,0,-9.5636e-05
39.51,0,0,-9.3684e-05
39.52,0,0,-9.1744e-05
39.53,0,0,-8.9818e-05
39.54,0,0,-8.7904e-05
39.55,0,0,-8.6003e-05
39.56,0,0,-8.4116e-05
39.57,0,0,-8.2242e-05
39.58,0,0,-8.0381e-05
39.59,0,0,-7.8534e-05
39.6,0,0,-7.6701e-05
39.61,0,0,-7.4882e-05
39.62,0,0,-7.3077e-05
39.63,0,0,-7.1287e-05
39.64,0,0,-6.9511e-05
39.65,0,0,-6.7749e-05
39.66,0,0,-6.6002e-05
39.67,0,0,-6.4269e-05
39.68,0,0,-6.2552e-05
39.69,0,0,-6.0849e-05
39.7,0,0,-5.9162e-05
39.71,0,0,-5.749e-05
39.72,0,0,-5.5833e-05
39.73,0,0,-5.4191e-05
39.74,0,0,-5.2565e-05
39.75,0,0,-5.0954e-05
39.76,0,0,-4.9359e-05
39.77,0,0,-4.7779e-05
39.78,0,0,-4.6215e-05
39.79,0,0,-4.4667e-05
39.8,0,0,-4.3135e-05
39.81,0,0,-4.1619e-05
39.82,0,0,-4.0119e-05
39.83,0,0,-3.8634e-05
39.84,0,0,-3.7166e-05
39.85,0,0,-3.5714e-05
39.86,0,0,-3.4277e-05
39.87,0,0,-3.2857e-05
39.88,0,0,-3.1453e-05
39.89,0,0,-3.0066e-05
39.9,0,0,-2.8694e-05
39.91,0,0,-2.7339e-05
39.92,0,0,-2.6e-05
39.93,0,0,-2.4677e-05
39.94,0,0,-2.337e-05
39.95,0,0,-2.208e-05
39.96,0,0,-2.0805e-05
39.97,0,0,-1.9547e-05
39.98,0,0,-1.8306e-05
39.99,0,0,-1.708e-05
40,0,0,-1.5871e-05
