Time,X,Y,Z,Vx,Vy,Vz,Mass,Thrust_X,Thrust_Y,Thrust_Z,Thrust_Mag
0.0,0.0,0.0,50.0,0.0,0.0,2.4590377236816287e-15,72.59000000000057,0.0,0.0,59.053242366932174,59.053242366932174
0.05,0.0,0.0,50.00000000000001,0.0,0.0,-0.44965662014951197,72.5883278807857,0.0,0.0,65.43020217997822,65.43020217997822
0.1,0.0,0.0,49.97751716899254,0.0,0.0,-0.8949197514987839,72.58647519737964,0.0,0.0,74.35548982954143,74.35548982954143
0.15000000000000002,0.0,0.0,49.9327711814176,0.0,0.0,-1.3340336948548952,72.58436979440516,0.0,0.0,86.28665106815707,86.28665106815707
0.2,0.0,0.0,49.86606949667486,0.0,0.0,-1.764927329908788,72.5819265619097,0.0,0.0,101.24232664623608,101.24232664623608
0.25,0.0,0.0,49.77782313017943,0.0,0.0,-2.1855163473078663,72.5790598633232,0.0,0.0,118.91867405034088,118.91867405034088
0.30000000000000004,0.0,0.0,49.66854731281404,0.0,0.0,-2.593925304708745,72.5756926667131,0.0,0.0,139.64457270294045,139.64457270294045
0.35000000000000003,0.0,0.0,49.5388510475786,0.0,0.0,-2.9880516456134214,72.57173862977169,0.0,0.0,165.10621247353055,165.10621247353055
0.4,0.0,0.0,49.38944846529794,0.0,0.0,-3.3646303513741587,72.56706366957083,0.0,0.0,198.8633301225352,198.8633301225352
0.45,0.0,0.0,49.22121694772923,0.0,0.0,-3.7179424732119344,72.56143291821931,0.0,0.0,247.95454573402108,247.95454573402108
0.5,0.0,0.0,49.03531982406864,0.0,0.0,-4.037416615154507,72.55441223212532,0.0,0.0,325.08940939116604,325.08940939116604
0.55,0.0,0.0,48.833448993310924,0.0,0.0,-4.303717661112058,72.5452076566413,0.0,0.0,443.1709737215126,443.1709737215126
0.6000000000000001,0.0,0.0,48.61826311025533,0.0,0.0,-4.488605468046283,72.53266001119786,0.0,0.0,569.0786436994626,569.0786436994626
0.65,0.0,0.0,48.393832836853015,0.0,0.0,-4.586646658440648,72.51654789671962,0.0,0.0,634.5192812611983,634.5192812611983
0.7000000000000001,0.0,0.0,48.16450050393098,0.0,0.0,-4.639479512039318,72.49858321548213,0.0,0.0,665.1937306572078,665.1937306572078
0.75,0.0,0.0,47.93252652832902,0.0,0.0,-4.6710487499490085,72.47975018433843,0.0,0.0,684.3073615280945,684.3073615280945
0.8,0.0,0.0,47.69897409083158,0.0,0.0,-4.6893132862848885,72.46037607915964,0.0,0.0,695.3198296311929,695.3198296311929
0.8500000000000001,0.0,0.0,47.46450842651734,0.0,0.0,-4.6998526446707825,72.44069023212171,0.0,0.0,701.4412489268293,701.4412489268293
0.9,0.0,0.0,47.2295157942838,0.0,0.0,-4.706036493768091,72.4208311003742,0.0,0.0,704.7847091208222,704.7847091208222
0.9500000000000001,0.0,0.0,46.9942139695954,0.0,0.0,-4.70977922504257,72.40087732272092,0.0,0.0,706.6343442450363,706.6343442450363
1.0,0.0,0.0,46.758725008343276,0.0,0.0,-4.712110494687811,72.38087118642181,0.0,0.0,707.7359657077959,707.7359657077959
1.05,0.0,0.0,46.52311948360889,0.0,0.0,-4.713545891000723,72.36083386624718,0.0,0.0,708.4855518638934,708.4855518638934
1.1,0.0,0.0,46.28744218905886,0.0,0.0,-4.714327957423998,72.34077532760624,0.0,0.0,709.0674158584194,709.0674158584194
1.1500000000000001,0.0,0.0,46.051725791187664,0.0,0.0,-4.714572113300439,72.32070031837506,0.0,0.0,709.5504729855811,709.5504729855811
1.2000000000000002,0.0,0.0,45.81599718552265,0.0,0.0,-4.714346260116669,72.30061163557711,0.0,0.0,709.9498083812967,709.9498083812967
1.25,0.0,0.0,45.58027987251681,0.0,0.0,-4.713707942359471,72.28051164920481,0.0,0.0,710.2617550833605,710.2617550833605
1.3,0.0,0.0,45.34459447539884,0.0,0.0,-4.7127173049898605,72.260402833053,0.0,0.0,710.4808338951003,710.4808338951003
1.35,0.0,0.0,45.10895861014936,0.0,0.0,-4.71143835110926,72.24028781601925,0.0,0.0,710.6059436488174,710.6059436488174
1.4000000000000001,0.0,0.0,44.8733866925939,0.0,0.0,-4.709935917215738,72.22016925817181,0.0,0.0,710.6412088191316,710.6412088191316
1.4500000000000002,0.0,0.0,44.637889896733114,0.0,0.0,-4.708272056560074,72.20004970282214,0.0,0.0,710.5947523249636,710.5947523249636
1.5,0.0,0.0,44.40247629390512,0.0,0.0,-4.706503266291026,72.17993146333885,0.0,0.0,710.47703283476,710.47703283476
1.55,0.0,0.0,44.16715113059057,0.0,0.0,-4.704678861711794,72.15981655702682,0.0,0.0,710.2994106638032,710.2994106638032
1.6,0.0,0.0,43.93191718750498,0.0,0.0,-4.702840341499689,72.13970667960412,0.0,0.0,710.0731180713399,710.0731180713399
1.6500000000000001,0.0,0.0,43.69677517043,0.0,0.0,-4.701021465541783,72.11960320882744,0.0,0.0,709.808609702272,709.808609702272
1.7000000000000002,0.0,0.0,43.46172409715292,0.0,0.0,-4.699248783233048,72.09950722650444,0.0,0.0,709.5152079265046,709.5152079265046
1.75,0.0,0.0,43.22676165799127,0.0,0.0,-4.697542408613889,72.07941955054613,0.0,0.0,709.200955043626,709.200955043626
1.8,0.0,0.0,42.99188453756058,0.0,0.0,-4.69591689933338,72.05934077120314,0.0,0.0,708.8726010746685,708.8726010746685
1.85,0.0,0.0,42.75708869259391,0.0,0.0,-4.694382145561643,72.03927128764732,0.0,0.0,708.5356742954083,708.5356742954083
1.9000000000000001,0.0,0.0,42.522369585315836,0.0,0.0,-4.692944211442258,72.01921134255666,0.0,0.0,708.1945978174004,708.1945978174004
1.9500000000000002,0.0,0.0,42.28772237474373,0.0,0.0,-4.691606097021824,71.99916105340021,0.0,0.0,707.8528274540399,707.8528274540399
2.0,0.0,0.0,42.053142069892644,0.0,0.0,-4.690368405718455,71.97912043982043,0.0,0.0,707.5129945098429,707.5129945098429
2.0500000000000003,0.0,0.0,41.81862364960673,0.0,0.0,-4.689229913723371,71.95908944697277,0.0,0.0,707.1770437226076,707.1770437226076
2.1,0.0,0.0,41.58416215392056,0.0,0.0,-4.688188044510617,71.93906796496152,0.0,0.0,706.8463599064339,706.8463599064339
2.15,0.0,0.0,41.349752751695036,0.0,0.0,-4.687239256121734,71.91905584468941,0.0,0.0,706.5218802477901,706.5218802477901
2.2,0.0,0.0,41.11539078888895,0.0,0.0,-4.6863793510284735,71.89905291052965,0.0,0.0,706.2041914210606,706.2041914210606
2.25,0.0,0.0,40.881071821337535,0.0,0.0,-4.685603718978492,71.8790589702481,0.0,0.0,705.8936108342053,705.8936108342053
2.3000000000000003,0.0,0.0,40.64679163538861,0.0,0.0,-4.684907523731949,71.85907382262482,0.0,0.0,705.5902537790946,705.5902537790946
2.35,0.0,0.0,40.41254625920202,0.0,0.0,-4.684285843386711,71.83909726317684,0.0,0.0,705.2940871882122,705.2940871882122
2.4000000000000004,0.0,0.0,40.17833196703268,0.0,0.0,-4.683733773523296,71.81912908835699,0.0,0.0,705.0049724283215,705.0049724283215
2.45,0.0,0.0,39.94414527835653,0.0,0.0,-4.683246500729216,71.79916909854208,0.0,0.0,704.7226978141648,704.7226978141648
2.5,0.0,0.0,39.709982953320065,0.0,0.0,-4.682819353603665,71.77921710010212,0.0,0.0,704.4470038741334,704.4470038741334
2.5500000000000003,0.0,0.0,39.47584198563989,0.0,0.0,-4.682447836247413,71.75927290675153,0.0,0.0,704.1776015536634,704.1776015536634
2.6,0.0,0.0,39.24171959382752,0.0,0.0,-4.682127649124514,71.73933634038762,0.0,0.0,703.9141857200592,703.9141857200592
2.6500000000000004,0.0,0.0,39.0076132113713,0.0,0.0,-4.681854700545969,71.71940723154509,0.0,0.0,703.6564446683931,703.6564446683931
2.7,0.0,0.0,38.77352047634401,0.0,0.0,-4.681625111544976,71.69948541958257,0.0,0.0,703.404066648981,703.404066648981
2.75,0.0,0.0,38.539439220766766,0.0,0.0,-4.681435216207905,71.67957075268335,0.0,0.0,703.1567442729294,703.1567442729294
2.8000000000000003,0.0,0.0,38.30536745995637,0.0,0.0,-4.681281558932328,71.6596630877327,0.0,0.0,702.9141773399758,702.9141773399758
2.85,0.0,0.0,38.07130338200976,0.0,0.0,-4.681160889706986,71.63976229011375,0.0,0.0,702.6760747506385,702.6760747506385
2.9000000000000004,0.0,0.0,37.837245337524415,0.0,0.0,-4.6810701580489384,71.61986823344971,0.0,0.0,702.4421553489565,702.4421553489565
2.95,0.0,0.0,37.60319182962197,0.0,0.0,-4.681006506341915,71.59998079932336,0.0,0.0,702.2121486780802,702.2121486780802
3.0,0.0,0.0,37.36914150430488,0.0,0.0,-4.680967262635584,71.58009987697304,0.0,0.0,701.9857951052559,701.9857951052559
3.0500000000000003,0.0,0.0,37.1350931411731,0.0,0.0,-4.680949933345194,71.56022536298693,0.0,0.0,701.7628460384897,701.7628460384897
3.1,0.0,0.0,36.90104564450585,0.0,0.0,-4.680952195787374,71.54035716099037,0.0,0.0,701.5430637670714,701.5430637670714
3.1500000000000004,0.0,0.0,36.666998034716485,0.0,0.0,-4.680971890814681,71.52049518133771,0.0,0.0,701.326221488703,701.326221488703
3.2,0.0,0.0,36.432949440175754,0.0,0.0,-4.681007015418638,71.50063934080364,0.0,0.0,701.1121031625868,701.1121031625868
3.25,0.0,0.0,36.198899089404826,0.0,0.0,-4.681055715422966,71.48078956227842,0.0,0.0,700.9005033901802,700.9005033901802
3.3000000000000003,0.0,0.0,35.964846303633685,0.0,0.0,-4.681116278247794,71.46094577446696,0.0,0.0,700.6912272092901,700.6912272092901
3.35,0.0,0.0,35.730790489721294,0.0,0.0,-4.681187125805708,71.44110791159288,0.0,0.0,700.4840901416061,700.4840901416061
3.4000000000000004,0.0,0.0,35.49673113343101,0.0,0.0,-4.68126680735247,71.42127591310232,0.0,0.0,700.278917703071,700.278917703071
3.45,0.0,0.0,35.26266779306339,0.0,0.0,-4.681353992668443,71.40144972338024,0.0,0.0,700.0755454948769,700.0755454948769
3.5,0.0,0.0,35.02860009342998,0.0,0.0,-4.681447465164749,71.38162929146583,0.0,0.0,699.8738189053673,699.8738189053673
3.5500000000000003,0.0,0.0,34.79452772017174,0.0,0.0,-4.681546115186599,71.36181457077474,0.0,0.0,699.6735928198559,699.6735928198559
3.6,0.0,0.0,34.560450414412415,0.0,0.0,-4.681648933508636,71.34200551883056,0.0,0.0,699.4747314671782,699.4747314671782
3.6500000000000004,0.0,0.0,34.32636796773699,0.0,0.0,-4.681755004926842,71.32220209700043,0.0,0.0,699.2771080340782,699.2771080340782
3.7,0.0,0.0,34.092280217490654,0.0,0.0,-4.681863502109991,71.30240427024114,0.0,0.0,699.0806045241617,699.0806045241617
3.75,0.0,0.0,33.85818704238516,0.0,0.0,-4.681973679539635,71.28261200684979,0.0,0.0,698.8851112543387,698.8851112543387
3.8000000000000003,0.0,0.0,33.62408835840818,0.0,0.0,-4.682084867793105,71.26282527822845,0.0,0.0,698.6905266616134,698.6905266616134
3.85,0.0,0.0,33.38998411501853,0.0,0.0,-4.682196467952447,71.2430440586542,0.0,0.0,698.4967569470009,698.4967569470009
3.9000000000000004,0.0,0.0,33.15587429162091,0.0,0.0,-4.682307946253872,71.22326832505914,0.0,0.0,698.3037156497112,698.3037156497112
3.95,0.0,0.0,32.92175889430822,0.0,0.0,-4.682418829027118,71.20349805682312,0.0,0.0,698.1113233571434,698.1113233571434
4.0,0.0,0.0,32.687637952856875,0.0,0.0,-4.682528697829966,71.18373323557397,0.0,0.0,697.9195072521954,697.9195072521954
4.05,0.0,0.0,32.45351151796538,0.0,0.0,-4.682637184892547,71.16397384500095,0.0,0.0,697.7282008722125,697.7282008722125
4.1000000000000005,0.0,0.0,32.219379658720754,0.0,0.0,-4.682743968723364,71.14421987067439,0.0,0.0,697.5373436630442,697.5373436630442
4.15,0.0,0.0,31.98524246028459,0.0,0.0,-4.68284877002133,71.12447129987903,0.0,0.0,697.3468805740166,697.3468805740166
4.2,0.0,0.0,31.75110002178353,0.0,0.0,-4.682951347865688,71.10472812145824,0.0,0.0,697.1567618423655,697.1567618423655
4.25,0.0,0.0,31.516952454390246,0.0,0.0,-4.683051496051116,71.08499032566338,0.0,0.0,696.966942497151,696.966942497151
4.3,0.0,0.0,31.282799879587696,0.0,0.0,-4.683149039765605,71.06525790401953,0.0,0.0,696.777382174833,696.777382174833
4.3500000000000005,0.0,0.0,31.048642427599418,0.0,0.0,-4.683243832392547,71.04553084919378,0.0,0.0,696.5880446495498,696.5880446495498
4.4,0.0,0.0,30.814480235979797,0.0,0.0,-4.683335752638011,71.02580915487934,0.0,0.0,696.398897634166,696.398897634166
4.45,0.0,0.0,30.580313448347898,0.0,0.0,-4.68342470179328,71.00609281568279,0.0,0.0,696.2099124302606,696.2099124302606
4.5,0.0,0.0,30.346142213258243,0.0,0.0,-4.683510601239242,70.98638182702344,0.0,0.0,696.0210636152628,696.0210636152628
4.55,0.0,0.0,30.11196668319628,0.0,0.0,-4.683593390166984,70.96667618504034,0.0,0.0,695.8323289359455,695.8323289359455
4.6000000000000005,0.0,0.0,29.877787013687936,0.0,0.0,-4.683673023369606,70.94697588650217,0.0,0.0,695.6436887573389,695.6436887573389
4.65,0.0,0.0,29.64360336251946,0.0,0.0,-4.683749469418696,70.92728092873365,0.0,0.0,695.4551261561812,695.4551261561812
4.7,0.0,0.0,29.409415889048528,0.0,0.0,-4.683822708771893,70.90759130953862,0.0,0.0,695.2666264156649,695.2666264156649
4.75,0.0,0.0,29.17522475360994,0.0,0.0,-4.683892732233547,70.8879070271373,0.0,0.0,695.0781770049286,695.0781770049286
4.800000000000001,0.0,0.0,28.941030116998267,0.0,0.0,-4.68395953942727,70.86822808010466,0.0,0.0,694.8897673060208,694.8897673060208
4.8500000000000005,0.0,0.0,28.70683214002691,0.0,0.0,-4.68402313745856,70.84855446731652,0.0,0.0,694.7013884021311,694.7013884021311
4.9,0.0,0.0,28.472630983153984,0.0,0.0,-4.684083539724648,70.82888618790099,0.0,0.0,694.5130329068659,694.5130329068659
4.95,0.0,0.0,28.23842680616776,0.0,0.0,-4.684140764842871,70.80922324119499,0.0,0.0,694.324694904527,694.324694904527
5.0,0.0,0.0,28.004219767925616,0.0,0.0,-4.684194835619412,70.78956562670338,0.0,0.0,694.1363696583243,694.1363696583243
5.050000000000001,0.0,0.0,27.77001002614465,0.0,0.0,-4.684245778222427,70.76991334406456,0.0,0.0,693.9480535261332,693.9480535261332
5.1000000000000005,0.0,0.0,27.535797737233533,0.0,0.0,-4.684293621413295,70.75026639302064,0.0,0.0,693.7597439059064,693.7597439059064
5.15,0.0,0.0,27.301583056162873,0.0,0.0,-4.684338395815173,70.73062477338685,0.0,0.0,693.5714389692912,693.5714389692912
5.2,0.0,0.0,27.06736613637212,0.0,0.0,-4.684380133368625,70.7109884850306,0.0,0.0,693.3831376410764,693.3831376410764
5.25,0.0,0.0,26.83314712970369,0.0,0.0,-4.6844188668008835,70.69135752784926,0.0,0.0,693.1948394599136,693.1948394599136
5.300000000000001,0.0,0.0,26.598926186363652,0.0,0.0,-4.684454629192736,70.67173190175374,0.0,0.0,693.006544565117,693.006544565117
5.3500000000000005,0.0,0.0,26.364703454904017,0.0,0.0,-4.6844874535540235,70.65211160665083,0.0,0.0,692.8182534450027,692.8182534450027
5.4,0.0,0.0,26.130479082226323,0.0,0.0,-4.684517372576541,70.63249664243332,0.0,0.0,692.6299669502316,692.6299669502316
5.45,0.0,0.0,25.896253213597497,0.0,0.0,-4.684544418377059,70.6128870089701,0.0,0.0,692.4416862375733,692.4416862375733
5.5,0.0,0.0,25.66202599267865,0.0,0.0,-4.684568622279769,70.59328270609737,0.0,0.0,692.2534125904365,692.2534125904365
5.550000000000001,0.0,0.0,25.427797561564667,0.0,0.0,-4.684590014725449,70.57368373361496,0.0,0.0,692.0651473841137,692.0651473841137
5.6000000000000005,0.0,0.0,25.193568060828397,0.0,0.0,-4.684608625205128,70.55409009128351,0.0,0.0,691.8768921500249,691.8768921500249
5.65,0.0,0.0,24.959337629568147,0.0,0.0,-4.6846244821481005,70.53450177882075,0.0,0.0,691.6886481851016,691.6886481851016
5.7,0.0,0.0,24.725106405460743,0.0,0.0,-4.684637613086651,70.51491879590732,0.0,0.0,691.5004168186748,691.5004168186748
5.75,0.0,0.0,24.490874524806415,0.0,0.0,-4.68464804463182,70.4953411421864,0.0,0.0,691.3121991154226,691.3121991154226
5.800000000000001,0.0,0.0,24.256642122574828,0.0,0.0,-4.6846558026598135,70.47576881727115,0.0,0.0,691.1239959379844,691.1239959379844
5.8500000000000005,0.0,0.0,24.022409332441843,0.0,0.0,-4.684660912454307,70.4562018207499,0.0,0.0,690.9358077797149,690.9358077797149
5.9,0.0,0.0,23.78817628681913,0.0,0.0,-4.684663398967666,70.43664015219746,0.0,0.0,690.7476347247347,690.7476347247347
5.95,0.0,0.0,23.55394311687075,0.0,0.0,-4.684663287110976,70.41708381118616,0.0,0.0,690.5594763880049,690.5594763880049
6.0,0.0,0.0,23.319709952515208,0.0,0.0,-4.684660602087094,70.39753279729906,0.0,0.0,690.3713318719666,690.3713318719666
6.050000000000001,0.0,0.0,23.08547692241086,0.0,0.0,-4.68465536975505,70.37798711014466,0.0,0.0,690.1831995588016,690.1831995588016
6.1000000000000005,0.0,0.0,22.85124415392311,0.0,0.0,-4.684647617142656,70.35844674937739,0.0,0.0,689.995077161673,689.995077161673
6.15,0.0,0.0,22.617011773065983,0.0,0.0,-4.684637372923548,70.3389117147164,0.0,0.0,689.8069615721186,689.8069615721186
6.2,0.0,0.0,22.382779904419806,0.0,0.0,-4.684624668003499,70.31938200596855,0.0,0.0,689.6188487677139,689.6188487677139
6.25,0.0,0.0,22.148548671019636,0.0,0.0,-4.684609536173358,70.29985762305498,0.0,0.0,689.4307337020006,689.4307337020006
6.300000000000001,0.0,0.0,21.91431819421097,0.0,0.0,-4.68459201484138,70.28033856603948,0.0,0.0,689.2426102451842,689.2426102451842
6.3500000000000005,0.0,0.0,21.680088593468906,0.0,0.0,-4.684572145808943,70.26082483515935,0.0,0.0,689.0544710218288,689.0544710218288
6.4,0.0,0.0,21.445859986178466,0.0,0.0,-4.684549976163066,70.24131643086065,0.0,0.0,688.8663073251847,688.8663073251847
6.45,0.0,0.0,21.211632487370316,0.0,0.0,-4.684525559231387,70.22181335383617,0.0,0.0,688.6781089921859,688.6781089921859
6.5,0.0,0.0,20.977406209408752,0.0,0.0,-4.684498955627746,70.20231560506598,0.0,0.0,688.4898641963705,688.4898641963705
6.550000000000001,0.0,0.0,20.743181261627367,0.0,0.0,-4.684470234446969,70.18282318586515,0.0,0.0,688.3015594443369,688.3015594443369
6.6000000000000005,0.0,0.0,20.508957749905022,0.0,0.0,-4.684439474464175,70.16333609793068,0.0,0.0,688.1131793665002,688.1131793665002
6.65,0.0,0.0,20.274735776181817,0.0,0.0,-4.684406765485183,70.14385434339488,0.0,0.0,687.9247064526098,687.9247064526098
6.7,0.0,0.0,20.040515437907565,0.0,0.0,-4.684372209887683,70.12437792488542,0.0,0.0,687.7361210548119,687.7361210548119
6.75,0.0,0.0,19.806296827413185,0.0,0.0,-4.6843359241627756,70.10490684558619,0.0,0.0,687.5474011813618,687.5474011813618
6.800000000000001,0.0,0.0,19.57208003120505,0.0,0.0,-4.684298040606199,70.08544110930403,0.0,0.0,687.3585222432017,687.3585222432017
6.8500000000000005,0.0,0.0,19.337865129174745,0.0,0.0,-4.684258709193161,70.06598072054115,0.0,0.0,687.1694569376194,687.1694569376194
6.9,0.0,0.0,19.10365219371509,0.0,0.0,-4.684218099539275,70.04652568457317,0.0,0.0,686.9801750876557,686.9801750876557
6.95,0.0,0.0,18.86944128873813,0.0,0.0,-4.684176402979406,70.02707600752991,0.0,0.0,686.7906433550684,686.7906433550684
7.0,0.0,0.0,18.635232468589166,0.0,0.0,-4.684133834854887,70.00763169648451,0.0,0.0,686.6008251759739,686.6008251759739
7.050000000000001,0.0,0.0,18.40102577684642,0.0,0.0,-4.684090636850485,69.98819275954587,0.0,0.0,686.4106805141312,686.4106805141312
7.1000000000000005,0.0,0.0,18.166821245003902,0.0,0.0,-4.684047079511506,69.96875920595545,0.0,0.0,686.2201656553351,686.2201656553351
7.15,0.0,0.0,17.93261889102833,0.0,0.0,-4.684003464911973,69.94933104619278,0.0,0.0,686.029233053104,686.029233053104
7.2,0.0,0.0,17.698418717782737,0.0,0.0,-4.683960129437529,69.92990829208308,0.0,0.0,685.8378312175139,685.8378312175139
7.25,0.0,0.0,17.464220711310865,0.0,0.0,-4.683917446652427,69.91049095690899,0.0,0.0,685.645904528434,685.645904528434
7.300000000000001,0.0,0.0,17.23002483897825,0.0,0.0,-4.683875830304818,69.8910790555281,0.0,0.0,685.4533931119767,685.4533931119767
7.3500000000000005,0.0,0.0,16.99583104746301,0.0,0.0,-4.6838357374254125,69.87167260449229,0.0,0.0,685.2602327323862,685.2602327323862
7.4,0.0,0.0,16.761639260591746,0.0,0.0,-4.683797671508597,69.85227162217237,0.0,0.0,685.0663548210059,685.0663548210059
7.45,0.0,0.0,16.527449377016318,0.0,0.0,-4.683762185678089,69.83287612887983,0.0,0.0,684.8716864109972,684.8716864109972
7.5,0.0,0.0,16.29326126773242,0.0,0.0,-4.68372988590453,69.81348614699193,0.0,0.0,684.6761502671033,684.6761502671033
7.550000000000001,0.0,0.0,16.059074773437196,0.0,0.0,-4.683701434135468,69.79410170107215,0.0,0.0,684.4796649985508,684.4796649985508
7.6000000000000005,0.0,0.0,15.824889701730429,0.0,0.0,-4.683677551349589,69.77472281798798,0.0,0.0,684.2821453831476,684.2821453831476
7.65,0.0,0.0,15.590705824162951,0.0,0.0,-4.683659020383732,69.75534952701948,0.0,0.0,684.0835026833222,684.0835026833222
7.7,0.0,0.0,15.35652287314377,0.0,0.0,-4.683646688538007,69.73598185995867,0.0,0.0,683.8836452753189,683.8836452753189
7.75,0.0,0.0,15.122340538716873,0.0,0.0,-4.683641469734055,69.716619851191,0.0,0.0,683.6824794393797,683.6824794393797
7.800000000000001,0.0,0.0,14.888158465230177,0.0,0.0,-4.683644346110097,69.69726353775522,0.0,0.0,683.4799102493268,683.4799102493268
7.8500000000000005,0.0,0.0,14.653976247924673,0.0,0.0,-4.683656368980401,69.67791295937718,0.0,0.0,683.2758430102168,683.2758430102168
7.9,0.0,0.0,14.41979342947566,0.0,0.0,-4.683678658764595,69.65856815846331,0.0,0.0,683.0701849736264,683.0701849736264
7.95,0.0,0.0,14.185609496537435,0.0,0.0,-4.683712403685579,69.6392291800454,0.0,0.0,682.8628473687934,682.8628473687934
8.0,0.0,0.0,13.951423876353159,0.0,0.0,-4.683758857006833,69.61989607166862,0.0,0.0,682.653748381221,682.653748381221
8.05,0.0,0.0,13.71723593350282,0.0,0.0,-4.683819332125843,69.60056888319349,0.0,0.0,682.4428163955284,682.4428163955284
8.1,0.0,0.0,13.483044966896532,0.0,0.0,-4.683895195329647,69.58124766650822,0.0,0.0,682.2299944440417,682.2299944440417
8.15,0.0,0.0,13.248850207130054,0.0,0.0,-4.683987855341536,69.56193247511379,0.0,0.0,682.0152455875727,682.0152455875727
8.200000000000001,0.0,0.0,13.014650814362984,0.0,0.0,-4.684098748982651,69.54262336355633,0.0,0.0,681.7985596185456,681.7985596185456
8.25,0.0,0.0,12.780445876913856,0.0,0.0,-4.684229321990174,69.52332038667153,0.0,0.0,681.5799613535439,681.5799613535439
8.3,0.0,0.0,12.54623441081435,0.0,0.0,-4.684381003839685,69.50402359859196,0.0,0.0,681.3595207976889,681.3595207976889
8.35,0.0,0.0,12.31201536062237,0.0,0.0,-4.684555175213448,69.48473305146914,0.0,0.0,681.1373655070531,681.1373655070531
8.4,0.0,0.0,12.077787601861703,0.0,0.0,-4.6847531265187605,69.46544879384338,0.0,0.0,680.9136959900876,680.9136959900876
8.450000000000001,0.0,0.0,11.843549945535768,0.0,0.0,-4.684976005251593,69.44617086857886,0.0,0.0,680.6888040971061,680.6888040971061
8.5,0.0,0.0,11.609301145273191,0.0,0.0,-4.6852247500325666,69.42689931027826,0.0,0.0,680.4630952673657,680.4630952673657
8.55,0.0,0.0,11.375039907771567,0.0,0.0,-4.685500008511319,69.40763414206738,0.0,0.0,680.2371152697161,680.2371152697161
8.6,0.0,0.0,11.140764907346005,0.0,0.0,-4.685802035870969,69.38837537162205,0.0,0.0,680.011582038373,680.011582038373
8.65,0.0,0.0,10.906474805552463,0.0,0.0,-4.686130570223663,69.36912298629483,0.0,0.0,679.7874230244386,679.7874230244386
8.700000000000001,0.0,0.0,10.672168277041283,0.0,0.0,-4.686484680876904,69.34987694718447,0.0,0.0,679.5658187136746,679.5658187136746
8.75,0.0,0.0,10.437844042997442,0.0,0.0,-4.686862584972418,69.33063718197242,0.0,0.0,679.3482521207399,679.3482521207399
8.8,0.0,0.0,10.203500913748826,0.0,0.0,-4.687261428126273,69.31140357635894,0.0,0.0,679.1365639748107,679.1365639748107
8.85,0.0,0.0,9.969137842342516,0.0,0.0,-4.687677024895032,69.29217596393717,0.0,0.0,678.9330114565471,678.9330114565471
8.9,0.0,0.0,9.734753991097769,0.0,0.0,-4.688103556427614,69.2729541144043,0.0,0.0,678.7403272968697,678.7403272968697
8.950000000000001,0.0,0.0,9.500348813276393,0.0,0.0,-4.688533224958979,69.25373772009938,0.0,0.0,678.5617715405488,678.5617715405488
9.0,0.0,0.0,9.265922152028446,0.0,0.0,-4.688955870358011,69.23452638107642,0.0,0.0,678.401165109421,678.401165109421
9.05,0.0,0.0,9.031474358510552,0.0,0.0,-4.689358561800208,69.21531958922708,0.0,0.0,678.2628859352386,678.2628859352386
9.1,0.0,0.0,8.797006430420545,0.0,0.0,-4.689725191556067,69.19611671251312,0.0,0.0,678.1517998705131,678.1517998705131
9.15,0.0,0.0,8.562520170842745,0.0,0.0,-4.690036118027593,69.17691698115384,0.0,0.0,678.0730866663757,678.0730866663757
9.200000000000001,0.0,0.0,8.32801836494137,0.0,0.0,-4.690267933972024,69.15771947874093,0.0,0.0,678.031910727899,678.031910727899
9.25,0.0,0.0,8.093504968242774,0.0,0.0,-4.69039347237873,69.13852314267258,0.0,0.0,678.0328749837,678.0328749837
9.3,0.0,0.0,7.8589852946238405,0.0,0.0,-4.690382207308331,69.11932678004806,0.0,0.0,678.0791874440725,678.0791874440725
9.35,0.0,0.0,7.624466184258428,0.0,0.0,-4.690201258297274,69.10012910715446,0.0,0.0,678.1714413837831,678.1714413837831
9.4,0.0,0.0,7.389956121343569,0.0,0.0,-4.6898172790761326,69.08092882348542,0.0,0.0,678.3058132782793,678.3058132782793
9.450000000000001,0.0,0.0,7.155465257389767,0.0,0.0,-4.689199653744526,69.06172473677094,0.0,0.0,678.4712324965445,678.4712324965445
9.5,0.0,0.0,6.921005274702544,0.0,0.0,-4.688325747386633,69.0425159681275,0.0,0.0,678.6446725167777,678.6446725167777
9.55,0.0,0.0,6.6865889873332165,0.0,0.0,-4.687189575510551,69.02330229050486,0.0,0.0,678.7836110807992,678.7836110807992
9.600000000000001,0.0,0.0,6.452229508557693,0.0,0.0,-4.685815949785112,69.00408468056821,0.0,0.0,678.8163522697748,678.8163522697748
9.65,0.0,0.0,6.217938711068442,0.0,0.0,-4.684281660005831,68.98486614454278,0.0,0.0,678.6363878479295,678.6363878479295
9.700000000000001,0.0,0.0,5.983724628068154,0.0,0.0,-4.682740778367316,68.96565270367601,0.0,0.0,678.1160094553488,678.1160094553488
9.75,0.0,0.0,5.749587589149793,0.0,0.0,-4.681440137179628,68.94645399437005,0.0,0.0,677.1594525499526,677.1594525499526
9.8,0.0,0.0,5.515515582290815,0.0,0.0,-4.680696292190771,68.92728236392388,0.0,0.0,675.8033633256172,675.8033633256172
9.850000000000001,0.0,0.0,5.281480767681281,0.0,0.0,-4.680799567892115,68.90814912227036,0.0,0.0,674.3367595671784,674.3367595671784
9.9,0.0,0.0,5.0474407892866795,0.0,0.0,-4.681830898032918,68.88905739786183,0.0,0.0,673.3706136311303,673.3706136311303
9.950000000000001,0.0,0.0,4.813349244385038,0.0,0.0,-4.683427857827928,68.8699930237834,0.0,0.0,673.7677305917782,673.7677305917782
10.0,0.0,0.0,4.579177851493646,0.0,0.0,-4.684601218259625,68.85091740887341,0.0,0.0,676.3588691524545,676.3588691524545
10.05,0.0,0.0,4.344947790580669,0.0,0.0,-4.683757351548435,68.83176844495918,0.0,0.0,681.4023814977241,681.4023814977241
10.100000000000001,0.0,0.0,4.110759923003251,0.0,0.0,-4.679113188234457,68.81247671069016,0.0,0.0,687.8351194897704,687.8351194897704
10.15,0.0,0.0,3.876804263591532,0.0,0.0,-4.6696561497895255,68.79300288050767,0.0,0.0,693.2488775220227,693.2488775220227
10.200000000000001,0.0,0.0,3.643321456102061,0.0,0.0,-4.656122814243586,68.77337579990248,0.0,0.0,699.0076531937564,699.0076531937564
10.25,0.0,0.0,3.4105153153898855,0.0,0.0,-4.638258904612967,68.7535857026152,0.0,0.0,718.6505442434903,718.6505442434903
10.3,0.0,0.0,3.178602370159241,0.0,0.0,-4.605963721344256,68.73323956476152,0.0,0.0,758.9451325363617,758.9451325363617
10.350000000000001,0.0,0.0,2.948304184092033,0.0,0.0,-4.544201530811539,68.71175280241383,0.0,0.0,805.3502583376227,805.3502583376227
10.4,0.0,0.0,2.72109410755146,0.0,0.0,-4.448498727176169,68.68895246735534,0.0,0.0,845.8526793647842,845.8526793647842
10.450000000000001,0.0,0.0,2.4986691711926556,0.0,0.0,-4.323118911744674,68.66500566626287,0.0,0.0,876.8685358184124,876.8685358184124
10.5,0.0,0.0,2.282513225605426,0.0,0.0,-4.174939459906853,68.6401809404327,0.0,0.0,899.2577618838623,899.2577618838623
10.55,0.0,0.0,2.0737662526100875,0.0,0.0,-4.010219955699394,68.61472248009149,0.0,0.0,915.3481174662282,915.3481174662282
10.600000000000001,0.0,0.0,1.873255254825122,0.0,0.0,-3.8335322562576377,68.58880858113243,0.0,0.0,927.1676776350141,927.1676776350141
10.65,0.0,0.0,1.6815786420122443,0.0,0.0,-3.6479763009724846,68.56256013124953,0.0,0.0,936.1094816485746,936.1094816485746
10.700000000000001,0.0,0.0,1.4991798269636243,0.0,0.0,-3.4556406801667734,68.53605858655625,0.0,0.0,943.0762801837236,943.0762801837236
10.75,0.0,0.0,1.32639779295529,0.0,0.0,-3.2579585061155347,68.50935985009058,0.0,0.0,948.6499372326715,948.6499372326715
10.8,0.0,0.0,1.1634998676495174,0.0,0.0,-3.055940399345549,68.48250335490505,0.0,0.0,953.2088917708758,953.2088917708758
10.850000000000001,0.0,0.0,1.0107028476822442,0.0,0.0,-2.8503222221112887,68.45551782218806,0.0,0.0,957.003226547037,957.003226547037
10.9,0.0,0.0,0.8681867365766839,0.0,0.0,-2.6416583102859974,68.42842489446545,0.0,0.0,960.2024041036289,960.2024041036289
10.950000000000001,0.0,0.0,0.7361038210623883,0.0,0.0,-2.430380035535219,68.40124141759185,0.0,0.0,962.9255957493406,962.9255957493406
11.0,0.0,0.0,0.6145848192856314,0.0,0.0,-2.2168323311755898,68.3739808642632,0.0,0.0,965.2606635847187,965.2606635847187
11.05,0.0,0.0,0.5037432027268561,0.0,0.0,-2.001296420865415,68.34665422023262,0.0,0.0,967.2756644337182,967.2756644337182
11.100000000000001,0.0,0.0,0.4036783816835896,0.0,0.0,-1.7840041838030314,68.31927054490619,0.0,0.0,969.025471839078,969.025471839078
11.15,0.0,0.0,0.31447817249344223,0.0,0.0,-1.5651477067324002,68.29183734449889,0.0,0.0,970.5553046784354,970.5553046784354
11.200000000000001,0.0,0.0,0.23622078715682637,0.0,0.0,-1.3448862745597634,68.26436084531319,0.0,0.0,971.9023918750729,971.9023918750729
11.25,0.0,0.0,0.1689764734288424,0.0,0.0,-1.1233521578947394,68.2368462198946,0.0,0.0,973.0966010533982,973.0966010533982
11.3,0.0,0.0,0.1128088655341096,0.0,0.0,-0.9006559534924503,68.20929779539414,0.0,0.0,974.1605638857887,974.1605638857887
11.350000000000001,0.0,0.0,0.0677760678594913,0.0,0.0,-0.6768918454259435,68.18171925837933,0.0,0.0,975.1096137620315,975.1096137620315
11.4,0.0,0.0,0.03393147558819832,0.0,0.0,-0.45214292450519694,68.15411386140973,0.0,0.0,975.9516947434895,975.9516947434895
11.450000000000001,0.0,0.0,0.011324329362942663,0.0,0.0,-0.2264865872590212,68.12648463218842,0.0,0.0,976.6872906442318,976.6872906442318
11.5,0.0,0.0,-4.199676562083976e-15,0.0,0.0,4.077485894457002e-15,68.0988345847193,0.0,0.0,0.0,0.0
