Temperature (K),Pressure (bar),Density (kg/m3),Volume (m3/kg),Internal Energy (kJ/kg),Enthalpy (kJ/kg),Entropy (J/g*K),Cv (J/g*K),Cp (J/g*K),Sound Spd. (m/s),Joule-Thomson (K/bar),Viscosity (uPa*s),Therm. Cond. (W/m*K)
288.7,65,76.445,0.013081,200.06,285.09,5.5209,0.75918,1.1549,360.3,0.17781,18.609,0.028413
288.73,65,76.437,0.013083,200.09,285.12,5.521,0.75917,1.1548,360.32,0.17777,18.61,0.028414
288.75,65,76.429,0.013084,200.11,285.15,5.5211,0.75917,1.1548,360.33,0.17774,18.611,0.028416
288.78,65,76.421,0.013085,200.13,285.18,5.5212,0.75917,1.1548,360.35,0.1777,18.612,0.028417
288.81,65,76.413,0.013087,200.15,285.22,5.5213,0.75916,1.1547,360.37,0.17767,18.613,0.028419
288.83,65,76.405,0.013088,200.17,285.25,5.5214,0.75916,1.1547,360.39,0.17763,18.614,0.02842
288.86,65,76.397,0.01309,200.19,285.28,5.5215,0.75916,1.1547,360.4,0.1776,18.615,0.028422
288.88,65,76.388,0.013091,200.22,285.31,5.5216,0.75915,1.1547,360.42,0.17756,18.616,0.028423
288.91,65,76.38,0.013092,200.24,285.34,5.5217,0.75915,1.1546,360.44,0.17753,18.617,0.028425
288.94,65,76.372,0.013094,200.26,285.37,5.5218,0.75915,1.1546,360.46,0.17749,18.618,0.028426
288.96,65,76.364,0.013095,200.28,285.4,5.5219,0.75914,1.1546,360.47,0.17746,18.619,0.028428
288.99,65,76.356,0.013097,200.3,285.43,5.522,0.75914,1.1545,360.49,0.17742,18.62,0.028429
289.02,65,76.348,0.013098,200.32,285.46,5.5221,0.75914,1.1545,360.51,0.17739,18.621,0.028431
289.04,65,76.34,0.013099,200.34,285.49,5.5222,0.75913,1.1545,360.53,0.17735,18.622,0.028432
289.07,65,76.332,0.013101,200.37,285.52,5.5223,0.75913,1.1545,360.54,0.17732,18.623,0.028434
289.1,65,76.324,0.013102,200.39,285.55,5.5224,0.75913,1.1544,360.56,0.17728,18.624,0.028435
289.12,65,76.316,0.013103,200.41,285.58,5.5225,0.75912,1.1544,360.58,0.17725,18.625,0.028437
289.15,65,76.308,0.013105,200.43,285.61,5.5227,0.75912,1.1544,360.6,0.17722,18.627,0.028438
289.17,65,76.3,0.013106,200.45,285.64,5.5228,0.75912,1.1543,360.61,0.17718,18.628,0.02844
289.2,65,76.292,0.013108,200.47,285.67,5.5229,0.75911,1.1543,360.63,0.17715,18.629,0.028441
289.23,65,76.284,0.013109,200.49,285.7,5.523,0.75911,1.1543,360.65,0.17711,18.63,0.028443
289.25,65,76.276,0.01311,200.52,285.73,5.5231,0.75911,1.1543,360.67,0.17708,18.631,0.028444
289.28,65,76.268,0.013112,200.54,285.76,5.5232,0.7591,1.1542,360.68,0.17704,18.632,0.028446
289.31,65,76.26,0.013113,200.56,285.79,5.5233,0.7591,1.1542,360.7,0.17701,18.633,0.028448
289.33,65,76.252,0.013114,200.58,285.82,5.5234,0.7591,1.1542,360.72,0.17697,18.634,0.028449
289.36,65,76.244,0.013116,200.6,285.85,5.5235,0.75909,1.1542,360.74,0.17694,18.635,0.028451
289.39,65,76.235,0.013117,200.62,285.89,5.5236,0.75909,1.1541,360.75,0.1769,18.636,0.028452
289.41,65,76.227,0.013119,200.64,285.92,5.5237,0.75909,1.1541,360.77,0.17687,18.637,0.028454
289.44,65,76.219,0.01312,200.67,285.95,5.5238,0.75908,1.1541,360.79,0.17683,18.638,0.028455
289.47,65,76.211,0.013121,200.69,285.98,5.5239,0.75908,1.154,360.81,0.1768,18.639,0.028457
289.49,65,76.203,0.013123,200.71,286.01,5.524,0.75908,1.154,360.82,0.17676,18.64,0.028458
289.52,65,76.195,0.013124,200.73,286.04,5.5241,0.75907,1.154,360.84,0.17673,18.641,0.02846
289.54,65,76.187,0.013126,200.75,286.07,5.5242,0.75907,1.154,360.86,0.1767,18.642,0.028461
289.57,65,76.179,0.013127,200.77,286.1,5.5243,0.75907,1.1539,360.88,0.17666,18.643,0.028463
289.6,65,76.171,0.013128,200.79,286.13,5.5244,0.75906,1.1539,360.89,0.17663,18.644,0.028464
289.62,65,76.163,0.01313,200.82,286.16,5.5245,0.75906,1.1539,360.91,0.17659,18.645,0.028466
289.65,65,76.155,0.013131,200.84,286.19,5.5247,0.75906,1.1538,360.93,0.17656,18.647,0.028467
289.68,65,76.147,0.013132,200.86,286.22,5.5248,0.75905,1.1538,360.94,0.17652,18.648,0.028469
289.7,65,76.139,0.013134,200.88,286.25,5.5249,0.75905,1.1538,360.96,0.17649,18.649,0.02847
289.73,65,76.131,0.013135,200.9,286.28,5.525,0.75905,1.1538,360.98,0.17645,18.65,0.028472
289.76,65,76.123,0.013137,200.92,286.31,5.5251,0.75904,1.1537,361,0.17642,18.651,0.028473
289.78,65,76.115,0.013138,200.95,286.34,5.5252,0.75904,1.1537,361.01,0.17638,18.652,0.028475
289.81,65,76.107,0.013139,200.97,286.37,5.5253,0.75904,1.1537,361.03,0.17635,18.653,0.028476
289.83,65,76.099,0.013141,200.99,286.4,5.5254,0.75903,1.1537,361.05,0.17631,18.654,0.028478
289.86,65,76.091,0.013142,201.01,286.43,5.5255,0.75903,1.1536,361.07,0.17628,18.655,0.028479
289.89,65,76.083,0.013144,201.03,286.46,5.5256,0.75903,1.1536,361.08,0.17625,18.656,0.028481
289.91,65,76.075,0.013145,201.05,286.49,5.5257,0.75902,1.1536,361.1,0.17621,18.657,0.028482
289.94,65,76.067,0.013146,201.07,286.52,5.5258,0.75902,1.1535,361.12,0.17618,18.658,0.028484
289.97,65,76.059,0.013148,201.1,286.55,5.5259,0.75902,1.1535,361.14,0.17614,18.659,0.028486
289.99,65,76.051,0.013149,201.12,286.59,5.526,0.75901,1.1535,361.15,0.17611,18.66,0.028487
290.02,65,76.043,0.01315,201.14,286.62,5.5261,0.75901,1.1535,361.17,0.17607,18.661,0.028489
290.05,65,76.035,0.013152,201.16,286.65,5.5262,0.75901,1.1534,361.19,0.17604,18.662,0.02849
290.07,65,76.027,0.013153,201.18,286.68,5.5263,0.75901,1.1534,361.21,0.176,18.663,0.028492
290.1,65,76.019,0.013155,201.2,286.71,5.5264,0.759,1.1534,361.22,0.17597,18.664,0.028493
290.12,65,76.011,0.013156,201.22,286.74,5.5265,0.759,1.1533,361.24,0.17594,18.665,0.028495
290.15,65,76.003,0.013157,201.25,286.77,5.5266,0.759,1.1533,361.26,0.1759,18.666,0.028496
290.18,65,75.995,0.013159,201.27,286.8,5.5268,0.75899,1.1533,361.28,0.17587,18.668,0.028498
290.2,65,75.987,0.01316,201.29,286.83,5.5269,0.75899,1.1533,361.29,0.17583,18.669,0.028499
290.23,65,75.979,0.013161,201.31,286.86,5.527,0.75899,1.1532,361.31,0.1758,18.67,0.028501
290.26,65,75.971,0.013163,201.33,286.89,5.5271,0.75898,1.1532,361.33,0.17576,18.671,0.028502
290.28,65,75.964,0.013164,201.35,286.92,5.5272,0.75898,1.1532,361.35,0.17573,18.672,0.028504
290.31,65,75.956,0.013166,201.37,286.95,5.5273,0.75898,1.1532,361.36,0.17569,18.673,0.028505
290.34,65,75.948,0.013167,201.4,286.98,5.5274,0.75897,1.1531,361.38,0.17566,18.674,0.028507
290.36,65,75.94,0.013168,201.42,287.01,5.5275,0.75897,1.1531,361.4,0.17563,18.675,0.028508
290.39,65,75.932,0.01317,201.44,287.04,5.5276,0.75897,1.1531,361.41,0.17559,18.676,0.02851
290.41,65,75.924,0.013171,201.46,287.07,5.5277,0.75896,1.153,361.43,0.17556,18.677,0.028511
290.44,65,75.916,0.013172,201.48,287.1,5.5278,0.75896,1.153,361.45,0.17552,18.678,0.028513
290.47,65,75.908,0.013174,201.5,287.13,5.5279,0.75896,1.153,361.47,0.17549,18.679,0.028514
290.49,65,75.9,0.013175,201.52,287.16,5.528,0.75895,1.153,361.48,0.17545,18.68,0.028516
290.52,65,75.892,0.013177,201.55,287.19,5.5281,0.75895,1.1529,361.5,0.17542,18.681,0.028517
290.55,65,75.884,0.013178,201.57,287.22,5.5282,0.75895,1.1529,361.52,0.17538,18.682,0.028519
290.57,65,75.876,0.013179,201.59,287.25,5.5283,0.75894,1.1529,361.54,0.17535,18.683,0.02852
290.6,65,75.868,0.013181,201.61,287.29,5.5284,0.75894,1.1529,361.55,0.17532,18.684,0.028522
290.63,65,75.86,0.013182,201.63,287.32,5.5285,0.75894,1.1528,361.57,0.17528,18.685,0.028524
290.65,65,75.852,0.013184,201.65,287.35,5.5286,0.75893,1.1528,361.59,0.17525,18.686,0.028525
290.68,65,75.844,0.013185,201.67,287.38,5.5287,0.75893,1.1528,361.61,0.17521,18.688,0.028527
290.71,65,75.836,0.013186,201.7,287.41,5.5288,0.75893,1.1527,361.62,0.17518,18.689,0.028528
290.73,65,75.828,0.013188,201.72,287.44,5.529,0.75892,1.1527,361.64,0.17514,18.69,0.02853
290.76,65,75.82,0.013189,201.74,287.47,5.5291,0.75892,1.1527,361.66,0.17511,18.691,0.028531
290.78,65,75.812,0.01319,201.76,287.5,5.5292,0.75892,1.1527,361.68,0.17508,18.692,0.028533
290.81,65,75.805,0.013192,201.78,287.53,5.5293,0.75891,1.1526,361.69,0.17504,18.693,0.028534
290.84,65,75.797,0.013193,201.8,287.56,5.5294,0.75891,1.1526,361.71,0.17501,18.694,0.028536
290.86,65,75.789,0.013195,201.82,287.59,5.5295,0.75891,1.1526,361.73,0.17497,18.695,0.028537
290.89,65,75.781,0.013196,201.85,287.62,5.5296,0.7589,1.1526,361.75,0.17494,18.696,0.028539
290.92,65,75.773,0.013197,201.87,287.65,5.5297,0.7589,1.1525,361.76,0.1749,18.697,0.02854
290.94,65,75.765,0.013199,201.89,287.68,5.5298,0.7589,1.1525,361.78,0.17487,18.698,0.028542
290.97,65,75.757,0.0132,201.91,287.71,5.5299,0.75889,1.1525,361.8,0.17484,18.699,0.028543
291,65,75.749,0.013201,201.93,287.74,5.53,0.75889,1.1524,361.81,0.1748,18.7,0.028545
291.02,65,75.741,0.013203,201.95,287.77,5.5301,0.75889,1.1524,361.83,0.17477,18.701,0.028546
291.05,65,75.733,0.013204,201.97,287.8,5.5302,0.75888,1.1524,361.85,0.17473,18.702,0.028548
291.07,65,75.725,0.013206,202,287.83,5.5303,0.75888,1.1524,361.87,0.1747,18.703,0.028549
291.1,65,75.717,0.013207,202.02,287.86,5.5304,0.75888,1.1523,361.88,0.17466,18.704,0.028551
291.13,65,75.71,0.013208,202.04,287.89,5.5305,0.75888,1.1523,361.9,0.17463,18.705,0.028552
291.15,65,75.702,0.01321,202.06,287.92,5.5306,0.75887,1.1523,361.92,0.1746,18.706,0.028554
291.18,65,75.694,0.013211,202.08,287.95,5.5307,0.75887,1.1523,361.94,0.17456,18.708,0.028555
291.21,65,75.686,0.013213,202.1,287.98,5.5308,0.75887,1.1522,361.95,0.17453,18.709,0.028557
291.23,65,75.678,0.013214,202.12,288.01,5.5309,0.75886,1.1522,361.97,0.17449,18.71,0.028559
291.26,65,75.67,0.013215,202.15,288.05,5.531,0.75886,1.1522,361.99,0.17446,18.711,0.02856
291.29,65,75.662,0.013217,202.17,288.08,5.5311,0.75886,1.1521,362.01,0.17443,18.712,0.028562
291.31,65,75.654,0.013218,202.19,288.11,5.5313,0.75885,1.1521,362.02,0.17439,18.713,0.028563
291.34,65,75.646,0.013219,202.21,288.14,5.5314,0.75885,1.1521,362.04,0.17436,18.714,0.028565
291.36,65,75.638,0.013221,202.23,288.17,5.5315,0.75885,1.1521,362.06,0.17432,18.715,0.028566
291.39,65,75.631,0.013222,202.25,288.2,5.5316,0.75884,1.152,362.08,0.17429,18.716,0.028568
291.42,65,75.623,0.013224,202.27,288.23,5.5317,0.75884,1.152,362.09,0.17425,18.717,0.028569
291.44,65,75.615,0.013225,202.3,288.26,5.5318,0.75884,1.152,362.11,0.17422,18.718,0.028571
291.47,65,75.607,0.013226,202.32,288.29,5.5319,0.75883,1.152,362.13,0.17419,18.719,0.028572
291.5,65,75.599,0.013228,202.34,288.32,5.532,0.75883,1.1519,362.14,0.17415,18.72,0.028574
291.52,65,75.591,0.013229,202.36,288.35,5.5321,0.75883,1.1519,362.16,0.17412,18.721,0.028575
291.55,65,75.583,0.01323,202.38,288.38,5.5322,0.75882,1.1519,362.18,0.17408,18.722,0.028577
291.58,65,75.575,0.013232,202.4,288.41,5.5323,0.75882,1.1518,362.2,0.17405,18.723,0.028578
291.6,65,75.568,0.013233,202.42,288.44,5.5324,0.75882,1.1518,362.21,0.17402,18.724,0.02858
291.63,65,75.56,0.013235,202.45,288.47,5.5325,0.75881,1.1518,362.23,0.17398,18.725,0.028581
291.65,65,75.552,0.013236,202.47,288.5,5.5326,0.75881,1.1518,362.25,0.17395,18.726,0.028583
291.68,65,75.544,0.013237,202.49,288.53,5.5327,0.75881,1.1517,362.27,0.17391,18.727,0.028584
291.71,65,75.536,0.013239,202.51,288.56,5.5328,0.7588,1.1517,362.28,0.17388,18.729,0.028586
291.73,65,75.528,0.01324,202.53,288.59,5.5329,0.7588,1.1517,362.3,0.17385,18.73,0.028587
291.76,65,75.52,0.013241,202.55,288.62,5.533,0.7588,1.1517,362.32,0.17381,18.731,0.028589
291.79,65,75.512,0.013243,202.57,288.65,5.5331,0.7588,1.1516,362.34,0.17378,18.732,0.02859
291.81,65,75.505,0.013244,202.6,288.68,5.5332,0.75879,1.1516,362.35,0.17374,18.733,0.028592
291.84,65,75.497,0.013246,202.62,288.71,5.5333,0.75879,1.1516,362.37,0.17371,18.734,0.028594
291.87,65,75.489,0.013247,202.64,288.74,5.5334,0.75879,1.1515,362.39,0.17368,18.735,0.028595
291.89,65,75.481,0.013248,202.66,288.77,5.5335,0.75878,1.1515,362.4,0.17364,18.736,0.028597
291.92,65,75.473,0.01325,202.68,288.81,5.5336,0.75878,1.1515,362.42,0.17361,18.737,0.028598
291.95,65,75.465,0.013251,202.7,288.84,5.5338,0.75878,1.1515,362.44,0.17357,18.738,0.0286
291.97,65,75.457,0.013252,202.72,288.87,5.5339,0.75877,1.1514,362.46,0.17354,18.739,0.028601
292,65,75.45,0.013254,202.75,288.9,5.534,0.75877,1.1514,362.47,0.17351,18.74,0.028603
292.02,65,75.442,0.013255,202.77,288.93,5.5341,0.75877,1.1514,362.49,0.17347,18.741,0.028604
292.05,65,75.434,0.013257,202.79,288.96,5.5342,0.75876,1.1514,362.51,0.17344,18.742,0.028606
292.08,65,75.426,0.013258,202.81,288.99,5.5343,0.75876,1.1513,362.53,0.1734,18.743,0.028607
292.1,65,75.418,0.013259,202.83,289.02,5.5344,0.75876,1.1513,362.54,0.17337,18.744,0.028609
292.13,65,75.41,0.013261,202.85,289.05,5.5345,0.75875,1.1513,362.56,0.17334,18.745,0.02861
292.16,65,75.403,0.013262,202.87,289.08,5.5346,0.75875,1.1513,362.58,0.1733,18.746,0.028612
292.18,65,75.395,0.013264,202.9,289.11,5.5347,0.75875,1.1512,362.59,0.17327,18.747,0.028613
292.21,65,75.387,0.013265,202.92,289.14,5.5348,0.75874,1.1512,362.61,0.17323,18.749,0.028615
292.24,65,75.379,0.013266,202.94,289.17,5.5349,0.75874,1.1512,362.63,0.1732,18.75,0.028616
292.26,65,75.371,0.013268,202.96,289.2,5.535,0.75874,1.1511,362.65,0.17317,18.751,0.028618
292.29,65,75.363,0.013269,202.98,289.23,5.5351,0.75874,1.1511,362.66,0.17313,18.752,0.028619
292.31,65,75.356,0.01327,203,289.26,5.5352,0.75873,1.1511,362.68,0.1731,18.753,0.028621
292.34,65,75.348,0.013272,203.02,289.29,5.5353,0.75873,1.1511,362.7,0.17306,18.754,0.028622
292.37,65,75.34,0.013273,203.05,289.32,5.5354,0.75873,1.151,362.72,0.17303,18.755,0.028624
292.39,65,75.332,0.013275,203.07,289.35,5.5355,0.75872,1.151,362.73,0.173,18.756,0.028625
292.42,65,75.324,0.013276,203.09,289.38,5.5356,0.75872,1.151,362.75,0.17296,18.757,0.028627
292.45,65,75.317,0.013277,203.11,289.41,5.5357,0.75872,1.151,362.77,0.17293,18.758,0.028629
292.47,65,75.309,0.013279,203.13,289.44,5.5358,0.75871,1.1509,362.78,0.17289,18.759,0.02863
292.5,65,75.301,0.01328,203.15,289.47,5.5359,0.75871,1.1509,362.8,0.17286,18.76,0.028632
292.53,65,75.293,0.013281,203.17,289.5,5.536,0.75871,1.1509,362.82,0.17283,18.761,0.028633
292.55,65,75.285,0.013283,203.2,289.53,5.5361,0.7587,1.1509,362.84,0.17279,18.762,0.028635
292.58,65,75.277,0.013284,203.22,289.56,5.5362,0.7587,1.1508,362.85,0.17276,18.763,0.028636
292.6,65,75.27,0.013286,203.24,289.59,5.5363,0.7587,1.1508,362.87,0.17273,18.764,0.028638
292.63,65,75.262,0.013287,203.26,289.63,5.5365,0.75869,1.1508,362.89,0.17269,18.765,0.028639
292.66,65,75.254,0.013288,203.28,289.66,5.5366,0.75869,1.1507,362.91,0.17266,18.766,0.028641
292.68,65,75.246,0.01329,203.3,289.69,5.5367,0.75869,1.1507,362.92,0.17262,18.767,0.028642
292.71,65,75.239,0.013291,203.32,289.72,5.5368,0.75869,1.1507,362.94,0.17259,18.769,0.028644
292.74,65,75.231,0.013292,203.35,289.75,5.5369,0.75868,1.1507,362.96,0.17256,18.77,0.028645
292.76,65,75.223,0.013294,203.37,289.78,5.537,0.75868,1.1506,362.98,0.17252,18.771,0.028647
292.79,65,75.215,0.013295,203.39,289.81,5.5371,0.75868,1.1506,362.99,0.17249,18.772,0.028648
292.82,65,75.207,0.013297,203.41,289.84,5.5372,0.75867,1.1506,363.01,0.17245,18.773,0.02865
292.84,65,75.2,0.013298,203.43,289.87,5.5373,0.75867,1.1506,363.03,0.17242,18.774,0.028651
292.87,65,75.192,0.013299,203.45,289.9,5.5374,0.75867,1.1505,363.04,0.17239,18.775,0.028653
292.89,65,75.184,0.013301,203.47,289.93,5.5375,0.75866,1.1505,363.06,0.17235,18.776,0.028654
292.92,65,75.176,0.013302,203.5,289.96,5.5376,0.75866,1.1505,363.08,0.17232,18.777,0.028656
292.95,65,75.168,0.013303,203.52,289.99,5.5377,0.75866,1.1505,363.1,0.17229,18.778,0.028657
292.97,65,75.161,0.013305,203.54,290.02,5.5378,0.75865,1.1504,363.11,0.17225,18.779,0.028659
293,65,75.153,0.013306,203.56,290.05,5.5379,0.75865,1.1504,363.13,0.17222,18.78,0.028661
293.03,65,75.145,0.013308,203.58,290.08,5.538,0.75865,1.1504,363.15,0.17218,18.781,0.028662
293.05,65,75.137,0.013309,203.6,290.11,5.5381,0.75864,1.1503,363.17,0.17215,18.782,0.028664
293.08,65,75.13,0.01331,203.62,290.14,5.5382,0.75864,1.1503,363.18,0.17212,18.783,0.028665
293.11,65,75.122,0.013312,203.65,290.17,5.5383,0.75864,1.1503,363.2,0.17208,18.784,0.028667
293.13,65,75.114,0.013313,203.67,290.2,5.5384,0.75864,1.1503,363.22,0.17205,18.785,0.028668
293.16,65,75.106,0.013314,203.69,290.23,5.5385,0.75863,1.1502,363.23,0.17202,18.786,0.02867
293.19,65,75.098,0.013316,203.71,290.26,5.5386,0.75863,1.1502,363.25,0.17198,18.787,0.028671
293.21,65,75.091,0.013317,203.73,290.29,5.5387,0.75863,1.1502,363.27,0.17195,18.789,0.028673
293.24,65,75.083,0.013319,203.75,290.32,5.5388,0.75862,1.1502,363.29,0.17192,18.79,0.028674
293.26,65,75.075,0.01332,203.77,290.35,5.5389,0.75862,1.1501,363.3,0.17188,18.791,0.028676
293.29,65,75.067,0.013321,203.8,290.38,5.539,0.75862,1.1501,363.32,0.17185,18.792,0.028677
293.32,65,75.06,0.013323,203.82,290.41,5.5391,0.75861,1.1501,363.34,0.17181,18.793,0.028679
293.34,65,75.052,0.013324,203.84,290.44,5.5392,0.75861,1.1501,363.35,0.17178,18.794,0.02868
293.37,65,75.044,0.013325,203.86,290.47,5.5394,0.75861,1.15,363.37,0.17175,18.795,0.028682
293.4,65,75.036,0.013327,203.88,290.51,5.5395,0.7586,1.15,363.39,0.17171,18.796,0.028683
293.42,65,75.029,0.013328,203.9,290.54,5.5396,0.7586,1.15,363.41,0.17168,18.797,0.028685
293.45,65,75.021,0.01333,203.92,290.57,5.5397,0.7586,1.15,363.42,0.17165,18.798,0.028686
293.48,65,75.013,0.013331,203.94,290.6,5.5398,0.7586,1.1499,363.44,0.17161,18.799,0.028688
293.5,65,75.005,0.013332,203.97,290.63,5.5399,0.75859,1.1499,363.46,0.17158,18.8,0.02869
293.53,65,74.998,0.013334,203.99,290.66,5.54,0.75859,1.1499,363.48,0.17155,18.801,0.028691
293.55,65,74.99,0.013335,204.01,290.69,5.5401,0.75859,1.1498,363.49,0.17151,18.802,0.028693
293.58,65,74.982,0.013336,204.03,290.72,5.5402,0.75858,1.1498,363.51,0.17148,18.803,0.028694
293.61,65,74.975,0.013338,204.05,290.75,5.5403,0.75858,1.1498,363.53,0.17144,18.804,0.028696
293.63,65,74.967,0.013339,204.07,290.78,5.5404,0.75858,1.1498,363.54,0.17141,18.805,0.028697
293.66,65,74.959,0.013341,204.09,290.81,5.5405,0.75857,1.1497,363.56,0.17138,18.806,0.028699
293.69,65,74.951,0.013342,204.12,290.84,5.5406,0.75857,1.1497,363.58,0.17134,18.807,0.0287
293.71,65,74.944,0.013343,204.14,290.87,5.5407,0.75857,1.1497,363.6,0.17131,18.808,0.028702
293.74,65,74.936,0.013345,204.16,290.9,5.5408,0.75856,1.1497,363.61,0.17128,18.81,0.028703
293.77,65,74.928,0.013346,204.18,290.93,5.5409,0.75856,1.1496,363.63,0.17124,18.811,0.028705
293.79,65,74.92,0.013347,204.2,290.96,5.541,0.75856,1.1496,363.65,0.17121,18.812,0.028706
293.82,65,74.913,0.013349,204.22,290.99,5.5411,0.75856,1.1496,363.67,0.17118,18.813,0.028708
293.84,65,74.905,0.01335,204.24,291.02,5.5412,0.75855,1.1496,363.68,0.17114,18.814,0.028709
293.87,65,74.897,0.013352,204.27,291.05,5.5413,0.75855,1.1495,363.7,0.17111,18.815,0.028711
293.9,65,74.89,0.013353,204.29,291.08,5.5414,0.75855,1.1495,363.72,0.17108,18.816,0.028712
293.92,65,74.882,0.013354,204.31,291.11,5.5415,0.75854,1.1495,363.73,0.17104,18.817,0.028714
293.95,65,74.874,0.013356,204.33,291.14,5.5416,0.75854,1.1495,363.75,0.17101,18.818,0.028715
293.98,65,74.866,0.013357,204.35,291.17,5.5417,0.75854,1.1494,363.77,0.17098,18.819,0.028717
294,65,74.859,0.013358,204.37,291.2,5.5418,0.75853,1.1494,363.79,0.17094,18.82,0.028718
294.03,65,74.851,0.01336,204.39,291.23,5.5419,0.75853,1.1494,363.8,0.17091,18.821,0.02872
294.06,65,74.843,0.013361,204.42,291.26,5.542,0.75853,1.1494,363.82,0.17087,18.822,0.028722
294.08,65,74.836,0.013363,204.44,291.29,5.5421,0.75853,1.1493,363.84,0.17084,18.823,0.028723
294.11,65,74.828,0.013364,204.46,291.32,5.5422,0.75852,1.1493,363.85,0.17081,18.824,0.028725
294.13,65,74.82,0.013365,204.48,291.35,5.5423,0.75852,1.1493,363.87,0.17077,18.825,0.028726
294.16,65,74.813,0.013367,204.5,291.38,5.5425,0.75852,1.1492,363.89,0.17074,18.826,0.028728
294.19,65,74.805,0.013368,204.52,291.42,5.5426,0.75851,1.1492,363.91,0.17071,18.827,0.028729
294.21,65,74.797,0.013369,204.54,291.45,5.5427,0.75851,1.1492,363.92,0.17067,18.828,0.028731
294.24,65,74.789,0.013371,204.57,291.48,5.5428,0.75851,1.1492,363.94,0.17064,18.83,0.028732
294.27,65,74.782,0.013372,204.59,291.51,5.5429,0.7585,1.1491,363.96,0.17061,18.831,0.028734
294.29,65,74.774,0.013374,204.61,291.54,5.543,0.7585,1.1491,363.97,0.17057,18.832,0.028735
294.32,65,74.766,0.013375,204.63,291.57,5.5431,0.7585,1.1491,363.99,0.17054,18.833,0.028737
294.35,65,74.759,0.013376,204.65,291.6,5.5432,0.75849,1.1491,364.01,0.17051,18.834,0.028738
294.37,65,74.751,0.013378,204.67,291.63,5.5433,0.75849,1.149,364.03,0.17047,18.835,0.02874
294.4,65,74.743,0.013379,204.69,291.66,5.5434,0.75849,1.149,364.04,0.17044,18.836,0.028741
294.43,65,74.736,0.01338,204.71,291.69,5.5435,0.75849,1.149,364.06,0.17041,18.837,0.028743
294.45,65,74.728,0.013382,204.74,291.72,5.5436,0.75848,1.149,364.08,0.17037,18.838,0.028744
294.48,65,74.72,0.013383,204.76,291.75,5.5437,0.75848,1.1489,364.1,0.17034,18.839,0.028746
294.5,65,74.713,0.013385,204.78,291.78,5.5438,0.75848,1.1489,364.11,0.17031,18.84,0.028747
294.53,65,74.705,0.013386,204.8,291.81,5.5439,0.75847,1.1489,364.13,0.17027,18.841,0.028749
294.56,65,74.697,0.013387,204.82,291.84,5.544,0.75847,1.1489,364.15,0.17024,18.842,0.028751
294.58,65,74.69,0.013389,204.84,291.87,5.5441,0.75847,1.1488,364.16,0.17021,18.843,0.028752
294.61,65,74.682,0.01339,204.86,291.9,5.5442,0.75846,1.1488,364.18,0.17017,18.844,0.028754
294.64,65,74.674,0.013391,204.89,291.93,5.5443,0.75846,1.1488,364.2,0.17014,18.845,0.028755
294.66,65,74.667,0.013393,204.91,291.96,5.5444,0.75846,1.1488,364.22,0.17011,18.846,0.028757
294.69,65,74.659,0.013394,204.93,291.99,5.5445,0.75846,1.1487,364.23,0.17007,18.847,0.028758
294.72,65,74.651,0.013396,204.95,292.02,5.5446,0.75845,1.1487,364.25,0.17004,18.848,0.02876
294.74,65,74.644,0.013397,204.97,292.05,5.5447,0.75845,1.1487,364.27,0.17001,18.85,0.028761
294.77,65,74.636,0.013398,204.99,292.08,5.5448,0.75845,1.1487,364.28,0.16997,18.851,0.028763
294.79,65,74.628,0.0134,205.01,292.11,5.5449,0.75844,1.1486,364.3,0.16994,18.852,0.028764
294.82,65,74.621,0.013401,205.04,292.14,5.545,0.75844,1.1486,364.32,0.16991,18.853,0.028766
294.85,65,74.613,0.013402,205.06,292.17,5.5451,0.75844,1.1486,364.34,0.16987,18.854,0.028767
294.87,65,74.605,0.013404,205.08,292.2,5.5452,0.75843,1.1485,364.35,0.16984,18.855,0.028769
294.9,65,74.598,0.013405,205.1,292.23,5.5453,0.75843,1.1485,364.37,0.16981,18.856,0.02877
294.93,65,74.59,0.013407,205.12,292.26,5.5454,0.75843,1.1485,364.39,0.16977,18.857,0.028772
294.95,65,74.582,0.013408,205.14,292.29,5.5455,0.75843,1.1485,364.4,0.16974,18.858,0.028773
294.98,65,74.575,0.013409,205.16,292.32,5.5456,0.75842,1.1484,364.42,0.16971,18.859,0.028775
295.01,65,74.567,0.013411,205.19,292.35,5.5457,0.75842,1.1484,364.44,0.16967,18.86,0.028776
295.03,65,74.56,0.013412,205.21,292.39,5.5458,0.75842,1.1484,364.46,0.16964,18.861,0.028778
295.06,65,74.552,0.013413,205.23,292.42,5.5459,0.75841,1.1484,364.47,0.16961,18.862,0.02878
295.08,65,74.544,0.013415,205.25,292.45,5.5461,0.75841,1.1483,364.49,0.16957,18.863,0.028781
295.11,65,74.537,0.013416,205.27,292.48,5.5462,0.75841,1.1483,364.51,0.16954,18.864,0.028783
295.14,65,74.529,0.013418,205.29,292.51,5.5463,0.7584,1.1483,364.52,0.16951,18.865,0.028784
295.16,65,74.521,0.013419,205.31,292.54,5.5464,0.7584,1.1483,364.54,0.16948,18.866,0.028786
295.19,65,74.514,0.01342,205.33,292.57,5.5465,0.7584,1.1482,364.56,0.16944,18.867,0.028787
295.22,65,74.506,0.013422,205.36,292.6,5.5466,0.7584,1.1482,364.58,0.16941,18.868,0.028789
295.24,65,74.499,0.013423,205.38,292.63,5.5467,0.75839,1.1482,364.59,0.16938,18.869,0.02879
295.27,65,74.491,0.013424,205.4,292.66,5.5468,0.75839,1.1482,364.61,0.16934,18.871,0.028792
295.3,65,74.483,0.013426,205.42,292.69,5.5469,0.75839,1.1481,364.63,0.16931,18.872,0.028793
295.32,65,74.476,0.013427,205.44,292.72,5.547,0.75838,1.1481,364.64,0.16928,18.873,0.028795
295.35,65,74.468,0.013429,205.46,292.75,5.5471,0.75838,1.1481,364.66,0.16924,18.874,0.028796
295.37,65,74.46,0.01343,205.48,292.78,5.5472,0.75838,1.1481,364.68,0.16921,18.875,0.028798
295.4,65,74.453,0.013431,205.51,292.81,5.5473,0.75838,1.148,364.7,0.16918,18.876,0.028799
295.43,65,74.445,0.013433,205.53,292.84,5.5474,0.75837,1.148,364.71,0.16914,18.877,0.028801
295.45,65,74.438,0.013434,205.55,292.87,5.5475,0.75837,1.148,364.73,0.16911,18.878,0.028802
295.48,65,74.43,0.013435,205.57,292.9,5.5476,0.75837,1.148,364.75,0.16908,18.879,0.028804
295.51,65,74.422,0.013437,205.59,292.93,5.5477,0.75836,1.1479,364.76,0.16904,18.88,0.028806
295.53,65,74.415,0.013438,205.61,292.96,5.5478,0.75836,1.1479,364.78,0.16901,18.881,0.028807
295.56,65,74.407,0.01344,205.63,292.99,5.5479,0.75836,1.1479,364.8,0.16898,18.882,0.028809
295.59,65,74.4,0.013441,205.66,293.02,5.548,0.75835,1.1479,364.82,0.16894,18.883,0.02881
295.61,65,74.392,0.013442,205.68,293.05,5.5481,0.75835,1.1478,364.83,0.16891,18.884,0.028812
295.64,65,74.384,0.013444,205.7,293.08,5.5482,0.75835,1.1478,364.85,0.16888,18.885,0.028813
295.67,65,74.377,0.013445,205.72,293.11,5.5483,0.75835,1.1478,364.87,0.16885,18.886,0.028815
295.69,65,74.369,0.013446,205.74,293.14,5.5484,0.75834,1.1478,364.88,0.16881,18.887,0.028816
295.72,65,74.362,0.013448,205.76,293.17,5.5485,0.75834,1.1477,364.9,0.16878,18.888,0.028818
295.74,65,74.354,0.013449,205.78,293.2,5.5486,0.75834,1.1477,364.92,0.16875,18.889,0.028819
295.77,65,74.346,0.013451,205.8,293.23,5.5487,0.75833,1.1477,364.94,0.16871,18.891,0.028821
295.8,65,74.339,0.013452,205.83,293.26,5.5488,0.75833,1.1477,364.95,0.16868,18.892,0.028822
295.82,65,74.331,0.013453,205.85,293.29,5.5489,0.75833,1.1476,364.97,0.16865,18.893,0.028824
295.85,65,74.324,0.013455,205.87,293.32,5.549,0.75832,1.1476,364.99,0.16861,18.894,0.028825
295.88,65,74.316,0.013456,205.89,293.35,5.5491,0.75832,1.1476,365,0.16858,18.895,0.028827
295.9,65,74.309,0.013457,205.91,293.38,5.5492,0.75832,1.1476,365.02,0.16855,18.896,0.028828
295.93,65,74.301,0.013459,205.93,293.41,5.5493,0.75832,1.1475,365.04,0.16852,18.897,0.02883
295.96,65,74.293,0.01346,205.95,293.45,5.5494,0.75831,1.1475,365.06,0.16848,18.898,0.028831
295.98,65,74.286,0.013462,205.98,293.48,5.5495,0.75831,1.1475,365.07,0.16845,18.899,0.028833
296.01,65,74.278,0.013463,206,293.51,5.5496,0.75831,1.1475,365.09,0.16842,18.9,0.028835
296.03,65,74.271,0.013464,206.02,293.54,5.5497,0.7583,1.1474,365.11,0.16838,18.901,0.028836
296.06,65,74.263,0.013466,206.04,293.57,5.5498,0.7583,1.1474,365.12,0.16835,18.902,0.028838
296.09,65,74.256,0.013467,206.06,293.6,5.5499,0.7583,1.1474,365.14,0.16832,18.903,0.028839
296.11,65,74.248,0.013468,206.08,293.63,5.55,0.7583,1.1474,365.16,0.16828,18.904,0.028841
296.14,65,74.24,0.01347,206.1,293.66,5.5501,0.75829,1.1473,365.18,0.16825,18.905,0.028842
296.17,65,74.233,0.013471,206.12,293.69,5.5503,0.75829,1.1473,365.19,0.16822,18.906,0.028844
296.19,65,74.225,0.013472,206.15,293.72,5.5504,0.75829,1.1473,365.21,0.16819,18.907,0.028845
296.22,65,74.218,0.013474,206.17,293.75,5.5505,0.75828,1.1473,365.23,0.16815,18.908,0.028847
296.25,65,74.21,0.013475,206.19,293.78,5.5506,0.75828,1.1472,365.24,0.16812,18.909,0.028848
296.27,65,74.203,0.013477,206.21,293.81,5.5507,0.75828,1.1472,365.26,0.16809,18.911,0.02885
296.3,65,74.195,0.013478,206.23,293.84,5.5508,0.75828,1.1472,365.28,0.16805,18.912,0.028851
296.32,65,74.188,0.013479,206.25,293.87,5.5509,0.75827,1.1472,365.3,0.16802,18.913,0.028853
296.35,65,74.18,0.013481,206.27,293.9,5.551,0.75827,1.1471,365.31,0.16799,18.914,0.028854
296.38,65,74.172,0.013482,206.3,293.93,5.5511,0.75827,1.1471,365.33,0.16796,18.915,0.028856
296.4,65,74.165,0.013483,206.32,293.96,5.5512,0.75826,1.1471,365.35,0.16792,18.916,0.028857
296.43,65,74.157,0.013485,206.34,293.99,5.5513,0.75826,1.147,365.36,0.16789,18.917,0.028859
296.46,65,74.15,0.013486,206.36,294.02,5.5514,0.75826,1.147,365.38,0.16786,18.918,0.028861
296.48,65,74.142,0.013488,206.38,294.05,5.5515,0.75825,1.147,365.4,0.16782,18.919,0.028862
296.51,65,74.135,0.013489,206.4,294.08,5.5516,0.75825,1.147,365.42,0.16779,18.92,0.028864
296.54,65,74.127,0.01349,206.42,294.11,5.5517,0.75825,1.1469,365.43,0.16776,18.921,0.028865
296.56,65,74.12,0.013492,206.45,294.14,5.5518,0.75825,1.1469,365.45,0.16773,18.922,0.028867
296.59,65,74.112,0.013493,206.47,294.17,5.5519,0.75824,1.1469,365.47,0.16769,18.923,0.028868
296.62,65,74.105,0.013494,206.49,294.2,5.552,0.75824,1.1469,365.48,0.16766,18.924,0.02887
296.64,65,74.097,0.013496,206.51,294.23,5.5521,0.75824,1.1468,365.5,0.16763,18.925,0.028871
296.67,65,74.09,0.013497,206.53,294.26,5.5522,0.75823,1.1468,365.52,0.16759,18.926,0.028873
296.69,65,74.082,0.013499,206.55,294.29,5.5523,0.75823,1.1468,365.53,0.16756,18.927,0.028874
296.72,65,74.074,0.0135,206.57,294.32,5.5524,0.75823,1.1468,365.55,0.16753,18.928,0.028876
296.75,65,74.067,0.013501,206.59,294.35,5.5525,0.75823,1.1467,365.57,0.1675,18.929,0.028877
296.77,65,74.059,0.013503,206.62,294.38,5.5526,0.75822,1.1467,365.59,0.16746,18.931,0.028879
296.8,65,74.052,0.013504,206.64,294.41,5.5527,0.75822,1.1467,365.6,0.16743,18.932,0.02888
296.83,65,74.044,0.013505,206.66,294.44,5.5528,0.75822,1.1467,365.62,0.1674,18.933,0.028882
296.85,65,74.037,0.013507,206.68,294.47,5.5529,0.75821,1.1466,365.64,0.16736,18.934,0.028883
296.88,65,74.029,0.013508,206.7,294.5,5.553,0.75821,1.1466,365.65,0.16733,18.935,0.028885
296.91,65,74.022,0.01351,206.72,294.53,5.5531,0.75821,1.1466,365.67,0.1673,18.936,0.028887
296.93,65,74.014,0.013511,206.74,294.56,5.5532,0.75821,1.1466,365.69,0.16727,18.937,0.028888
296.96,65,74.007,0.013512,206.77,294.6,5.5533,0.7582,1.1465,365.71,0.16723,18.938,0.02889
296.98,65,73.999,0.013514,206.79,294.63,5.5534,0.7582,1.1465,365.72,0.1672,18.939,0.028891
297.01,65,73.992,0.013515,206.81,294.66,5.5535,0.7582,1.1465,365.74,0.16717,18.94,0.028893
297.04,65,73.984,0.013516,206.83,294.69,5.5536,0.75819,1.1465,365.76,0.16714,18.941,0.028894
297.06,65,73.977,0.013518,206.85,294.72,5.5537,0.75819,1.1464,365.77,0.1671,18.942,0.028896
297.09,65,73.969,0.013519,206.87,294.75,5.5538,0.75819,1.1464,365.79,0.16707,18.943,0.028897
297.12,65,73.962,0.01352,206.89,294.78,5.5539,0.75819,1.1464,365.81,0.16704,18.944,0.028899
297.14,65,73.954,0.013522,206.91,294.81,5.554,0.75818,1.1464,365.83,0.167,18.945,0.0289
297.17,65,73.947,0.013523,206.94,294.84,5.5541,0.75818,1.1463,365.84,0.16697,18.946,0.028902
297.2,65,73.939,0.013525,206.96,294.87,5.5542,0.75818,1.1463,365.86,0.16694,18.947,0.028903
297.22,65,73.932,0.013526,206.98,294.9,5.5543,0.75817,1.1463,365.88,0.16691,18.948,0.028905
297.25,65,73.924,0.013527,207,294.93,5.5544,0.75817,1.1463,365.89,0.16687,18.949,0.028906
297.27,65,73.917,0.013529,207.02,294.96,5.5545,0.75817,1.1463,365.91,0.16684,18.95,0.028908
297.3,65,73.909,0.01353,207.04,294.99,5.5546,0.75817,1.1462,365.93,0.16681,18.952,0.028909
297.33,65,73.902,0.013531,207.06,295.02,5.5547,0.75816,1.1462,365.94,0.16678,18.953,0.028911
297.35,65,73.894,0.013533,207.09,295.05,5.5548,0.75816,1.1462,365.96,0.16674,18.954,0.028913
297.38,65,73.887,0.013534,207.11,295.08,5.5549,0.75816,1.1462,365.98,0.16671,18.955,0.028914
297.41,65,73.879,0.013536,207.13,295.11,5.555,0.75815,1.1461,366,0.16668,18.956,0.028916
297.43,65,73.872,0.013537,207.15,295.14,5.5551,0.75815,1.1461,366.01,0.16665,18.957,0.028917
297.46,65,73.864,0.013538,207.17,295.17,5.5552,0.75815,1.1461,366.03,0.16661,18.958,0.028919
297.49,65,73.857,0.01354,207.19,295.2,5.5553,0.75815,1.1461,366.05,0.16658,18.959,0.02892
297.51,65,73.85,0.013541,207.21,295.23,5.5554,0.75814,1.146,366.06,0.16655,18.96,0.028922
297.54,65,73.842,0.013542,207.23,295.26,5.5556,0.75814,1.146,366.08,0.16651,18.961,0.028923
297.56,65,73.835,0.013544,207.26,295.29,5.5557,0.75814,1.146,366.1,0.16648,18.962,0.028925
297.59,65,73.827,0.013545,207.28,295.32,5.5558,0.75813,1.146,366.12,0.16645,18.963,0.028926
297.62,65,73.82,0.013547,207.3,295.35,5.5559,0.75813,1.1459,366.13,0.16642,18.964,0.028928
297.64,65,73.812,0.013548,207.32,295.38,5.556,0.75813,1.1459,366.15,0.16638,18.965,0.028929
297.67,65,73.805,0.013549,207.34,295.41,5.5561,0.75813,1.1459,366.17,0.16635,18.966,0.028931
297.7,65,73.797,0.013551,207.36,295.44,5.5562,0.75812,1.1459,366.18,0.16632,18.967,0.028932
297.72,65,73.79,0.013552,207.38,295.47,5.5563,0.75812,1.1458,366.2,0.16629,18.968,0.028934
297.75,65,73.782,0.013553,207.41,295.5,5.5564,0.75812,1.1458,366.22,0.16625,18.969,0.028935
297.78,65,73.775,0.013555,207.43,295.53,5.5565,0.75811,1.1458,366.23,0.16622,18.97,0.028937
297.8,65,73.767,0.013556,207.45,295.56,5.5566,0.75811,1.1458,366.25,0.16619,18.972,0.028939
297.83,65,73.76,0.013557,207.47,295.59,5.5567,0.75811,1.1457,366.27,0.16616,18.973,0.02894
297.86,65,73.753,0.013559,207.49,295.62,5.5568,0.75811,1.1457,366.29,0.16612,18.974,0.028942
297.88,65,73.745,0.01356,207.51,295.65,5.5569,0.7581,1.1457,366.3,0.16609,18.975,0.028943
297.91,65,73.738,0.013562,207.53,295.68,5.557,0.7581,1.1457,366.32,0.16606,18.976,0.028945
297.93,65,73.73,0.013563,207.55,295.71,5.5571,0.7581,1.1456,366.34,0.16603,18.977,0.028946
297.96,65,73.723,0.013564,207.58,295.74,5.5572,0.75809,1.1456,366.35,0.16599,18.978,0.028948
297.99,65,73.715,0.013566,207.6,295.77,5.5573,0.75809,1.1456,366.37,0.16596,18.979,0.028949
298.01,65,73.708,0.013567,207.62,295.8,5.5574,0.75809,1.1456,366.39,0.16593,18.98,0.028951
298.04,65,73.7,0.013568,207.64,295.83,5.5575,0.75809,1.1455,366.4,0.1659,18.981,0.028952
298.07,65,73.693,0.01357,207.66,295.86,5.5576,0.75808,1.1455,366.42,0.16586,18.982,0.028954
298.09,65,73.686,0.013571,207.68,295.9,5.5577,0.75808,1.1455,366.44,0.16583,18.983,0.028955
298.12,65,73.678,0.013573,207.7,295.93,5.5578,0.75808,1.1455,366.46,0.1658,18.984,0.028957
298.15,65,73.671,0.013574,207.73,295.96,5.5579,0.75808,1.1454,366.47,0.16577,18.985,0.028958
298.17,65,73.663,0.013575,207.75,295.99,5.558,0.75807,1.1454,366.49,0.16573,18.986,0.02896
298.2,65,73.656,0.013577,207.77,296.02,5.5581,0.75807,1.1454,366.51,0.1657,18.987,0.028962
298.22,65,73.648,0.013578,207.79,296.05,5.5582,0.75807,1.1454,366.52,0.16567,18.988,0.028963
298.25,65,73.641,0.013579,207.81,296.08,5.5583,0.75806,1.1453,366.54,0.16564,18.989,0.028965
298.28,65,73.634,0.013581,207.83,296.11,5.5584,0.75806,1.1453,366.56,0.1656,18.99,0.028966
298.3,65,73.626,0.013582,207.85,296.14,5.5585,0.75806,1.1453,366.57,0.16557,18.992,0.028968
298.33,65,73.619,0.013583,207.87,296.17,5.5586,0.75806,1.1453,366.59,0.16554,18.993,0.028969
298.36,65,73.611,0.013585,207.9,296.2,5.5587,0.75805,1.1452,366.61,0.16551,18.994,0.028971
298.38,65,73.604,0.013586,207.92,296.23,5.5588,0.75805,1.1452,366.63,0.16547,18.995,0.028972
298.41,65,73.596,0.013588,207.94,296.26,5.5589,0.75805,1.1452,366.64,0.16544,18.996,0.028974
298.44,65,73.589,0.013589,207.96,296.29,5.559,0.75804,1.1452,366.66,0.16541,18.997,0.028975
298.46,65,73.582,0.01359,207.98,296.32,5.5591,0.75804,1.1451,366.68,0.16538,18.998,0.028977
298.49,65,73.574,0.013592,208,296.35,5.5592,0.75804,1.1451,366.69,0.16534,18.999,0.028978
298.51,65,73.567,0.013593,208.02,296.38,5.5593,0.75804,1.1451,366.71,0.16531,19,0.02898
298.54,65,73.559,0.013594,208.04,296.41,5.5594,0.75803,1.1451,366.73,0.16528,19.001,0.028981
298.57,65,73.552,0.013596,208.07,296.44,5.5595,0.75803,1.145,366.74,0.16525,19.002,0.028983
298.59,65,73.545,0.013597,208.09,296.47,5.5596,0.75803,1.145,366.76,0.16522,19.003,0.028984
298.62,65,73.537,0.013599,208.11,296.5,5.5597,0.75802,1.145,366.78,0.16518,19.004,0.028986
298.65,65,73.53,0.0136,208.13,296.53,5.5598,0.75802,1.145,366.8,0.16515,19.005,0.028988
298.67,65,73.522,0.013601,208.15,296.56,5.5599,0.75802,1.1449,366.81,0.16512,19.006,0.028989
298.7,65,73.515,0.013603,208.17,296.59,5.56,0.75802,1.1449,366.83,0.16509,19.007,0.028991
298.73,65,73.508,0.013604,208.19,296.62,5.5601,0.75801,1.1449,366.85,0.16505,19.008,0.028992
298.75,65,73.5,0.013605,208.22,296.65,5.5602,0.75801,1.1449,366.86,0.16502,19.009,0.028994
298.78,65,73.493,0.013607,208.24,296.68,5.5603,0.75801,1.1449,366.88,0.16499,19.01,0.028995
298.8,65,73.485,0.013608,208.26,296.71,5.5604,0.75801,1.1448,366.9,0.16496,19.011,0.028997
298.83,65,73.478,0.01361,208.28,296.74,5.5605,0.758,1.1448,366.91,0.16492,19.013,0.028998
298.86,65,73.471,0.013611,208.3,296.77,5.5606,0.758,1.1448,366.93,0.16489,19.014,0.029
298.88,65,73.463,0.013612,208.32,296.8,5.5607,0.758,1.1448,366.95,0.16486,19.015,0.029001
298.91,65,73.456,0.013614,208.34,296.83,5.5608,0.75799,1.1447,366.97,0.16483,19.016,0.029003
298.94,65,73.449,0.013615,208.36,296.86,5.5609,0.75799,1.1447,366.98,0.1648,19.017,0.029004
298.96,65,73.441,0.013616,208.39,296.89,5.561,0.75799,1.1447,367,0.16476,19.018,0.029006
298.99,65,73.434,0.013618,208.41,296.92,5.5611,0.75799,1.1447,367.02,0.16473,19.019,0.029007
299.02,65,73.426,0.013619,208.43,296.95,5.5612,0.75798,1.1446,367.03,0.1647,19.02,0.029009
299.04,65,73.419,0.01362,208.45,296.98,5.5613,0.75798,1.1446,367.05,0.16467,19.021,0.029011
299.07,65,73.412,0.013622,208.47,297.01,5.5614,0.75798,1.1446,367.07,0.16463,19.022,0.029012
299.1,65,73.404,0.013623,208.49,297.04,5.5615,0.75797,1.1446,367.08,0.1646,19.023,0.029014
299.12,65,73.397,0.013625,208.51,297.07,5.5616,0.75797,1.1445,367.1,0.16457,19.024,0.029015
299.15,65,73.39,0.013626,208.54,297.1,5.5617,0.75797,1.1445,367.12,0.16454,19.025,0.029017
299.17,65,73.382,0.013627,208.56,297.13,5.5618,0.75797,1.1445,367.14,0.16451,19.026,0.029018
299.2,65,73.375,0.013629,208.58,297.16,5.5619,0.75796,1.1445,367.15,0.16447,19.027,0.02902
299.23,65,73.367,0.01363,208.6,297.19,5.562,0.75796,1.1444,367.17,0.16444,19.028,0.029021
299.25,65,73.36,0.013631,208.62,297.22,5.5621,0.75796,1.1444,367.19,0.16441,19.029,0.029023
299.28,65,73.353,0.013633,208.64,297.25,5.5622,0.75796,1.1444,367.2,0.16438,19.03,0.029024
299.31,65,73.345,0.013634,208.66,297.28,5.5623,0.75795,1.1444,367.22,0.16434,19.031,0.029026
299.33,65,73.338,0.013635,208.68,297.31,5.5624,0.75795,1.1443,367.24,0.16431,19.033,0.029027
299.36,65,73.331,0.013637,208.71,297.35,5.5625,0.75795,1.1443,367.25,0.16428,19.034,0.029029
299.39,65,73.323,0.013638,208.73,297.38,5.5626,0.75794,1.1443,367.27,0.16425,19.035,0.02903
299.41,65,73.316,0.01364,208.75,297.41,5.5627,0.75794,1.1443,367.29,0.16422,19.036,0.029032
299.44,65,73.309,0.013641,208.77,297.44,5.5628,0.75794,1.1442,367.3,0.16418,19.037,0.029034
299.46,65,73.301,0.013642,208.79,297.47,5.5629,0.75794,1.1442,367.32,0.16415,19.038,0.029035
299.49,65,73.294,0.013644,208.81,297.5,5.563,0.75793,1.1442,367.34,0.16412,19.039,0.029037
299.52,65,73.287,0.013645,208.83,297.53,5.5631,0.75793,1.1442,367.36,0.16409,19.04,0.029038
299.54,65,73.279,0.013646,208.85,297.56,5.5632,0.75793,1.1442,367.37,0.16405,19.041,0.02904
299.57,65,73.272,0.013648,208.88,297.59,5.5633,0.75793,1.1441,367.39,0.16402,19.042,0.029041
299.6,65,73.265,0.013649,208.9,297.62,5.5634,0.75792,1.1441,367.41,0.16399,19.043,0.029043
299.62,65,73.257,0.013651,208.92,297.65,5.5635,0.75792,1.1441,367.42,0.16396,19.044,0.029044
299.65,65,73.25,0.013652,208.94,297.68,5.5636,0.75792,1.1441,367.44,0.16393,19.045,0.029046
299.68,65,73.243,0.013653,208.96,297.71,5.5637,0.75791,1.144,367.46,0.16389,19.046,0.029047
299.7,65,73.235,0.013655,208.98,297.74,5.5638,0.75791,1.144,367.47,0.16386,19.047,0.029049
299.73,65,73.228,0.013656,209,297.77,5.5639,0.75791,1.144,367.49,0.16383,19.048,0.02905
299.75,65,73.221,0.013657,209.02,297.8,5.564,0.75791,1.144,367.51,0.1638,19.049,0.029052
299.78,65,73.213,0.013659,209.05,297.83,5.5641,0.7579,1.1439,367.53,0.16377,19.05,0.029053
299.81,65,73.206,0.01366,209.07,297.86,5.5642,0.7579,1.1439,367.54,0.16373,19.051,0.029055
299.83,65,73.199,0.013661,209.09,297.89,5.5643,0.7579,1.1439,367.56,0.1637,19.053,0.029057
299.86,65,73.191,0.013663,209.11,297.92,5.5644,0.7579,1.1439,367.58,0.16367,19.054,0.029058
299.89,65,73.184,0.013664,209.13,297.95,5.5646,0.75789,1.1438,367.59,0.16364,19.055,0.02906
299.91,65,73.177,0.013666,209.15,297.98,5.5647,0.75789,1.1438,367.61,0.16361,19.056,0.029061
299.94,65,73.169,0.013667,209.17,298.01,5.5648,0.75789,1.1438,367.63,0.16357,19.057,0.029063
299.97,65,73.162,0.013668,209.2,298.04,5.5649,0.75788,1.1438,367.64,0.16354,19.058,0.029064
299.99,65,73.155,0.01367,209.22,298.07,5.565,0.75788,1.1437,367.66,0.16351,19.059,0.029066
300.02,65,73.147,0.013671,209.24,298.1,5.5651,0.75788,1.1437,367.68,0.16348,19.06,0.029067
300.04,65,73.14,0.013672,209.26,298.13,5.5652,0.75788,1.1437,367.69,0.16345,19.061,0.029069
300.07,65,73.133,0.013674,209.28,298.16,5.5653,0.75787,1.1437,367.71,0.16341,19.062,0.02907
300.1,65,73.125,0.013675,209.3,298.19,5.5654,0.75787,1.1436,367.73,0.16338,19.063,0.029072
300.12,65,73.118,0.013677,209.32,298.22,5.5655,0.75787,1.1436,367.75,0.16335,19.064,0.029073
300.15,65,73.111,0.013678,209.34,298.25,5.5656,0.75787,1.1436,367.76,0.16332,19.065,0.029075
300.18,65,73.103,0.013679,209.37,298.28,5.5657,0.75786,1.1436,367.78,0.16329,19.066,0.029076
300.2,65,73.096,0.013681,209.39,298.31,5.5658,0.75786,1.1436,367.8,0.16325,19.067,0.029078
300.23,65,73.089,0.013682,209.41,298.34,5.5659,0.75786,1.1435,367.81,0.16322,19.068,0.02908
300.26,65,73.082,0.013683,209.43,298.37,5.566,0.75786,1.1435,367.83,0.16319,19.069,0.029081
300.28,65,73.074,0.013685,209.45,298.4,5.5661,0.75785,1.1435,367.85,0.16316,19.07,0.029083
300.31,65,73.067,0.013686,209.47,298.43,5.5662,0.75785,1.1435,367.86,0.16313,19.071,0.029084
300.34,65,73.06,0.013687,209.49,298.46,5.5663,0.75785,1.1434,367.88,0.16309,19.072,0.029086
300.36,65,73.052,0.013689,209.51,298.49,5.5664,0.75784,1.1434,367.9,0.16306,19.074,0.029087
300.39,65,73.045,0.01369,209.54,298.52,5.5665,0.75784,1.1434,367.91,0.16303,19.075,0.029089
300.41,65,73.038,0.013692,209.56,298.55,5.5666,0.75784,1.1434,367.93,0.163,19.076,0.02909
300.44,65,73.031,0.013693,209.58,298.58,5.5667,0.75784,1.1433,367.95,0.16297,19.077,0.029092
300.47,65,73.023,0.013694,209.6,298.61,5.5668,0.75783,1.1433,367.97,0.16293,19.078,0.029093
300.49,65,73.016,0.013696,209.62,298.64,5.5669,0.75783,1.1433,367.98,0.1629,19.079,0.029095
300.52,65,73.009,0.013697,209.64,298.67,5.567,0.75783,1.1433,368,0.16287,19.08,0.029096
300.55,65,73.001,0.013698,209.66,298.7,5.5671,0.75783,1.1432,368.02,0.16284,19.081,0.029098
300.57,65,72.994,0.0137,209.68,298.73,5.5672,0.75782,1.1432,368.03,0.16281,19.082,0.029099
300.6,65,72.987,0.013701,209.71,298.76,5.5673,0.75782,1.1432,368.05,0.16277,19.083,0.029101
300.63,65,72.98,0.013702,209.73,298.79,5.5674,0.75782,1.1432,368.07,0.16274,19.084,0.029103
300.65,65,72.972,0.013704,209.75,298.82,5.5675,0.75781,1.1432,368.08,0.16271,19.085,0.029104
300.68,65,72.965,0.013705,209.77,298.85,5.5676,0.75781,1.1431,368.1,0.16268,19.086,0.029106
300.7,65,72.958,0.013707,209.79,298.88,5.5677,0.75781,1.1431,368.12,0.16265,19.087,0.029107
300.73,65,72.951,0.013708,209.81,298.91,5.5678,0.75781,1.1431,368.13,0.16262,19.088,0.029109
300.76,65,72.943,0.013709,209.83,298.94,5.5679,0.7578,1.1431,368.15,0.16258,19.089,0.02911
300.78,65,72.936,0.013711,209.86,298.97,5.568,0.7578,1.143,368.17,0.16255,19.09,0.029112
300.81,65,72.929,0.013712,209.88,299,5.5681,0.7578,1.143,368.18,0.16252,19.091,0.029113
300.84,65,72.921,0.013713,209.9,299.03,5.5682,0.7578,1.143,368.2,0.16249,19.092,0.029115
300.86,65,72.914,0.013715,209.92,299.06,5.5683,0.75779,1.143,368.22,0.16246,19.094,0.029116
300.89,65,72.907,0.013716,209.94,299.1,5.5684,0.75779,1.1429,368.24,0.16242,19.095,0.029118
300.92,65,72.9,0.013717,209.96,299.13,5.5685,0.75779,1.1429,368.25,0.16239,19.096,0.029119
300.94,65,72.892,0.013719,209.98,299.16,5.5686,0.75779,1.1429,368.27,0.16236,19.097,0.029121
300.97,65,72.885,0.01372,210,299.19,5.5687,0.75778,1.1429,368.29,0.16233,19.098,0.029122
300.99,65,72.878,0.013722,210.03,299.22,5.5688,0.75778,1.1428,368.3,0.1623,19.099,0.029124
301.02,65,72.871,0.013723,210.05,299.25,5.5689,0.75778,1.1428,368.32,0.16227,19.1,0.029126
301.05,65,72.863,0.013724,210.07,299.28,5.569,0.75778,1.1428,368.34,0.16223,19.101,0.029127
301.07,65,72.856,0.013726,210.09,299.31,5.5691,0.75777,1.1428,368.35,0.1622,19.102,0.029129
301.1,65,72.849,0.013727,210.11,299.34,5.5692,0.75777,1.1428,368.37,0.16217,19.103,0.02913
301.13,65,72.842,0.013728,210.13,299.37,5.5693,0.75777,1.1427,368.39,0.16214,19.104,0.029132
301.15,65,72.834,0.01373,210.15,299.4,5.5694,0.75776,1.1427,368.4,0.16211,19.105,0.029133
301.18,65,72.827,0.013731,210.17,299.43,5.5695,0.75776,1.1427,368.42,0.16207,19.106,0.029135
301.21,65,72.82,0.013733,210.2,299.46,5.5696,0.75776,1.1427,368.44,0.16204,19.107,0.029136
301.23,65,72.813,0.013734,210.22,299.49,5.5697,0.75776,1.1426,368.46,0.16201,19.108,0.029138
301.26,65,72.805,0.013735,210.24,299.52,5.5698,0.75775,1.1426,368.47,0.16198,19.109,0.029139
301.28,65,72.798,0.013737,210.26,299.55,5.5699,0.75775,1.1426,368.49,0.16195,19.11,0.029141
301.31,65,72.791,0.013738,210.28,299.58,5.57,0.75775,1.1426,368.51,0.16192,19.111,0.029142
301.34,65,72.784,0.013739,210.3,299.61,5.5701,0.75775,1.1425,368.52,0.16188,19.112,0.029144
301.36,65,72.777,0.013741,210.32,299.64,5.5702,0.75774,1.1425,368.54,0.16185,19.113,0.029145
301.39,65,72.769,0.013742,210.34,299.67,5.5703,0.75774,1.1425,368.56,0.16182,19.115,0.029147
301.42,65,72.762,0.013743,210.37,299.7,5.5704,0.75774,1.1425,368.57,0.16179,19.116,0.029149
301.44,65,72.755,0.013745,210.39,299.73,5.5705,0.75774,1.1424,368.59,0.16176,19.117,0.02915
301.47,65,72.748,0.013746,210.41,299.76,5.5706,0.75773,1.1424,368.61,0.16173,19.118,0.029152
301.5,65,72.74,0.013748,210.43,299.79,5.5707,0.75773,1.1424,368.62,0.16169,19.119,0.029153
301.52,65,72.733,0.013749,210.45,299.82,5.5708,0.75773,1.1424,368.64,0.16166,19.12,0.029155
301.55,65,72.726,0.01375,210.47,299.85,5.5709,0.75772,1.1424,368.66,0.16163,19.121,0.029156
301.58,65,72.719,0.013752,210.49,299.88,5.571,0.75772,1.1423,368.67,0.1616,19.122,0.029158
301.6,65,72.712,0.013753,210.51,299.91,5.5711,0.75772,1.1423,368.69,0.16157,19.123,0.029159
301.63,65,72.704,0.013754,210.54,299.94,5.5712,0.75772,1.1423,368.71,0.16154,19.124,0.029161
301.65,65,72.697,0.013756,210.56,299.97,5.5713,0.75771,1.1423,368.72,0.1615,19.125,0.029162
301.68,65,72.69,0.013757,210.58,300,5.5714,0.75771,1.1422,368.74,0.16147,19.126,0.029164
301.71,65,72.683,0.013758,210.6,300.03,5.5715,0.75771,1.1422,368.76,0.16144,19.127,0.029165
301.73,65,72.676,0.01376,210.62,300.06,5.5716,0.75771,1.1422,368.78,0.16141,19.128,0.029167
301.76,65,72.668,0.013761,210.64,300.09,5.5717,0.7577,1.1422,368.79,0.16138,19.129,0.029169
301.79,65,72.661,0.013763,210.66,300.12,5.5718,0.7577,1.1421,368.81,0.16135,19.13,0.02917
301.81,65,72.654,0.013764,210.68,300.15,5.5719,0.7577,1.1421,368.83,0.16131,19.131,0.029172
301.84,65,72.647,0.013765,210.71,300.18,5.572,0.7577,1.1421,368.84,0.16128,19.132,0.029173
301.87,65,72.639,0.013767,210.73,300.21,5.5721,0.75769,1.1421,368.86,0.16125,19.133,0.029175
301.89,65,72.632,0.013768,210.75,300.24,5.5722,0.75769,1.1421,368.88,0.16122,19.135,0.029176
301.92,65,72.625,0.013769,210.77,300.27,5.5723,0.75769,1.142,368.89,0.16119,19.136,0.029178
301.94,65,72.618,0.013771,210.79,300.3,5.5724,0.75769,1.142,368.91,0.16116,19.137,0.029179
301.97,65,72.611,0.013772,210.81,300.33,5.5725,0.75768,1.142,368.93,0.16112,19.138,0.029181
302,65,72.604,0.013773,210.83,300.36,5.5726,0.75768,1.142,368.94,0.16109,19.139,0.029182
302.02,65,72.596,0.013775,210.85,300.39,5.5727,0.75768,1.1419,368.96,0.16106,19.14,0.029184
302.05,65,72.589,0.013776,210.88,300.42,5.5728,0.75768,1.1419,368.98,0.16103,19.141,0.029185
302.08,65,72.582,0.013778,210.9,300.45,5.5729,0.75767,1.1419,368.99,0.161,19.142,0.029187
302.1,65,72.575,0.013779,210.92,300.48,5.573,0.75767,1.1419,369.01,0.16097,19.143,0.029188
302.13,65,72.568,0.01378,210.94,300.51,5.5731,0.75767,1.1418,369.03,0.16094,19.144,0.02919
302.16,65,72.56,0.013782,210.96,300.54,5.5732,0.75766,1.1418,369.04,0.1609,19.145,0.029192
302.18,65,72.553,0.013783,210.98,300.57,5.5733,0.75766,1.1418,369.06,0.16087,19.146,0.029193
302.21,65,72.546,0.013784,211,300.6,5.5734,0.75766,1.1418,369.08,0.16084,19.147,0.029195
302.23,65,72.539,0.013786,211.03,300.63,5.5735,0.75766,1.1417,369.1,0.16081,19.148,0.029196
302.26,65,72.532,0.013787,211.05,300.66,5.5736,0.75765,1.1417,369.11,0.16078,19.149,0.029198
302.29,65,72.525,0.013788,211.07,300.69,5.5737,0.75765,1.1417,369.13,0.16075,19.15,0.029199
302.31,65,72.517,0.01379,211.09,300.72,5.5738,0.75765,1.1417,369.15,0.16072,19.151,0.029201
302.34,65,72.51,0.013791,211.11,300.75,5.5739,0.75765,1.1417,369.16,0.16068,19.152,0.029202
302.37,65,72.503,0.013793,211.13,300.78,5.574,0.75764,1.1416,369.18,0.16065,19.153,0.029204
302.39,65,72.496,0.013794,211.15,300.81,5.5741,0.75764,1.1416,369.2,0.16062,19.155,0.029205
302.42,65,72.489,0.013795,211.17,300.84,5.5742,0.75764,1.1416,369.21,0.16059,19.156,0.029207
302.45,65,72.482,0.013797,211.2,300.87,5.5743,0.75764,1.1416,369.23,0.16056,19.157,0.029208
302.47,65,72.474,0.013798,211.22,300.9,5.5744,0.75763,1.1415,369.25,0.16053,19.158,0.02921
302.5,65,72.467,0.013799,211.24,300.93,5.5745,0.75763,1.1415,369.26,0.16049,19.159,0.029212
302.52,65,72.46,0.013801,211.26,300.96,5.5746,0.75763,1.1415,369.28,0.16046,19.16,0.029213
302.55,65,72.453,0.013802,211.28,300.99,5.5747,0.75763,1.1415,369.3,0.16043,19.161,0.029215
302.58,65,72.446,0.013803,211.3,301.02,5.5748,0.75762,1.1415,369.31,0.1604,19.162,0.029216
302.6,65,72.439,0.013805,211.32,301.05,5.5749,0.75762,1.1414,369.33,0.16037,19.163,0.029218
302.63,65,72.431,0.013806,211.34,301.08,5.575,0.75762,1.1414,369.35,0.16034,19.164,0.029219
302.66,65,72.424,0.013808,211.37,301.11,5.5751,0.75762,1.1414,369.36,0.16031,19.165,0.029221
302.68,65,72.417,0.013809,211.39,301.14,5.5752,0.75761,1.1414,369.38,0.16027,19.166,0.029222
302.71,65,72.41,0.01381,211.41,301.17,5.5753,0.75761,1.1413,369.4,0.16024,19.167,0.029224
302.74,65,72.403,0.013812,211.43,301.2,5.5754,0.75761,1.1413,369.41,0.16021,19.168,0.029225
302.76,65,72.396,0.013813,211.45,301.23,5.5755,0.75761,1.1413,369.43,0.16018,19.169,0.029227
302.79,65,72.389,0.013814,211.47,301.26,5.5756,0.7576,1.1413,369.45,0.16015,19.17,0.029228
302.82,65,72.381,0.013816,211.49,301.29,5.5757,0.7576,1.1412,369.47,0.16012,19.171,0.02923
302.84,65,72.374,0.013817,211.51,301.32,5.5758,0.7576,1.1412,369.48,0.16009,19.172,0.029231
302.87,65,72.367,0.013818,211.54,301.35,5.5759,0.7576,1.1412,369.5,0.16006,19.173,0.029233
302.89,65,72.36,0.01382,211.56,301.39,5.576,0.75759,1.1412,369.52,0.16002,19.174,0.029235
302.92,65,72.353,0.013821,211.58,301.42,5.5761,0.75759,1.1412,369.53,0.15999,19.176,0.029236
302.95,65,72.346,0.013823,211.6,301.45,5.5762,0.75759,1.1411,369.55,0.15996,19.177,0.029238
302.97,65,72.339,0.013824,211.62,301.48,5.5763,0.75759,1.1411,369.57,0.15993,19.178,0.029239
303,65,72.331,0.013825,211.64,301.51,5.5763,0.75758,1.1411,369.58,0.1599,19.179,0.029241
303.03,65,72.324,0.013827,211.66,301.54,5.5764,0.75758,1.1411,369.6,0.15987,19.18,0.029242
303.05,65,72.317,0.013828,211.68,301.57,5.5765,0.75758,1.141,369.62,0.15984,19.181,0.029244
303.08,65,72.31,0.013829,211.71,301.6,5.5766,0.75758,1.141,369.63,0.1598,19.182,0.029245
303.11,65,72.303,0.013831,211.73,301.63,5.5767,0.75757,1.141,369.65,0.15977,19.183,0.029247
303.13,65,72.296,0.013832,211.75,301.66,5.5768,0.75757,1.141,369.67,0.15974,19.184,0.029248
303.16,65,72.289,0.013833,211.77,301.69,5.5769,0.75757,1.1409,369.68,0.15971,19.185,0.02925
303.18,65,72.282,0.013835,211.79,301.72,5.577,0.75756,1.1409,369.7,0.15968,19.186,0.029251
303.21,65,72.274,0.013836,211.81,301.75,5.5771,0.75756,1.1409,369.72,0.15965,19.187,0.029253
303.24,65,72.267,0.013838,211.83,301.78,5.5772,0.75756,1.1409,369.73,0.15962,19.188,0.029255
303.26,65,72.26,0.013839,211.85,301.81,5.5773,0.75756,1.1409,369.75,0.15959,19.189,0.029256
303.29,65,72.253,0.01384,211.88,301.84,5.5774,0.75755,1.1408,369.77,0.15955,19.19,0.029258
303.32,65,72.246,0.013842,211.9,301.87,5.5775,0.75755,1.1408,369.78,0.15952,19.191,0.029259
303.34,65,72.239,0.013843,211.92,301.9,5.5776,0.75755,1.1408,369.8,0.15949,19.192,0.029261
303.37,65,72.232,0.013844,211.94,301.93,5.5777,0.75755,1.1408,369.82,0.15946,19.193,0.029262
303.4,65,72.225,0.013846,211.96,301.96,5.5778,0.75754,1.1407,369.83,0.15943,19.194,0.029264
303.42,65,72.218,0.013847,211.98,301.99,5.5779,0.75754,1.1407,369.85,0.1594,19.196,0.029265
303.45,65,72.21,0.013848,212,302.02,5.578,0.75754,1.1407,369.87,0.15937,19.197,0.029267
303.47,65,72.203,0.01385,212.02,302.05,5.5781,0.75754,1.1407,369.88,0.15934,19.198,0.029268
303.5,65,72.196,0.013851,212.05,302.08,5.5782,0.75753,1.1407,369.9,0.1593,19.199,0.02927
303.53,65,72.189,0.013852,212.07,302.11,5.5783,0.75753,1.1406,369.92,0.15927,19.2,0.029271
303.55,65,72.182,0.013854,212.09,302.14,5.5784,0.75753,1.1406,369.94,0.15924,19.201,0.029273
303.58,65,72.175,0.013855,212.11,302.17,5.5785,0.75753,1.1406,369.95,0.15921,19.202,0.029275
303.61,65,72.168,0.013857,212.13,302.2,5.5786,0.75752,1.1406,369.97,0.15918,19.203,0.029276
303.63,65,72.161,0.013858,212.15,302.23,5.5787,0.75752,1.1405,369.99,0.15915,19.204,0.029278
303.66,65,72.154,0.013859,212.17,302.26,5.5788,0.75752,1.1405,370,0.15912,19.205,0.029279
303.69,65,72.147,0.013861,212.19,302.29,5.5789,0.75752,1.1405,370.02,0.15909,19.206,0.029281
303.71,65,72.14,0.013862,212.21,302.32,5.579,0.75751,1.1405,370.04,0.15905,19.207,0.029282
303.74,65,72.132,0.013863,212.24,302.35,5.5791,0.75751,1.1404,370.05,0.15902,19.208,0.029284
303.76,65,72.125,0.013865,212.26,302.38,5.5792,0.75751,1.1404,370.07,0.15899,19.209,0.029285
303.79,65,72.118,0.013866,212.28,302.41,5.5793,0.75751,1.1404,370.09,0.15896,19.21,0.029287
303.82,65,72.111,0.013867,212.3,302.44,5.5794,0.7575,1.1404,370.1,0.15893,19.211,0.029288
303.84,65,72.104,0.013869,212.32,302.47,5.5795,0.7575,1.1404,370.12,0.1589,19.212,0.02929
303.87,65,72.097,0.01387,212.34,302.5,5.5796,0.7575,1.1403,370.14,0.15887,19.213,0.029291
303.9,65,72.09,0.013872,212.36,302.53,5.5797,0.7575,1.1403,370.15,0.15884,19.214,0.029293
303.92,65,72.083,0.013873,212.38,302.56,5.5798,0.75749,1.1403,370.17,0.15881,19.215,0.029295
303.95,65,72.076,0.013874,212.41,302.59,5.5799,0.75749,1.1403,370.19,0.15877,19.217,0.029296
303.98,65,72.069,0.013876,212.43,302.62,5.58,0.75749,1.1402,370.2,0.15874,19.218,0.029298
304,65,72.062,0.013877,212.45,302.65,5.5801,0.75749,1.1402,370.22,0.15871,19.219,0.029299
304.03,65,72.055,0.013878,212.47,302.68,5.5802,0.75748,1.1402,370.24,0.15868,19.22,0.029301
304.06,65,72.048,0.01388,212.49,302.71,5.5803,0.75748,1.1402,370.25,0.15865,19.221,0.029302
304.08,65,72.04,0.013881,212.51,302.74,5.5804,0.75748,1.1402,370.27,0.15862,19.222,0.029304
304.11,65,72.033,0.013882,212.53,302.77,5.5805,0.75748,1.1401,370.29,0.15859,19.223,0.029305
304.13,65,72.026,0.013884,212.55,302.8,5.5806,0.75747,1.1401,370.3,0.15856,19.224,0.029307
304.16,65,72.019,0.013885,212.58,302.83,5.5807,0.75747,1.1401,370.32,0.15853,19.225,0.029308
304.19,65,72.012,0.013887,212.6,302.86,5.5808,0.75747,1.1401,370.34,0.15849,19.226,0.02931
304.21,65,72.005,0.013888,212.62,302.89,5.5809,0.75747,1.14,370.35,0.15846,19.227,0.029311
304.24,65,71.998,0.013889,212.64,302.92,5.581,0.75746,1.14,370.37,0.15843,19.228,0.029313
304.27,65,71.991,0.013891,212.66,302.95,5.5811,0.75746,1.14,370.39,0.1584,19.229,0.029314
304.29,65,71.984,0.013892,212.68,302.98,5.5812,0.75746,1.14,370.4,0.15837,19.23,0.029316
304.32,65,71.977,0.013893,212.7,303.01,5.5813,0.75746,1.14,370.42,0.15834,19.231,0.029318
304.35,65,71.97,0.013895,212.72,303.04,5.5814,0.75745,1.1399,370.44,0.15831,19.232,0.029319
304.37,65,71.963,0.013896,212.75,303.07,5.5815,0.75745,1.1399,370.45,0.15828,19.233,0.029321
304.4,65,71.956,0.013897,212.77,303.1,5.5816,0.75745,1.1399,370.47,0.15825,19.234,0.029322
304.42,65,71.949,0.013899,212.79,303.13,5.5817,0.75745,1.1399,370.49,0.15822,19.235,0.029324
304.45,65,71.942,0.0139,212.81,303.16,5.5818,0.75744,1.1398,370.5,0.15818,19.236,0.029325
304.48,65,71.935,0.013902,212.83,303.19,5.5819,0.75744,1.1398,370.52,0.15815,19.238,0.029327
304.5,65,71.928,0.013903,212.85,303.22,5.582,0.75744,1.1398,370.54,0.15812,19.239,0.029328
304.53,65,71.921,0.013904,212.87,303.25,5.5821,0.75744,1.1398,370.55,0.15809,19.24,0.02933
