Temperature (K),Pressure (MPa),Density (kg/m3),Volume (m3/kg),Internal Energy (kJ/kg),Enthalpy (kJ/kg),Entropy (J/g*K),Cv (J/g*K),Cp (J/g*K),Sound Spd. (m/s),Joule-Thomson (K/MPa),Viscosity (uPa*s),Therm. Cond. (W/m*K)
288.7,6.5,843.23,0.0011859,191.01,198.72,0.81914,0.91523,2.4954,484.94,0.61773,78.377,0.089231
288.73,6.5,843.04,0.0011862,191.08,198.79,0.81938,0.91526,2.4966,484.69,0.61883,78.342,0.089199
288.76,6.5,842.85,0.0011864,191.14,198.86,0.81962,0.91529,2.4978,484.44,0.61994,78.306,0.089168
288.78,6.5,842.67,0.0011867,191.21,198.93,0.81986,0.91532,2.499,484.19,0.62105,78.27,0.089136
288.81,6.5,842.48,0.001187,191.28,199,0.8201,0.91534,2.5002,483.94,0.62216,78.235,0.089104
288.84,6.5,842.29,0.0011872,191.35,199.06,0.82034,0.91537,2.5014,483.69,0.62327,78.199,0.089072
288.87,6.5,842.1,0.0011875,191.42,199.13,0.82058,0.9154,2.5026,483.44,0.62439,78.163,0.08904
288.89,6.5,841.92,0.0011878,191.48,199.2,0.82082,0.91543,2.5038,483.19,0.62551,78.128,0.089008
288.92,6.5,841.73,0.001188,191.55,199.27,0.82106,0.91546,2.5051,482.94,0.62663,78.092,0.088976
288.95,6.5,841.54,0.0011883,191.62,199.34,0.82131,0.91548,2.5063,482.69,0.62775,78.056,0.088945
288.98,6.5,841.35,0.0011886,191.69,199.41,0.82155,0.91551,2.5075,482.44,0.62888,78.021,0.088913
289.01,6.5,841.16,0.0011888,191.76,199.48,0.82179,0.91554,2.5087,482.19,0.63001,77.985,0.088881
289.03,6.5,840.97,0.0011891,191.82,199.55,0.82203,0.91557,2.51,481.94,0.63114,77.949,0.088849
289.06,6.5,840.78,0.0011894,191.89,199.62,0.82227,0.9156,2.5112,481.69,0.63227,77.913,0.088817
289.09,6.5,840.6,0.0011896,191.96,199.69,0.82251,0.91563,2.5124,481.44,0.6334,77.878,0.088785
289.12,6.5,840.41,0.0011899,192.03,199.76,0.82276,0.91565,2.5137,481.19,0.63454,77.842,0.088753
289.15,6.5,840.22,0.0011902,192.1,199.83,0.823,0.91568,2.5149,480.93,0.63568,77.806,0.088721
289.17,6.5,840.03,0.0011904,192.17,199.9,0.82324,0.91571,2.5162,480.68,0.63682,77.77,0.088689
289.2,6.5,839.84,0.0011907,192.23,199.97,0.82348,0.91574,2.5174,480.43,0.63797,77.735,0.088658
289.23,6.5,839.65,0.001191,192.3,200.04,0.82373,0.91577,2.5187,480.18,0.63912,77.699,0.088626
289.26,6.5,839.46,0.0011912,192.37,200.11,0.82397,0.9158,2.5199,479.93,0.64027,77.663,0.088594
289.28,6.5,839.27,0.0011915,192.44,200.18,0.82421,0.91583,2.5212,479.67,0.64142,77.627,0.088562
289.31,6.5,839.08,0.0011918,192.51,200.25,0.82445,0.91586,2.5225,479.42,0.64257,77.591,0.08853
289.34,6.5,838.89,0.0011921,192.58,200.32,0.8247,0.91589,2.5237,479.17,0.64373,77.556,0.088498
289.37,6.5,838.7,0.0011923,192.64,200.39,0.82494,0.91592,2.525,478.92,0.64489,77.52,0.088466
289.4,6.5,838.5,0.0011926,192.71,200.46,0.82518,0.91594,2.5263,478.66,0.64605,77.484,0.088434
289.42,6.5,838.31,0.0011929,192.78,200.53,0.82542,0.91597,2.5275,478.41,0.64721,77.448,0.088402
289.45,6.5,838.12,0.0011931,192.85,200.61,0.82567,0.916,2.5288,478.16,0.64838,77.412,0.08837
289.48,6.5,837.93,0.0011934,192.92,200.68,0.82591,0.91603,2.5301,477.9,0.64955,77.376,0.088338
289.51,6.5,837.74,0.0011937,192.99,200.75,0.82615,0.91606,2.5314,477.65,0.65072,77.34,0.088306
289.53,6.5,837.55,0.001194,193.06,200.82,0.8264,0.91609,2.5327,477.4,0.65189,77.304,0.088274
289.56,6.5,837.36,0.0011942,193.12,200.89,0.82664,0.91612,2.534,477.14,0.65307,77.268,0.088242
289.59,6.5,837.16,0.0011945,193.19,200.96,0.82688,0.91615,2.5353,476.89,0.65425,77.233,0.08821
289.62,6.5,836.97,0.0011948,193.26,201.03,0.82713,0.91618,2.5366,476.63,0.65543,77.197,0.088178
289.65,6.5,836.78,0.0011951,193.33,201.1,0.82737,0.91622,2.5379,476.38,0.65661,77.161,0.088146
289.67,6.5,836.59,0.0011953,193.4,201.17,0.82762,0.91625,2.5392,476.12,0.6578,77.125,0.088115
289.7,6.5,836.39,0.0011956,193.47,201.24,0.82786,0.91628,2.5405,475.87,0.65899,77.089,0.088083
289.73,6.5,836.2,0.0011959,193.54,201.31,0.8281,0.91631,2.5418,475.61,0.66018,77.053,0.088051
289.76,6.5,836.01,0.0011962,193.61,201.38,0.82835,0.91634,2.5431,475.36,0.66138,77.017,0.088019
289.79,6.5,835.81,0.0011964,193.68,201.45,0.82859,0.91637,2.5445,475.1,0.66257,76.981,0.087987
289.81,6.5,835.62,0.0011967,193.74,201.52,0.82884,0.9164,2.5458,474.85,0.66377,76.945,0.087955
289.84,6.5,835.43,0.001197,193.81,201.59,0.82908,0.91643,2.5471,474.59,0.66497,76.909,0.087923
289.87,6.5,835.23,0.0011973,193.88,201.66,0.82933,0.91646,2.5485,474.34,0.66618,76.873,0.087891
289.9,6.5,835.04,0.0011975,193.95,201.74,0.82957,0.91649,2.5498,474.08,0.66739,76.836,0.087859
289.92,6.5,834.84,0.0011978,194.02,201.81,0.82982,0.91652,2.5511,473.82,0.6686,76.8,0.087827
289.95,6.5,834.65,0.0011981,194.09,201.88,0.83006,0.91656,2.5525,473.57,0.66981,76.764,0.087794
289.98,6.5,834.46,0.0011984,194.16,201.95,0.83031,0.91659,2.5538,473.31,0.67102,76.728,0.087762
290.01,6.5,834.26,0.0011987,194.23,202.02,0.83055,0.91662,2.5552,473.05,0.67224,76.692,0.08773
290.04,6.5,834.07,0.0011989,194.3,202.09,0.8308,0.91665,2.5566,472.8,0.67346,76.656,0.087698
290.06,6.5,833.87,0.0011992,194.37,202.16,0.83104,0.91668,2.5579,472.54,0.67468,76.62,0.087666
290.09,6.5,833.68,0.0011995,194.44,202.23,0.83129,0.91672,2.5593,472.28,0.67591,76.584,0.087634
290.12,6.5,833.48,0.0011998,194.51,202.3,0.83153,0.91675,2.5606,472.03,0.67714,76.547,0.087602
290.15,6.5,833.28,0.0012001,194.58,202.38,0.83178,0.91678,2.562,471.77,0.67837,76.511,0.08757
290.18,6.5,833.09,0.0012004,194.65,202.45,0.83202,0.91681,2.5634,471.51,0.6796,76.475,0.087538
290.2,6.5,832.89,0.0012006,194.71,202.52,0.83227,0.91684,2.5648,471.25,0.68084,76.439,0.087506
290.23,6.5,832.7,0.0012009,194.78,202.59,0.83252,0.91688,2.5662,470.99,0.68208,76.403,0.087474
290.26,6.5,832.5,0.0012012,194.85,202.66,0.83276,0.91691,2.5676,470.73,0.68332,76.366,0.087442
290.29,6.5,832.3,0.0012015,194.92,202.73,0.83301,0.91694,2.5689,470.48,0.68457,76.33,0.08741
290.31,6.5,832.11,0.0012018,194.99,202.8,0.83326,0.91698,2.5703,470.22,0.68581,76.294,0.087378
290.34,6.5,831.91,0.0012021,195.06,202.88,0.8335,0.91701,2.5717,469.96,0.68706,76.258,0.087346
290.37,6.5,831.71,0.0012023,195.13,202.95,0.83375,0.91704,2.5731,469.7,0.68832,76.221,0.087314
290.4,6.5,831.52,0.0012026,195.2,203.02,0.83399,0.91707,2.5746,469.44,0.68957,76.185,0.087282
290.43,6.5,831.32,0.0012029,195.27,203.09,0.83424,0.91711,2.576,469.18,0.69083,76.149,0.087249
290.45,6.5,831.12,0.0012032,195.34,203.16,0.83449,0.91714,2.5774,468.92,0.69209,76.112,0.087217
290.48,6.5,830.92,0.0012035,195.41,203.23,0.83474,0.91718,2.5788,468.66,0.69336,76.076,0.087185
290.51,6.5,830.73,0.0012038,195.48,203.31,0.83498,0.91721,2.5802,468.4,0.69462,76.04,0.087153
290.54,6.5,830.53,0.0012041,195.55,203.38,0.83523,0.91724,2.5817,468.14,0.69589,76.003,0.087121
290.56,6.5,830.33,0.0012043,195.62,203.45,0.83548,0.91728,2.5831,467.88,0.69717,75.967,0.087089
290.59,6.5,830.13,0.0012046,195.69,203.52,0.83573,0.91731,2.5845,467.62,0.69844,75.931,0.087057
290.62,6.5,829.93,0.0012049,195.76,203.59,0.83597,0.91734,2.586,467.36,0.69972,75.894,0.087025
290.65,6.5,829.73,0.0012052,195.83,203.67,0.83622,0.91738,2.5874,467.1,0.701,75.858,0.086992
290.68,6.5,829.53,0.0012055,195.9,203.74,0.83647,0.91741,2.5889,466.83,0.70229,75.821,0.08696
290.7,6.5,829.33,0.0012058,195.97,203.81,0.83672,0.91745,2.5903,466.57,0.70357,75.785,0.086928
290.73,6.5,829.13,0.0012061,196.04,203.88,0.83696,0.91748,2.5918,466.31,0.70486,75.749,0.086896
290.76,6.5,828.93,0.0012064,196.11,203.95,0.83721,0.91752,2.5932,466.05,0.70616,75.712,0.086864
290.79,6.5,828.73,0.0012067,196.18,204.03,0.83746,0.91755,2.5947,465.79,0.70745,75.676,0.086832
290.82,6.5,828.53,0.0012069,196.25,204.1,0.83771,0.91759,2.5962,465.52,0.70875,75.639,0.086799
290.84,6.5,828.33,0.0012072,196.32,204.17,0.83796,0.91762,2.5977,465.26,0.71005,75.603,0.086767
290.87,6.5,828.13,0.0012075,196.39,204.24,0.83821,0.91766,2.5991,465,0.71136,75.566,0.086735
290.9,6.5,827.93,0.0012078,196.46,204.32,0.83846,0.91769,2.6006,464.74,0.71267,75.53,0.086703
290.93,6.5,827.73,0.0012081,196.54,204.39,0.8387,0.91773,2.6021,464.47,0.71398,75.493,0.086671
290.95,6.5,827.53,0.0012084,196.61,204.46,0.83895,0.91776,2.6036,464.21,0.71529,75.456,0.086639
290.98,6.5,827.33,0.0012087,196.68,204.53,0.8392,0.9178,2.6051,463.95,0.71661,75.42,0.086606
291.01,6.5,827.13,0.001209,196.75,204.61,0.83945,0.91783,2.6066,463.68,0.71793,75.383,0.086574
291.04,6.5,826.93,0.0012093,196.82,204.68,0.8397,0.91787,2.6081,463.42,0.71925,75.347,0.086542
291.07,6.5,826.73,0.0012096,196.89,204.75,0.83995,0.91791,2.6096,463.15,0.72058,75.31,0.08651
291.09,6.5,826.52,0.0012099,196.96,204.82,0.8402,0.91794,2.6111,462.89,0.72191,75.273,0.086478
291.12,6.5,826.32,0.0012102,197.03,204.9,0.84045,0.91798,2.6127,462.63,0.72324,75.237,0.086445
291.15,6.5,826.12,0.0012105,197.1,204.97,0.8407,0.91802,2.6142,462.36,0.72457,75.2,0.086413
291.18,6.5,825.92,0.0012108,197.17,205.04,0.84095,0.91805,2.6157,462.1,0.72591,75.163,0.086381
291.2,6.5,825.71,0.0012111,197.24,205.11,0.8412,0.91809,2.6173,461.83,0.72725,75.127,0.086349
291.23,6.5,825.51,0.0012114,197.31,205.19,0.84145,0.91813,2.6188,461.57,0.7286,75.09,0.086316
291.26,6.5,825.31,0.0012117,197.38,205.26,0.8417,0.91816,2.6203,461.3,0.72995,75.053,0.086284
291.29,6.5,825.1,0.001212,197.46,205.33,0.84195,0.9182,2.6219,461.03,0.7313,75.016,0.086252
291.32,6.5,824.9,0.0012123,197.53,205.41,0.8422,0.91824,2.6234,460.77,0.73265,74.98,0.08622
291.34,6.5,824.7,0.0012126,197.6,205.48,0.84245,0.91827,2.625,460.5,0.73401,74.943,0.086187
291.37,6.5,824.49,0.0012129,197.67,205.55,0.8427,0.91831,2.6266,460.24,0.73537,74.906,0.086155
291.4,6.5,824.29,0.0012132,197.74,205.63,0.84295,0.91835,2.6281,459.97,0.73673,74.869,0.086123
291.43,6.5,824.08,0.0012135,197.81,205.7,0.8432,0.91839,2.6297,459.7,0.7381,74.832,0.08609
291.46,6.5,823.88,0.0012138,197.88,205.77,0.84346,0.91842,2.6313,459.44,0.73947,74.796,0.086058
291.48,6.5,823.67,0.0012141,197.95,205.85,0.84371,0.91846,2.6329,459.17,0.74084,74.759,0.086026
291.51,6.5,823.47,0.0012144,198.02,205.92,0.84396,0.9185,2.6344,458.9,0.74222,74.722,0.085994
291.54,6.5,823.26,0.0012147,198.1,205.99,0.84421,0.91854,2.636,458.63,0.7436,74.685,0.085961
291.57,6.5,823.06,0.001215,198.17,206.07,0.84446,0.91858,2.6376,458.36,0.74498,74.648,0.085929
291.59,6.5,822.85,0.0012153,198.24,206.14,0.84471,0.91861,2.6392,458.1,0.74637,74.611,0.085897
291.62,6.5,822.65,0.0012156,198.31,206.21,0.84497,0.91865,2.6408,457.83,0.74776,74.574,0.085864
291.65,6.5,822.44,0.0012159,198.38,206.29,0.84522,0.91869,2.6425,457.56,0.74915,74.537,0.085832
291.68,6.5,822.23,0.0012162,198.45,206.36,0.84547,0.91873,2.6441,457.29,0.75055,74.5,0.0858
291.71,6.5,822.03,0.0012165,198.53,206.43,0.84572,0.91877,2.6457,457.02,0.75195,74.463,0.085767
291.73,6.5,821.82,0.0012168,198.6,206.51,0.84598,0.91881,2.6473,456.75,0.75335,74.426,0.085735
291.76,6.5,821.61,0.0012171,198.67,206.58,0.84623,0.91885,2.649,456.48,0.75476,74.389,0.085703
291.79,6.5,821.41,0.0012174,198.74,206.65,0.84648,0.91889,2.6506,456.21,0.75616,74.352,0.08567
291.82,6.5,821.2,0.0012177,198.81,206.73,0.84673,0.91893,2.6522,455.94,0.75758,74.315,0.085638
291.85,6.5,820.99,0.001218,198.88,206.8,0.84699,0.91897,2.6539,455.67,0.75899,74.278,0.085606
291.87,6.5,820.78,0.0012184,198.96,206.88,0.84724,0.919,2.6555,455.4,0.76041,74.241,0.085573
291.9,6.5,820.57,0.0012187,199.03,206.95,0.84749,0.91904,2.6572,455.13,0.76184,74.204,0.085541
291.93,6.5,820.37,0.001219,199.1,207.02,0.84775,0.91908,2.6589,454.86,0.76326,74.167,0.085508
291.96,6.5,820.16,0.0012193,199.17,207.1,0.848,0.91912,2.6605,454.59,0.76469,74.13,0.085476
291.98,6.5,819.95,0.0012196,199.24,207.17,0.84825,0.91917,2.6622,454.32,0.76613,74.093,0.085444
292.01,6.5,819.74,0.0012199,199.32,207.25,0.84851,0.91921,2.6639,454.05,0.76757,74.055,0.085411
292.04,6.5,819.53,0.0012202,199.39,207.32,0.84876,0.91925,2.6656,453.78,0.76901,74.018,0.085379
292.07,6.5,819.32,0.0012205,199.46,207.39,0.84902,0.91929,2.6673,453.51,0.77045,73.981,0.085347
292.1,6.5,819.11,0.0012208,199.53,207.47,0.84927,0.91933,2.669,453.23,0.7719,73.944,0.085314
292.12,6.5,818.9,0.0012211,199.61,207.54,0.84952,0.91937,2.6707,452.96,0.77335,73.907,0.085282
292.15,6.5,818.69,0.0012215,199.68,207.62,0.84978,0.91941,2.6724,452.69,0.77481,73.869,0.085249
292.18,6.5,818.48,0.0012218,199.75,207.69,0.85003,0.91945,2.6741,452.42,0.77626,73.832,0.085217
292.21,6.5,818.27,0.0012221,199.82,207.77,0.85029,0.91949,2.6758,452.14,0.77773,73.795,0.085184
292.23,6.5,818.06,0.0012224,199.89,207.84,0.85054,0.91953,2.6775,451.87,0.77919,73.758,0.085152
292.26,6.5,817.85,0.0012227,199.97,207.91,0.8508,0.91958,2.6793,451.6,0.78066,73.72,0.08512
292.29,6.5,817.64,0.001223,200.04,207.99,0.85105,0.91962,2.681,451.32,0.78213,73.683,0.085087
292.32,6.5,817.43,0.0012234,200.11,208.06,0.85131,0.91966,2.6827,451.05,0.78361,73.646,0.085055
292.35,6.5,817.21,0.0012237,200.18,208.14,0.85156,0.9197,2.6845,450.77,0.78509,73.608,0.085022
292.37,6.5,817,0.001224,200.26,208.21,0.85182,0.91974,2.6862,450.5,0.78658,73.571,0.08499
292.4,6.5,816.79,0.0012243,200.33,208.29,0.85208,0.91979,2.688,450.23,0.78806,73.533,0.084957
292.43,6.5,816.58,0.0012246,200.4,208.36,0.85233,0.91983,2.6897,449.95,0.78955,73.496,0.084925
292.46,6.5,816.37,0.0012249,200.48,208.44,0.85259,0.91987,2.6915,449.68,0.79105,73.458,0.084892
292.49,6.5,816.15,0.0012253,200.55,208.51,0.85284,0.91991,2.6933,449.4,0.79255,73.421,0.08486
292.51,6.5,815.94,0.0012256,200.62,208.59,0.8531,0.91996,2.6951,449.12,0.79405,73.384,0.084827
292.54,6.5,815.73,0.0012259,200.69,208.66,0.85336,0.92,2.6969,448.85,0.79556,73.346,0.084795
292.57,6.5,815.51,0.0012262,200.77,208.74,0.85361,0.92004,2.6987,448.57,0.79707,73.309,0.084762
292.6,6.5,815.3,0.0012265,200.84,208.81,0.85387,0.92009,2.7005,448.3,0.79858,73.271,0.08473
292.62,6.5,815.08,0.0012269,200.91,208.89,0.85413,0.92013,2.7023,448.02,0.8001,73.233,0.084697
292.65,6.5,814.87,0.0012272,200.99,208.96,0.85438,0.92017,2.7041,447.74,0.80162,73.196,0.084665
292.68,6.5,814.66,0.0012275,201.06,209.04,0.85464,0.92022,2.7059,447.47,0.80315,73.158,0.084632
292.71,6.5,814.44,0.0012278,201.13,209.11,0.8549,0.92026,2.7077,447.19,0.80468,73.121,0.0846
292.74,6.5,814.23,0.0012282,201.21,209.19,0.85516,0.92031,2.7095,446.91,0.80621,73.083,0.084567
292.76,6.5,814.01,0.0012285,201.28,209.27,0.85541,0.92035,2.7114,446.63,0.80775,73.045,0.084535
292.79,6.5,813.8,0.0012288,201.35,209.34,0.85567,0.9204,2.7132,446.36,0.80929,73.008,0.084502
292.82,6.5,813.58,0.0012291,201.43,209.42,0.85593,0.92044,2.7151,446.08,0.81083,72.97,0.084469
292.85,6.5,813.36,0.0012295,201.5,209.49,0.85619,0.92048,2.7169,445.8,0.81238,72.932,0.084437
292.87,6.5,813.15,0.0012298,201.57,209.57,0.85645,0.92053,2.7188,445.52,0.81394,72.895,0.084404
292.9,6.5,812.93,0.0012301,201.65,209.64,0.85671,0.92058,2.7207,445.24,0.81549,72.857,0.084372
292.93,6.5,812.71,0.0012304,201.72,209.72,0.85696,0.92062,2.7225,444.96,0.81705,72.819,0.084339
292.96,6.5,812.5,0.0012308,201.79,209.79,0.85722,0.92067,2.7244,444.68,0.81862,72.781,0.084307
292.99,6.5,812.28,0.0012311,201.87,209.87,0.85748,0.92071,2.7263,444.4,0.82019,72.743,0.084274
293.01,6.5,812.06,0.0012314,201.94,209.95,0.85774,0.92076,2.7282,444.12,0.82176,72.706,0.084241
293.04,6.5,811.84,0.0012318,202.02,210.02,0.858,0.9208,2.7301,443.84,0.82334,72.668,0.084209
293.07,6.5,811.63,0.0012321,202.09,210.1,0.85826,0.92085,2.732,443.56,0.82492,72.63,0.084176
293.1,6.5,811.41,0.0012324,202.16,210.17,0.85852,0.9209,2.7339,443.28,0.82651,72.592,0.084143
293.13,6.5,811.19,0.0012328,202.24,210.25,0.85878,0.92094,2.7358,443,0.8281,72.554,0.084111
293.15,6.5,810.97,0.0012331,202.31,210.33,0.85904,0.92099,2.7378,442.72,0.82969,72.516,0.084078
293.18,6.5,810.75,0.0012334,202.39,210.4,0.8593,0.92104,2.7397,442.44,0.83129,72.478,0.084046
293.21,6.5,810.53,0.0012338,202.46,210.48,0.85956,0.92108,2.7416,442.15,0.83289,72.44,0.084013
293.24,6.5,810.31,0.0012341,202.53,210.56,0.85982,0.92113,2.7436,441.87,0.8345,72.402,0.08398
293.26,6.5,810.09,0.0012344,202.61,210.63,0.86008,0.92118,2.7455,441.59,0.83611,72.364,0.083948
293.29,6.5,809.87,0.0012348,202.68,210.71,0.86034,0.92122,2.7475,441.31,0.83772,72.326,0.083915
293.32,6.5,809.65,0.0012351,202.76,210.78,0.8606,0.92127,2.7495,441.02,0.83934,72.288,0.083882
293.35,6.5,809.43,0.0012354,202.83,210.86,0.86086,0.92132,2.7515,440.74,0.84097,72.25,0.08385
293.38,6.5,809.21,0.0012358,202.91,210.94,0.86112,0.92137,2.7534,440.46,0.84259,72.212,0.083817
293.4,6.5,808.99,0.0012361,202.98,211.01,0.86138,0.92142,2.7554,440.17,0.84422,72.174,0.083784
293.43,6.5,808.77,0.0012364,203.05,211.09,0.86165,0.92146,2.7574,439.89,0.84586,72.136,0.083752
293.46,6.5,808.55,0.0012368,203.13,211.17,0.86191,0.92151,2.7594,439.61,0.8475,72.097,0.083719
293.49,6.5,808.33,0.0012371,203.2,211.25,0.86217,0.92156,2.7614,439.32,0.84915,72.059,0.083686
293.52,6.5,808.1,0.0012375,203.28,211.32,0.86243,0.92161,2.7635,439.04,0.8508,72.021,0.083653
293.54,6.5,807.88,0.0012378,203.35,211.4,0.86269,0.92166,2.7655,438.75,0.85245,71.983,0.083621
293.57,6.5,807.66,0.0012381,203.43,211.48,0.86296,0.92171,2.7675,438.47,0.85411,71.945,0.083588
293.6,6.5,807.44,0.0012385,203.5,211.55,0.86322,0.92176,2.7696,438.18,0.85577,71.906,0.083555
293.63,6.5,807.21,0.0012388,203.58,211.63,0.86348,0.92181,2.7716,437.9,0.85744,71.868,0.083523
293.65,6.5,806.99,0.0012392,203.65,211.71,0.86374,0.92186,2.7737,437.61,0.85911,71.83,0.08349
293.68,6.5,806.77,0.0012395,203.73,211.78,0.86401,0.92191,2.7757,437.32,0.86079,71.791,0.083457
293.71,6.5,806.54,0.0012399,203.8,211.86,0.86427,0.92196,2.7778,437.04,0.86247,71.753,0.083424
293.74,6.5,806.32,0.0012402,203.88,211.94,0.86453,0.92201,2.7799,436.75,0.86416,71.715,0.083392
293.77,6.5,806.09,0.0012406,203.95,212.02,0.8648,0.92206,2.782,436.46,0.86585,71.676,0.083359
293.79,6.5,805.87,0.0012409,204.03,212.09,0.86506,0.92211,2.784,436.17,0.86754,71.638,0.083326
293.82,6.5,805.64,0.0012412,204.1,212.17,0.86532,0.92216,2.7861,435.89,0.86924,71.599,0.083293
293.85,6.5,805.42,0.0012416,204.18,212.25,0.86559,0.92221,2.7883,435.6,0.87094,71.561,0.08326
293.88,6.5,805.19,0.0012419,204.25,212.33,0.86585,0.92226,2.7904,435.31,0.87265,71.522,0.083228
293.9,6.5,804.97,0.0012423,204.33,212.4,0.86612,0.92231,2.7925,435.02,0.87437,71.484,0.083195
293.93,6.5,804.74,0.0012426,204.4,212.48,0.86638,0.92237,2.7946,434.73,0.87608,71.445,0.083162
293.96,6.5,804.51,0.001243,204.48,212.56,0.86665,0.92242,2.7968,434.44,0.87781,71.407,0.083129
293.99,6.5,804.29,0.0012433,204.56,212.64,0.86691,0.92247,2.7989,434.15,0.87953,71.368,0.083096
294.02,6.5,804.06,0.0012437,204.63,212.72,0.86718,0.92252,2.8011,433.86,0.88127,71.329,0.083064
294.04,6.5,803.83,0.001244,204.71,212.79,0.86744,0.92257,2.8032,433.57,0.883,71.291,0.083031
294.07,6.5,803.61,0.0012444,204.78,212.87,0.86771,0.92263,2.8054,433.28,0.88475,71.252,0.082998
294.1,6.5,803.38,0.0012447,204.86,212.95,0.86797,0.92268,2.8076,432.99,0.88649,71.213,0.082965
294.13,6.5,803.15,0.0012451,204.93,213.03,0.86824,0.92273,2.8098,432.7,0.88825,71.175,0.082932
294.16,6.5,802.92,0.0012455,205.01,213.11,0.8685,0.92279,2.812,432.41,0.89,71.136,0.082899
294.18,6.5,802.69,0.0012458,205.09,213.18,0.86877,0.92284,2.8142,432.12,0.89176,71.097,0.082866
294.21,6.5,802.46,0.0012462,205.16,213.26,0.86904,0.92289,2.8164,431.83,0.89353,71.058,0.082834
294.24,6.5,802.23,0.0012465,205.24,213.34,0.8693,0.92295,2.8186,431.53,0.8953,71.019,0.082801
294.27,6.5,802,0.0012469,205.32,213.42,0.86957,0.923,2.8209,431.24,0.89708,70.981,0.082768
294.29,6.5,801.77,0.0012472,205.39,213.5,0.86984,0.92305,2.8231,430.95,0.89886,70.942,0.082735
294.32,6.5,801.54,0.0012476,205.47,213.58,0.8701,0.92311,2.8253,430.66,0.90065,70.903,0.082702
294.35,6.5,801.31,0.001248,205.54,213.66,0.87037,0.92316,2.8276,430.36,0.90244,70.864,0.082669
294.38,6.5,801.08,0.0012483,205.62,213.73,0.87064,0.92322,2.8299,430.07,0.90424,70.825,0.082636
294.41,6.5,800.85,0.0012487,205.7,213.81,0.87091,0.92327,2.8321,429.78,0.90604,70.786,0.082603
294.43,6.5,800.62,0.001249,205.77,213.89,0.87117,0.92333,2.8344,429.48,0.90784,70.747,0.08257
294.46,6.5,800.39,0.0012494,205.85,213.97,0.87144,0.92338,2.8367,429.19,0.90966,70.708,0.082537
294.49,6.5,800.16,0.0012498,205.93,214.05,0.87171,0.92344,2.839,428.89,0.91147,70.669,0.082504
294.52,6.5,799.92,0.0012501,206,214.13,0.87198,0.92349,2.8413,428.6,0.9133,70.63,0.082472
294.54,6.5,799.69,0.0012505,206.08,214.21,0.87225,0.92355,2.8436,428.3,0.91512,70.591,0.082439
294.57,6.5,799.46,0.0012508,206.16,214.29,0.87252,0.92361,2.846,428.01,0.91696,70.552,0.082406
294.6,6.5,799.22,0.0012512,206.23,214.37,0.87278,0.92366,2.8483,427.71,0.9188,70.513,0.082373
294.63,6.5,798.99,0.0012516,206.31,214.45,0.87305,0.92372,2.8507,427.41,0.92064,70.473,0.08234
294.66,6.5,798.76,0.0012519,206.39,214.53,0.87332,0.92378,2.853,427.12,0.92249,70.434,0.082307
294.68,6.5,798.52,0.0012523,206.46,214.6,0.87359,0.92383,2.8554,426.82,0.92434,70.395,0.082274
294.71,6.5,798.29,0.0012527,206.54,214.68,0.87386,0.92389,2.8578,426.52,0.9262,70.356,0.082241
294.74,6.5,798.05,0.001253,206.62,214.76,0.87413,0.92395,2.8601,426.22,0.92807,70.316,0.082208
294.77,6.5,797.82,0.0012534,206.7,214.84,0.8744,0.92401,2.8625,425.93,0.92994,70.277,0.082175
294.8,6.5,797.58,0.0012538,206.77,214.92,0.87467,0.92406,2.8649,425.63,0.93182,70.238,0.082142
294.82,6.5,797.35,0.0012542,206.85,215,0.87494,0.92412,2.8674,425.33,0.9337,70.198,0.082109
294.85,6.5,797.11,0.0012545,206.93,215.08,0.87521,0.92418,2.8698,425.03,0.93558,70.159,0.082076
294.88,6.5,796.87,0.0012549,207.01,215.16,0.87549,0.92424,2.8722,424.73,0.93748,70.12,0.082043
294.91,6.5,796.64,0.0012553,207.08,215.24,0.87576,0.9243,2.8747,424.43,0.93938,70.08,0.08201
294.93,6.5,796.4,0.0012556,207.16,215.32,0.87603,0.92436,2.8771,424.13,0.94128,70.041,0.081977
294.96,6.5,796.16,0.001256,207.24,215.4,0.8763,0.92442,2.8796,423.83,0.94319,70.001,0.081944
294.99,6.5,795.93,0.0012564,207.32,215.48,0.87657,0.92448,2.882,423.53,0.9451,69.962,0.08191
295.02,6.5,795.69,0.0012568,207.39,215.56,0.87684,0.92454,2.8845,423.23,0.94703,69.922,0.081877
295.05,6.5,795.45,0.0012572,207.47,215.64,0.87712,0.9246,2.887,422.93,0.94895,69.882,0.081844
295.07,6.5,795.21,0.0012575,207.55,215.72,0.87739,0.92466,2.8895,422.63,0.95089,69.843,0.081811
295.1,6.5,794.97,0.0012579,207.63,215.8,0.87766,0.92472,2.892,422.32,0.95282,69.803,0.081778
295.13,6.5,794.73,0.0012583,207.71,215.88,0.87793,0.92478,2.8946,422.02,0.95477,69.763,0.081745
295.16,6.5,794.49,0.0012587,207.78,215.97,0.87821,0.92484,2.8971,421.72,0.95672,69.724,0.081712
295.19,6.5,794.25,0.001259,207.86,216.05,0.87848,0.9249,2.8996,421.42,0.95867,69.684,0.081679
295.21,6.5,794.01,0.0012594,207.94,216.13,0.87875,0.92496,2.9022,421.11,0.96064,69.644,0.081646
295.24,6.5,793.77,0.0012598,208.02,216.21,0.87903,0.92502,2.9048,420.81,0.9626,69.604,0.081613
295.27,6.5,793.53,0.0012602,208.1,216.29,0.8793,0.92509,2.9073,420.5,0.96458,69.565,0.08158
295.3,6.5,793.29,0.0012606,208.18,216.37,0.87958,0.92515,2.9099,420.2,0.96656,69.525,0.081546
295.32,6.5,793.05,0.001261,208.25,216.45,0.87985,0.92521,2.9125,419.9,0.96854,69.485,0.081513
295.35,6.5,792.8,0.0012613,208.33,216.53,0.88012,0.92527,2.9151,419.59,0.97053,69.445,0.08148
295.38,6.5,792.56,0.0012617,208.41,216.61,0.8804,0.92534,2.9178,419.29,0.97253,69.405,0.081447
295.41,6.5,792.32,0.0012621,208.49,216.69,0.88067,0.9254,2.9204,418.98,0.97454,69.365,0.081414
295.44,6.5,792.08,0.0012625,208.57,216.78,0.88095,0.92546,2.923,418.67,0.97655,69.325,0.081381
295.46,6.5,791.83,0.0012629,208.65,216.86,0.88123,0.92553,2.9257,418.37,0.97856,69.285,0.081347
295.49,6.5,791.59,0.0012633,208.73,216.94,0.8815,0.92559,2.9284,418.06,0.98059,69.245,0.081314
295.52,6.5,791.34,0.0012637,208.81,217.02,0.88178,0.92565,2.931,417.75,0.98261,69.205,0.081281
295.55,6.5,791.1,0.0012641,208.89,217.1,0.88205,0.92572,2.9337,417.45,0.98465,69.165,0.081248
295.57,6.5,790.85,0.0012645,208.96,217.18,0.88233,0.92578,2.9364,417.14,0.98669,69.124,0.081215
295.6,6.5,790.61,0.0012648,209.04,217.26,0.88261,0.92585,2.9391,416.83,0.98874,69.084,0.081182
295.63,6.5,790.36,0.0012652,209.12,217.35,0.88288,0.92591,2.9419,416.52,0.99079,69.044,0.081148
295.66,6.5,790.12,0.0012656,209.2,217.43,0.88316,0.92598,2.9446,416.21,0.99285,69.004,0.081115
295.69,6.5,789.87,0.001266,209.28,217.51,0.88344,0.92604,2.9474,415.9,0.99492,68.964,0.081082
295.71,6.5,789.62,0.0012664,209.36,217.59,0.88372,0.92611,2.9501,415.59,0.997,68.923,0.081049
295.74,6.5,789.38,0.0012668,209.44,217.67,0.88399,0.92618,2.9529,415.28,0.99908,68.883,0.081015
295.77,6.5,789.13,0.0012672,209.52,217.76,0.88427,0.92624,2.9557,414.97,1.0012,68.842,0.080982
295.8,6.5,788.88,0.0012676,209.6,217.84,0.88455,0.92631,2.9585,414.66,1.0033,68.802,0.080949
295.83,6.5,788.63,0.001268,209.68,217.92,0.88483,0.92638,2.9613,414.35,1.0054,68.762,0.080916
295.85,6.5,788.39,0.0012684,209.76,218,0.88511,0.92644,2.9641,414.04,1.0075,68.721,0.080882
295.88,6.5,788.14,0.0012688,209.84,218.09,0.88539,0.92651,2.9669,413.73,1.0096,68.681,0.080849
295.91,6.5,787.89,0.0012692,209.92,218.17,0.88566,0.92658,2.9698,413.41,1.0117,68.64,0.080816
295.94,6.5,787.64,0.0012696,210,218.25,0.88594,0.92665,2.9726,413.1,1.0138,68.599,0.080783
295.96,6.5,787.39,0.00127,210.08,218.33,0.88622,0.92672,2.9755,412.79,1.016,68.559,0.080749
295.99,6.5,787.14,0.0012704,210.16,218.42,0.8865,0.92678,2.9784,412.47,1.0181,68.518,0.080716
296.02,6.5,786.89,0.0012708,210.24,218.5,0.88678,0.92685,2.9813,412.16,1.0202,68.477,0.080683
296.05,6.5,786.63,0.0012712,210.32,218.58,0.88706,0.92692,2.9842,411.85,1.0224,68.437,0.080649
296.08,6.5,786.38,0.0012716,210.4,218.67,0.88735,0.92699,2.9871,411.53,1.0246,68.396,0.080616
296.1,6.5,786.13,0.0012721,210.48,218.75,0.88763,0.92706,2.9901,411.22,1.0267,68.355,0.080583
296.13,6.5,785.88,0.0012725,210.56,218.83,0.88791,0.92713,2.993,410.9,1.0289,68.314,0.080549
296.16,6.5,785.63,0.0012729,210.64,218.92,0.88819,0.9272,2.996,410.59,1.0311,68.273,0.080516
296.19,6.5,785.37,0.0012733,210.72,219,0.88847,0.92727,2.999,410.27,1.0333,68.233,0.080483
296.21,6.5,785.12,0.0012737,210.8,219.08,0.88875,0.92734,3.002,409.95,1.0355,68.192,0.080449
296.24,6.5,784.86,0.0012741,210.89,219.17,0.88903,0.92742,3.005,409.64,1.0377,68.151,0.080416
296.27,6.5,784.61,0.0012745,210.97,219.25,0.88932,0.92749,3.008,409.32,1.0399,68.11,0.080383
296.3,6.5,784.36,0.0012749,211.05,219.33,0.8896,0.92756,3.011,409,1.0421,68.069,0.080349
296.33,6.5,784.1,0.0012753,211.13,219.42,0.88988,0.92763,3.0141,408.68,1.0443,68.027,0.080316
296.35,6.5,783.84,0.0012758,211.21,219.5,0.89017,0.9277,3.0171,408.36,1.0466,67.986,0.080282
296.38,6.5,783.59,0.0012762,211.29,219.59,0.89045,0.92778,3.0202,408.04,1.0488,67.945,0.080249
296.41,6.5,783.33,0.0012766,211.37,219.67,0.89073,0.92785,3.0233,407.72,1.0511,67.904,0.080216
296.44,6.5,783.08,0.001277,211.45,219.75,0.89102,0.92792,3.0264,407.4,1.0533,67.863,0.080182
296.47,6.5,782.82,0.0012774,211.54,219.84,0.8913,0.928,3.0295,407.08,1.0556,67.822,0.080149
296.49,6.5,782.56,0.0012779,211.62,219.92,0.89159,0.92807,3.0327,406.76,1.0578,67.78,0.080115
296.52,6.5,782.3,0.0012783,211.7,220.01,0.89187,0.92814,3.0358,406.44,1.0601,67.739,0.080082
296.55,6.5,782.04,0.0012787,211.78,220.09,0.89216,0.92822,3.039,406.12,1.0624,67.698,0.080049
296.58,6.5,781.78,0.0012791,211.86,220.18,0.89244,0.92829,3.0422,405.8,1.0647,67.656,0.080015
296.6,6.5,781.53,0.0012795,211.94,220.26,0.89273,0.92837,3.0454,405.48,1.067,67.615,0.079982
296.63,6.5,781.27,0.00128,212.03,220.35,0.89301,0.92844,3.0486,405.15,1.0693,67.573,0.079948
296.66,6.5,781.01,0.0012804,212.11,220.43,0.8933,0.92852,3.0518,404.83,1.0716,67.532,0.079915
296.69,6.5,780.74,0.0012808,212.19,220.52,0.89359,0.9286,3.0551,404.51,1.074,67.49,0.079881
296.72,6.5,780.48,0.0012813,212.27,220.6,0.89387,0.92867,3.0583,404.18,1.0763,67.448,0.079848
296.74,6.5,780.22,0.0012817,212.36,220.69,0.89416,0.92875,3.0616,403.86,1.0786,67.407,0.079814
296.77,6.5,779.96,0.0012821,212.44,220.77,0.89445,0.92883,3.0649,403.53,1.081,67.365,0.079781
296.8,6.5,779.7,0.0012825,212.52,220.86,0.89473,0.92891,3.0682,403.21,1.0833,67.323,0.079747
296.83,6.5,779.44,0.001283,212.6,220.94,0.89502,0.92898,3.0715,402.88,1.0857,67.282,0.079714
296.86,6.5,779.17,0.0012834,212.69,221.03,0.89531,0.92906,3.0749,402.56,1.0881,67.24,0.07968
296.88,6.5,778.91,0.0012838,212.77,221.11,0.8956,0.92914,3.0782,402.23,1.0905,67.198,0.079647
296.91,6.5,778.64,0.0012843,212.85,221.2,0.89589,0.92922,3.0816,401.9,1.0929,67.156,0.079613
296.94,6.5,778.38,0.0012847,212.93,221.29,0.89618,0.9293,3.085,401.57,1.0953,67.114,0.07958
296.97,6.5,778.11,0.0012852,213.02,221.37,0.89647,0.92938,3.0884,401.25,1.0977,67.072,0.079546
296.99,6.5,777.85,0.0012856,213.1,221.46,0.89676,0.92946,3.0918,400.92,1.1001,67.03,0.079513
297.02,6.5,777.58,0.001286,213.18,221.54,0.89705,0.92954,3.0952,400.59,1.1025,66.988,0.079479
297.05,6.5,777.32,0.0012865,213.27,221.63,0.89734,0.92962,3.0987,400.26,1.1049,66.946,0.079446
297.08,6.5,777.05,0.0012869,213.35,221.72,0.89763,0.9297,3.1022,399.93,1.1074,66.904,0.079412
297.11,6.5,776.78,0.0012874,213.43,221.8,0.89792,0.92978,3.1057,399.6,1.1098,66.862,0.079379
297.13,6.5,776.51,0.0012878,213.52,221.89,0.89821,0.92986,3.1092,399.27,1.1123,66.819,0.079345
297.16,6.5,776.25,0.0012883,213.6,221.98,0.8985,0.92994,3.1127,398.94,1.1148,66.777,0.079311
297.19,6.5,775.98,0.0012887,213.69,222.06,0.89879,0.93003,3.1163,398.6,1.1172,66.735,0.079278
297.22,6.5,775.71,0.0012891,213.77,222.15,0.89908,0.93011,3.1198,398.27,1.1197,66.692,0.079244
297.24,6.5,775.44,0.0012896,213.85,222.24,0.89938,0.93019,3.1234,397.94,1.1222,66.65,0.079211
297.27,6.5,775.17,0.00129,213.94,222.32,0.89967,0.93028,3.127,397.61,1.1247,66.608,0.079177
297.3,6.5,774.9,0.0012905,214.02,222.41,0.89996,0.93036,3.1306,397.27,1.1272,66.565,0.079143
297.33,6.5,774.63,0.0012909,214.11,222.5,0.90025,0.93044,3.1343,396.94,1.1297,66.523,0.07911
297.36,6.5,774.35,0.0012914,214.19,222.58,0.90055,0.93053,3.1379,396.6,1.1323,66.48,0.079076
297.38,6.5,774.08,0.0012919,214.27,222.67,0.90084,0.93061,3.1416,396.27,1.1348,66.437,0.079043
297.41,6.5,773.81,0.0012923,214.36,222.76,0.90114,0.9307,3.1453,395.93,1.1374,66.395,0.079009
297.44,6.5,773.54,0.0012928,214.44,222.85,0.90143,0.93078,3.149,395.6,1.1399,66.352,0.078975
297.47,6.5,773.26,0.0012932,214.53,222.93,0.90173,0.93087,3.1528,395.26,1.1425,66.309,0.078942
297.5,6.5,772.99,0.0012937,214.61,223.02,0.90202,0.93096,3.1565,394.92,1.1451,66.266,0.078908
297.52,6.5,772.71,0.0012941,214.7,223.11,0.90232,0.93104,3.1603,394.59,1.1477,66.224,0.078874
297.55,6.5,772.44,0.0012946,214.78,223.2,0.90261,0.93113,3.1641,394.25,1.1502,66.181,0.078841
297.58,6.5,772.16,0.0012951,214.87,223.29,0.90291,0.93122,3.1679,393.91,1.1529,66.138,0.078807
297.61,6.5,771.89,0.0012955,214.95,223.37,0.9032,0.93131,3.1717,393.57,1.1555,66.095,0.078774
297.63,6.5,771.61,0.001296,215.04,223.46,0.9035,0.9314,3.1756,393.23,1.1581,66.052,0.07874
297.66,6.5,771.33,0.0012965,215.12,223.55,0.9038,0.93148,3.1795,392.89,1.1607,66.009,0.078706
297.69,6.5,771.06,0.0012969,215.21,223.64,0.9041,0.93157,3.1834,392.55,1.1634,65.965,0.078673
297.72,6.5,770.78,0.0012974,215.3,223.73,0.90439,0.93166,3.1873,392.21,1.166,65.922,0.078639
297.75,6.5,770.5,0.0012979,215.38,223.82,0.90469,0.93175,3.1913,391.87,1.1687,65.879,0.078605
297.77,6.5,770.22,0.0012983,215.47,223.91,0.90499,0.93184,3.1952,391.52,1.1714,65.836,0.078571
297.8,6.5,769.94,0.0012988,215.55,224,0.90529,0.93194,3.1992,391.18,1.1741,65.792,0.078538
297.83,6.5,769.66,0.0012993,215.64,224.08,0.90559,0.93203,3.2032,390.84,1.1768,65.749,0.078504
297.86,6.5,769.38,0.0012998,215.73,224.17,0.90589,0.93212,3.2072,390.49,1.1795,65.706,0.07847
297.88,6.5,769.1,0.0013002,215.81,224.26,0.90619,0.93221,3.2113,390.15,1.1822,65.662,0.078437
297.91,6.5,768.81,0.0013007,215.9,224.35,0.90649,0.9323,3.2154,389.81,1.1849,65.619,0.078403
297.94,6.5,768.53,0.0013012,215.98,224.44,0.90679,0.9324,3.2195,389.46,1.1876,65.575,0.078369
297.97,6.5,768.25,0.0013017,216.07,224.53,0.90709,0.93249,3.2236,389.11,1.1904,65.531,0.078336
298,6.5,767.97,0.0013021,216.16,224.62,0.90739,0.93258,3.2277,388.77,1.1931,65.488,0.078302
298.02,6.5,767.68,0.0013026,216.24,224.71,0.90769,0.93268,3.2319,388.42,1.1959,65.444,0.078268
298.05,6.5,767.4,0.0013031,216.33,224.8,0.90799,0.93277,3.2361,388.07,1.1987,65.4,0.078234
298.08,6.5,767.11,0.0013036,216.42,224.89,0.9083,0.93287,3.2403,387.73,1.2015,65.356,0.078201
298.11,6.5,766.83,0.0013041,216.51,224.98,0.9086,0.93296,3.2446,387.38,1.2043,65.312,0.078167
298.14,6.5,766.54,0.0013046,216.59,225.07,0.9089,0.93306,3.2488,387.03,1.2071,65.268,0.078133
298.16,6.5,766.25,0.0013051,216.68,225.16,0.90921,0.93316,3.2531,386.68,1.2099,65.224,0.078099
298.19,6.5,765.96,0.0013055,216.77,225.25,0.90951,0.93325,3.2574,386.33,1.2128,65.18,0.078066
298.22,6.5,765.68,0.001306,216.85,225.34,0.90981,0.93335,3.2618,385.98,1.2156,65.136,0.078032
298.25,6.5,765.39,0.0013065,216.94,225.43,0.91012,0.93345,3.2661,385.63,1.2185,65.092,0.077998
298.27,6.5,765.1,0.001307,217.03,225.53,0.91042,0.93355,3.2705,385.27,1.2213,65.048,0.077964
298.3,6.5,764.81,0.0013075,217.12,225.62,0.91073,0.93365,3.2749,384.92,1.2242,65.004,0.077931
298.33,6.5,764.52,0.001308,217.21,225.71,0.91103,0.93375,3.2794,384.57,1.2271,64.959,0.077897
298.36,6.5,764.23,0.0013085,217.29,225.8,0.91134,0.93385,3.2839,384.21,1.23,64.915,0.077863
298.39,6.5,763.94,0.001309,217.38,225.89,0.91165,0.93395,3.2883,383.86,1.2329,64.87,0.077829
298.41,6.5,763.64,0.0013095,217.47,225.98,0.91195,0.93405,3.2929,383.5,1.2358,64.826,0.077796
298.44,6.5,763.35,0.00131,217.56,226.07,0.91226,0.93415,3.2974,383.15,1.2388,64.781,0.077762
298.47,6.5,763.06,0.0013105,217.65,226.17,0.91257,0.93425,3.302,382.79,1.2417,64.737,0.077728
298.5,6.5,762.76,0.001311,217.74,226.26,0.91288,0.93435,3.3066,382.44,1.2447,64.692,0.077694
298.53,6.5,762.47,0.0013115,217.82,226.35,0.91319,0.93446,3.3112,382.08,1.2477,64.647,0.07766
298.55,6.5,762.17,0.001312,217.91,226.44,0.9135,0.93456,3.3159,381.72,1.2507,64.603,0.077627
298.58,6.5,761.88,0.0013125,218,226.53,0.9138,0.93466,3.3206,381.36,1.2537,64.558,0.077593
298.61,6.5,761.58,0.0013131,218.09,226.63,0.91411,0.93477,3.3253,381,1.2567,64.513,0.077559
298.64,6.5,761.28,0.0013136,218.18,226.72,0.91442,0.93487,3.33,380.64,1.2597,64.468,0.077525
298.66,6.5,760.99,0.0013141,218.27,226.81,0.91473,0.93498,3.3348,380.28,1.2627,64.423,0.077491
298.69,6.5,760.69,0.0013146,218.36,226.91,0.91505,0.93508,3.3396,379.92,1.2658,64.378,0.077458
298.72,6.5,760.39,0.0013151,218.45,227,0.91536,0.93519,3.3445,379.56,1.2688,64.333,0.077424
298.75,6.5,760.09,0.0013156,218.54,227.09,0.91567,0.9353,3.3493,379.2,1.2719,64.287,0.07739
298.78,6.5,759.79,0.0013162,218.63,227.18,0.91598,0.93541,3.3542,378.83,1.275,64.242,0.077356
298.8,6.5,759.49,0.0013167,218.72,227.28,0.91629,0.93551,3.3592,378.47,1.2781,64.197,0.077322
298.83,6.5,759.18,0.0013172,218.81,227.37,0.91661,0.93562,3.3641,378.11,1.2812,64.151,0.077289
298.86,6.5,758.88,0.0013177,218.9,227.47,0.91692,0.93573,3.3691,377.74,1.2843,64.106,0.077255
298.89,6.5,758.58,0.0013183,218.99,227.56,0.91723,0.93584,3.3741,377.38,1.2875,64.06,0.077221
298.91,6.5,758.28,0.0013188,219.08,227.65,0.91755,0.93595,3.3792,377.01,1.2906,64.015,0.077187
298.94,6.5,757.97,0.0013193,219.17,227.75,0.91786,0.93606,3.3843,376.64,1.2938,63.969,0.077153
298.97,6.5,757.67,0.0013198,219.26,227.84,0.91818,0.93617,3.3894,376.28,1.297,63.924,0.07712
299,6.5,757.36,0.0013204,219.35,227.94,0.9185,0.93629,3.3945,375.91,1.3002,63.878,0.077086
299.03,6.5,757.05,0.0013209,219.44,228.03,0.91881,0.9364,3.3997,375.54,1.3034,63.832,0.077052
299.05,6.5,756.75,0.0013214,219.54,228.13,0.91913,0.93651,3.4049,375.17,1.3066,63.786,0.077018
299.08,6.5,756.44,0.001322,219.63,228.22,0.91945,0.93663,3.4102,374.8,1.3098,63.74,0.076984
299.11,6.5,756.13,0.0013225,219.72,228.32,0.91976,0.93674,3.4155,374.43,1.3131,63.694,0.076951
299.14,6.5,755.82,0.0013231,219.81,228.41,0.92008,0.93685,3.4208,374.06,1.3164,63.648,0.076917
299.17,6.5,755.51,0.0013236,219.9,228.51,0.9204,0.93697,3.4262,373.68,1.3196,63.602,0.076883
299.19,6.5,755.2,0.0013242,219.99,228.6,0.92072,0.93709,3.4315,373.31,1.3229,63.555,0.076849
299.22,6.5,754.89,0.0013247,220.09,228.7,0.92104,0.9372,3.437,372.94,1.3263,63.509,0.076816
299.25,6.5,754.58,0.0013252,220.18,228.79,0.92136,0.93732,3.4424,372.56,1.3296,63.463,0.076782
299.28,6.5,754.26,0.0013258,220.27,228.89,0.92168,0.93744,3.4479,372.19,1.3329,63.416,0.076748
299.3,6.5,753.95,0.0013263,220.36,228.98,0.922,0.93756,3.4535,371.81,1.3363,63.37,0.076714
299.33,6.5,753.63,0.0013269,220.46,229.08,0.92232,0.93768,3.4591,371.44,1.3396,63.323,0.07668
299.36,6.5,753.32,0.0013275,220.55,229.18,0.92264,0.9378,3.4647,371.06,1.343,63.276,0.076647
299.39,6.5,753,0.001328,220.64,229.27,0.92296,0.93792,3.4703,370.68,1.3464,63.23,0.076613
299.42,6.5,752.69,0.0013286,220.73,229.37,0.92329,0.93804,3.476,370.3,1.3498,63.183,0.076579
299.44,6.5,752.37,0.0013291,220.83,229.47,0.92361,0.93816,3.4818,369.92,1.3533,63.136,0.076545
299.47,6.5,752.05,0.0013297,220.92,229.56,0.92393,0.93828,3.4875,369.54,1.3567,63.089,0.076512
299.5,6.5,751.73,0.0013303,221.01,229.66,0.92426,0.9384,3.4933,369.16,1.3602,63.042,0.076478
299.53,6.5,751.41,0.0013308,221.11,229.76,0.92458,0.93853,3.4992,368.78,1.3636,62.995,0.076444
299.55,6.5,751.09,0.0013314,221.2,229.86,0.92491,0.93865,3.5051,368.4,1.3671,62.948,0.07641
299.58,6.5,750.77,0.001332,221.3,229.95,0.92524,0.93878,3.511,368.02,1.3707,62.9,0.076377
299.61,6.5,750.45,0.0013325,221.39,230.05,0.92556,0.9389,3.517,367.63,1.3742,62.853,0.076343
299.64,6.5,750.13,0.0013331,221.48,230.15,0.92589,0.93903,3.523,367.25,1.3777,62.806,0.076309
299.67,6.5,749.8,0.0013337,221.58,230.25,0.92622,0.93916,3.5291,366.86,1.3813,62.758,0.076275
299.69,6.5,749.48,0.0013343,221.67,230.35,0.92654,0.93928,3.5352,366.48,1.3849,62.711,0.076242
299.72,6.5,749.15,0.0013348,221.77,230.44,0.92687,0.93941,3.5414,366.09,1.3885,62.663,0.076208
299.75,6.5,748.83,0.0013354,221.86,230.54,0.9272,0.93954,3.5475,365.7,1.3921,62.615,0.076174
299.78,6.5,748.5,0.001336,221.96,230.64,0.92753,0.93967,3.5538,365.31,1.3957,62.567,0.076141
299.81,6.5,748.17,0.0013366,222.05,230.74,0.92786,0.9398,3.5601,364.92,1.3993,62.52,0.076107
299.83,6.5,747.84,0.0013372,222.15,230.84,0.92819,0.93993,3.5664,364.53,1.403,62.472,0.076073
299.86,6.5,747.51,0.0013378,222.24,230.94,0.92852,0.94007,3.5728,364.14,1.4067,62.423,0.07604
299.89,6.5,747.18,0.0013384,222.34,231.04,0.92886,0.9402,3.5792,363.75,1.4104,62.375,0.076006
299.92,6.5,746.85,0.001339,222.44,231.14,0.92919,0.94033,3.5857,363.36,1.4141,62.327,0.075972
299.94,6.5,746.52,0.0013396,222.53,231.24,0.92952,0.94047,3.5922,362.96,1.4178,62.279,0.075939
299.97,6.5,746.18,0.0013402,222.63,231.34,0.92986,0.9406,3.5988,362.57,1.4216,62.23,0.075905
300,6.5,745.85,0.0013408,222.72,231.44,0.93019,0.94074,3.6054,362.17,1.4254,62.182,0.075871
300.03,6.5,745.52,0.0013414,222.82,231.54,0.93052,0.94087,3.6121,361.78,1.4291,62.133,0.075838
300.06,6.5,745.18,0.001342,222.92,231.64,0.93086,0.94101,3.6188,361.38,1.433,62.085,0.075804
300.08,6.5,744.84,0.0013426,223.01,231.74,0.9312,0.94115,3.6256,360.98,1.4368,62.036,0.075771
300.11,6.5,744.51,0.0013432,223.11,231.84,0.93153,0.94129,3.6324,360.58,1.4406,61.987,0.075737
300.14,6.5,744.17,0.0013438,223.21,231.94,0.93187,0.94143,3.6393,360.19,1.4445,61.938,0.075703
300.17,6.5,743.83,0.0013444,223.31,232.04,0.93221,0.94157,3.6462,359.78,1.4484,61.889,0.07567
300.2,6.5,743.49,0.001345,223.4,232.15,0.93255,0.94171,3.6532,359.38,1.4523,61.84,0.075636
300.22,6.5,743.15,0.0013456,223.5,232.25,0.93288,0.94185,3.6603,358.98,1.4562,61.791,0.075603
300.25,6.5,742.8,0.0013463,223.6,232.35,0.93322,0.942,3.6674,358.58,1.4601,61.742,0.075569
300.28,6.5,742.46,0.0013469,223.7,232.45,0.93356,0.94214,3.6745,358.17,1.4641,61.692,0.075536
300.31,6.5,742.12,0.0013475,223.8,232.55,0.93391,0.94229,3.6817,357.77,1.4681,61.643,0.075502
300.33,6.5,741.77,0.0013481,223.89,232.66,0.93425,0.94243,3.689,357.36,1.4721,61.593,0.075469
300.36,6.5,741.43,0.0013488,223.99,232.76,0.93459,0.94258,3.6963,356.96,1.4761,61.544,0.075435
300.39,6.5,741.08,0.0013494,224.09,232.86,0.93493,0.94273,3.7037,356.55,1.4802,61.494,0.075402
300.42,6.5,740.73,0.00135,224.19,232.97,0.93528,0.94287,3.7112,356.14,1.4842,61.444,0.075369
300.45,6.5,740.38,0.0013507,224.29,233.07,0.93562,0.94302,3.7187,355.73,1.4883,61.394,0.075335
300.47,6.5,740.03,0.0013513,224.39,233.17,0.93596,0.94317,3.7263,355.32,1.4924,61.344,0.075302
300.5,6.5,739.68,0.0013519,224.49,233.28,0.93631,0.94332,3.7339,354.91,1.4966,61.294,0.075269
300.53,6.5,739.33,0.0013526,224.59,233.38,0.93666,0.94348,3.7416,354.5,1.5007,61.244,0.075235
300.56,6.5,738.97,0.0013532,224.69,233.48,0.937,0.94363,3.7494,354.08,1.5049,61.193,0.075202
300.58,6.5,738.62,0.0013539,224.79,233.59,0.93735,0.94378,3.7572,353.67,1.5091,61.143,0.075169
300.61,6.5,738.26,0.0013545,224.89,233.69,0.9377,0.94394,3.7651,353.25,1.5133,61.092,0.075135
300.64,6.5,737.91,0.0013552,224.99,233.8,0.93805,0.94409,3.7731,352.84,1.5176,61.042,0.075102
300.67,6.5,737.55,0.0013558,225.09,233.9,0.9384,0.94425,3.7811,352.42,1.5218,60.991,0.075069
300.7,6.5,737.19,0.0013565,225.19,234.01,0.93875,0.94441,3.7892,352,1.5261,60.94,0.075036
300.72,6.5,736.83,0.0013572,225.29,234.11,0.9391,0.94457,3.7973,351.58,1.5304,60.889,0.075003
300.75,6.5,736.47,0.0013578,225.39,234.22,0.93945,0.94472,3.8056,351.16,1.5348,60.838,0.074969
300.78,6.5,736.11,0.0013585,225.5,234.33,0.9398,0.94489,3.8139,350.74,1.5391,60.787,0.074936
300.81,6.5,735.75,0.0013592,225.6,234.43,0.94016,0.94505,3.8223,350.32,1.5435,60.736,0.074903
300.84,6.5,735.38,0.0013598,225.7,234.54,0.94051,0.94521,3.8307,349.9,1.5479,60.684,0.07487
300.86,6.5,735.02,0.0013605,225.8,234.65,0.94087,0.94537,3.8393,349.47,1.5524,60.633,0.074837
300.89,6.5,734.65,0.0013612,225.91,234.75,0.94122,0.94554,3.8479,349.04,1.5568,60.581,0.074804
300.92,6.5,734.28,0.0013619,226.01,234.86,0.94158,0.9457,3.8566,348.62,1.5613,60.529,0.074771
300.95,6.5,733.91,0.0013626,226.11,234.97,0.94193,0.94587,3.8653,348.19,1.5658,60.478,0.074738
300.97,6.5,733.54,0.0013632,226.21,235.08,0.94229,0.94604,3.8742,347.76,1.5704,60.426,0.074706
301,6.5,733.17,0.0013639,226.32,235.18,0.94265,0.94621,3.8831,347.33,1.5749,60.374,0.074673
301.03,6.5,732.8,0.0013646,226.42,235.29,0.94301,0.94638,3.8921,346.9,1.5795,60.321,0.07464
301.06,6.5,732.43,0.0013653,226.53,235.4,0.94337,0.94655,3.9012,346.47,1.5841,60.269,0.074607
301.09,6.5,732.05,0.001366,226.63,235.51,0.94373,0.94672,3.9104,346.03,1.5888,60.217,0.074574
301.11,6.5,731.68,0.0013667,226.73,235.62,0.94409,0.94689,3.9196,345.6,1.5934,60.164,0.074542
301.14,6.5,731.3,0.0013674,226.84,235.73,0.94446,0.94707,3.929,345.16,1.5981,60.111,0.074509
301.17,6.5,730.92,0.0013681,226.94,235.84,0.94482,0.94724,3.9384,344.73,1.6029,60.059,0.074476
301.2,6.5,730.54,0.0013688,227.05,235.95,0.94518,0.94742,3.9479,344.29,1.6076,60.006,0.074444
301.22,6.5,730.16,0.0013696,227.15,236.06,0.94555,0.9476,3.9575,343.85,1.6124,59.953,0.074411
301.25,6.5,729.78,0.0013703,227.26,236.17,0.94592,0.94778,3.9672,343.41,1.6172,59.899,0.074379
301.28,6.5,729.39,0.001371,227.37,236.28,0.94628,0.94796,3.977,342.97,1.622,59.846,0.074346
301.31,6.5,729.01,0.0013717,227.47,236.39,0.94665,0.94814,3.9869,342.52,1.6269,59.793,0.074314
301.34,6.5,728.62,0.0013725,227.58,236.5,0.94702,0.94832,3.9969,342.08,1.6318,59.739,0.074282
301.36,6.5,728.23,0.0013732,227.68,236.61,0.94739,0.94851,4.007,341.64,1.6367,59.685,0.074249
301.39,6.5,727.84,0.0013739,227.79,236.72,0.94776,0.94869,4.0172,341.19,1.6417,59.632,0.074217
301.42,6.5,727.45,0.0013747,227.9,236.83,0.94813,0.94888,4.0275,340.74,1.6467,59.578,0.074185
301.45,6.5,727.06,0.0013754,228.01,236.95,0.9485,0.94907,4.0379,340.29,1.6517,59.523,0.074153
301.48,6.5,726.67,0.0013761,228.11,237.06,0.94888,0.94926,4.0484,339.84,1.6567,59.469,0.074121
301.5,6.5,726.27,0.0013769,228.22,237.17,0.94925,0.94945,4.059,339.39,1.6618,59.415,0.074089
301.53,6.5,725.88,0.0013776,228.33,237.28,0.94963,0.94964,4.0697,338.94,1.6669,59.36,0.074057
301.56,6.5,725.48,0.0013784,228.44,237.4,0.95,0.94983,4.0806,338.48,1.6721,59.306,0.074025
301.59,6.5,725.08,0.0013792,228.55,237.51,0.95038,0.95003,4.0915,338.03,1.6772,59.251,0.073993
301.61,6.5,724.68,0.0013799,228.66,237.63,0.95076,0.95022,4.1025,337.57,1.6824,59.196,0.073961
301.64,6.5,724.28,0.0013807,228.77,237.74,0.95114,0.95042,4.1137,337.11,1.6877,59.141,0.07393
301.67,6.5,723.87,0.0013815,228.88,237.85,0.95152,0.95062,4.125,336.65,1.693,59.085,0.073898
301.7,6.5,723.47,0.0013822,228.99,237.97,0.9519,0.95082,4.1364,336.19,1.6983,59.03,0.073866
301.73,6.5,723.06,0.001383,229.1,238.09,0.95228,0.95102,4.1479,335.73,1.7036,58.975,0.073835
301.75,6.5,722.65,0.0013838,229.21,238.2,0.95266,0.95123,4.1596,335.26,1.709,58.919,0.073804
301.78,6.5,722.24,0.0013846,229.32,238.32,0.95305,0.95143,4.1714,334.8,1.7144,58.863,0.073772
301.81,6.5,721.83,0.0013854,229.43,238.43,0.95343,0.95164,4.1833,334.33,1.7199,58.807,0.073741
301.84,6.5,721.42,0.0013862,229.54,238.55,0.95382,0.95185,4.1953,333.86,1.7253,58.751,0.07371
301.87,6.5,721.01,0.001387,229.65,238.67,0.95421,0.95205,4.2075,333.39,1.7309,58.694,0.073679
301.89,6.5,720.59,0.0013878,229.76,238.78,0.95459,0.95227,4.2198,332.92,1.7364,58.638,0.073648
301.92,6.5,720.17,0.0013886,229.88,238.9,0.95498,0.95248,4.2322,332.45,1.742,58.581,0.073617
301.95,6.5,719.75,0.0013894,229.99,239.02,0.95538,0.95269,4.2448,331.97,1.7477,58.524,0.073586
301.98,6.5,719.33,0.0013902,230.1,239.14,0.95577,0.95291,4.2575,331.5,1.7533,58.467,0.073555
302,6.5,718.91,0.001391,230.21,239.26,0.95616,0.95313,4.2704,331.02,1.759,58.41,0.073525
302.03,6.5,718.48,0.0013918,230.33,239.38,0.95655,0.95334,4.2834,330.54,1.7648,58.353,0.073494
302.06,6.5,718.05,0.0013927,230.44,239.49,0.95695,0.95357,4.2966,330.06,1.7706,58.295,0.073464
302.09,6.5,717.63,0.0013935,230.56,239.61,0.95735,0.95379,4.3099,329.58,1.7764,58.238,0.073433
302.12,6.5,717.2,0.0013943,230.67,239.73,0.95774,0.95401,4.3234,329.1,1.7823,58.18,0.073403
302.14,6.5,716.76,0.0013952,230.79,239.86,0.95814,0.95424,4.337,328.61,1.7882,58.122,0.073373
302.17,6.5,716.33,0.001396,230.9,239.98,0.95854,0.95447,4.3509,328.12,1.7942,58.064,0.073343
302.2,6.5,715.89,0.0013969,231.02,240.1,0.95894,0.9547,4.3648,327.63,1.8002,58.005,0.073313
302.23,6.5,715.46,0.0013977,231.13,240.22,0.95935,0.95493,4.379,327.14,1.8062,57.947,0.073283
302.25,6.5,715.02,0.0013986,231.25,240.34,0.95975,0.95516,4.3933,326.65,1.8123,57.888,0.073254
302.28,6.5,714.57,0.0013994,231.37,240.46,0.96016,0.9554,4.4078,326.16,1.8184,57.829,0.073224
302.31,6.5,714.13,0.0014003,231.48,240.59,0.96056,0.95563,4.4225,325.66,1.8246,57.77,0.073195
302.34,6.5,713.69,0.0014012,231.6,240.71,0.96097,0.95587,4.4373,325.17,1.8308,57.71,0.073165
302.37,6.5,713.24,0.0014021,231.72,240.83,0.96138,0.95611,4.4524,324.67,1.8371,57.651,0.073136
302.39,6.5,712.79,0.0014029,231.84,240.96,0.96179,0.95636,4.4676,324.17,1.8434,57.591,0.073107
302.42,6.5,712.34,0.0014038,231.96,241.08,0.9622,0.9566,4.483,323.66,1.8498,57.531,0.073079
302.45,6.5,711.88,0.0014047,232.08,241.21,0.96262,0.95685,4.4986,323.16,1.8562,57.471,0.07305
302.48,6.5,711.43,0.0014056,232.2,241.33,0.96303,0.9571,4.5145,322.65,1.8627,57.41,0.073021
302.51,6.5,710.97,0.0014065,232.32,241.46,0.96345,0.95735,4.5305,322.14,1.8692,57.35,0.072993
302.53,6.5,710.51,0.0014074,232.44,241.58,0.96386,0.9576,4.5468,321.63,1.8757,57.289,0.072965
302.56,6.5,710.05,0.0014084,232.56,241.71,0.96428,0.95786,4.5632,321.12,1.8824,57.228,0.072937
302.59,6.5,709.58,0.0014093,232.68,241.84,0.9647,0.95811,4.5799,320.61,1.889,57.167,0.072909
302.62,6.5,709.11,0.0014102,232.8,241.97,0.96513,0.95837,4.5969,320.09,1.8957,57.105,0.072881
302.64,6.5,708.64,0.0014111,232.92,242.09,0.96555,0.95864,4.614,319.57,1.9025,57.043,0.072854
302.67,6.5,708.17,0.0014121,233.05,242.22,0.96597,0.9589,4.6314,319.05,1.9093,56.982,0.072827
302.7,6.5,707.7,0.001413,233.17,242.35,0.9664,0.95917,4.649,318.53,1.9162,56.919,0.0728
302.73,6.5,707.22,0.001414,233.29,242.48,0.96683,0.95944,4.6669,318.01,1.9232,56.857,0.072773
302.76,6.5,706.74,0.0014149,233.42,242.61,0.96726,0.95971,4.685,317.48,1.9302,56.794,0.072746
302.78,6.5,706.26,0.0014159,233.54,242.74,0.96769,0.95998,4.7034,316.95,1.9372,56.731,0.07272
302.81,6.5,705.78,0.0014169,233.66,242.87,0.96812,0.96026,4.7221,316.42,1.9443,56.668,0.072693
302.84,6.5,705.29,0.0014179,233.79,243.01,0.96856,0.96054,4.741,315.89,1.9515,56.605,0.072667
302.87,6.5,704.8,0.0014188,233.92,243.14,0.96899,0.96082,4.7602,315.35,1.9587,56.541,0.072642
302.89,6.5,704.31,0.0014198,234.04,243.27,0.96943,0.96111,4.7797,314.81,1.966,56.477,0.072616
302.92,6.5,703.82,0.0014208,234.17,243.4,0.96987,0.96139,4.7995,314.27,1.9734,56.413,0.072591
302.95,6.5,703.32,0.0014218,234.3,243.54,0.97032,0.96168,4.8196,313.73,1.9808,56.349,0.072566
302.98,6.5,702.82,0.0014228,234.42,243.67,0.97076,0.96198,4.84,313.19,1.9882,56.284,0.072541
303.01,6.5,702.32,0.0014239,234.55,243.81,0.9712,0.96227,4.8607,312.64,1.9958,56.219,0.072517
303.03,6.5,701.81,0.0014249,234.68,243.94,0.97165,0.96257,4.8817,312.09,2.0034,56.154,0.072492
303.06,6.5,701.3,0.0014259,234.81,244.08,0.9721,0.96287,4.903,311.54,2.0111,56.088,0.072469
303.09,6.5,700.79,0.001427,234.94,244.22,0.97255,0.96317,4.9247,310.99,2.0188,56.022,0.072445
303.12,6.5,700.28,0.001428,235.07,244.35,0.97301,0.96348,4.9468,310.43,2.0267,55.956,0.072422
303.15,6.5,699.76,0.0014291,235.2,244.49,0.97346,0.96379,4.9692,309.87,2.0345,55.89,0.072399
303.17,6.5,699.24,0.0014301,235.33,244.63,0.97392,0.9641,4.9919,309.31,2.0425,55.823,0.072376
303.2,6.5,698.72,0.0014312,235.47,244.77,0.97438,0.96442,5.0151,308.74,2.0505,55.756,0.072354
303.23,6.5,698.19,0.0014323,235.6,244.91,0.97484,0.96474,5.0386,308.18,2.0587,55.689,0.072332
303.26,6.5,697.66,0.0014334,235.73,245.05,0.9753,0.96506,5.0625,307.61,2.0668,55.621,0.07231
303.28,6.5,697.13,0.0014345,235.87,245.19,0.97577,0.96539,5.0868,307.03,2.0751,55.553,0.072289
303.31,6.5,696.59,0.0014356,236,245.33,0.97624,0.96572,5.1116,306.46,2.0835,55.485,0.072269
303.34,6.5,696.05,0.0014367,236.14,245.48,0.97671,0.96605,5.1368,305.88,2.0919,55.416,0.072248
303.37,6.5,695.51,0.0014378,236.27,245.62,0.97718,0.96639,5.1624,305.3,2.1004,55.347,0.072228
303.4,6.5,694.96,0.0014389,236.41,245.76,0.97765,0.96673,5.1884,304.71,2.109,55.278,0.072209
303.42,6.5,694.41,0.0014401,236.55,245.91,0.97813,0.96707,5.215,304.13,2.1177,55.208,0.07219
303.45,6.5,693.85,0.0014412,236.69,246.05,0.97861,0.96742,5.242,303.54,2.1264,55.138,0.072171
303.48,6.5,693.3,0.0014424,236.82,246.2,0.97909,0.96777,5.2695,302.94,2.1353,55.068,0.072153
303.51,6.5,692.74,0.0014436,236.96,246.35,0.97958,0.96813,5.2976,302.35,2.1442,54.997,0.072135
303.54,6.5,692.17,0.0014447,237.1,246.49,0.98006,0.96848,5.3261,301.75,2.1532,54.926,0.072118
303.56,6.5,691.6,0.0014459,237.24,246.64,0.98055,0.96885,5.3552,301.14,2.1624,54.854,0.072102
303.59,6.5,691.03,0.0014471,237.39,246.79,0.98105,0.96922,5.3849,300.54,2.1716,54.782,0.072086
303.62,6.5,690.45,0.0014483,237.53,246.94,0.98154,0.96959,5.4151,299.93,2.1809,54.71,0.07207
303.65,6.5,689.87,0.0014496,237.67,247.09,0.98204,0.96996,5.446,299.32,2.1903,54.637,0.072056
303.67,6.5,689.28,0.0014508,237.82,247.25,0.98254,0.97034,5.4774,298.7,2.1999,54.564,0.072041
303.7,6.5,688.69,0.001452,237.96,247.4,0.98304,0.97073,5.5095,298.08,2.2095,54.49,0.072028
303.73,6.5,688.1,0.0014533,238.11,247.55,0.98355,0.97112,5.5423,297.46,2.2192,54.416,0.072015
303.76,6.5,687.5,0.0014545,238.25,247.71,0.98406,0.97151,5.5757,296.83,2.2291,54.342,0.072003
303.79,6.5,686.9,0.0014558,238.4,247.86,0.98457,0.97191,5.6098,296.2,2.239,54.267,0.071991
303.81,6.5,686.29,0.0014571,238.55,248.02,0.98509,0.97231,5.6447,295.56,2.2491,54.191,0.071981
303.84,6.5,685.67,0.0014584,238.7,248.18,0.98561,0.97272,5.6803,294.92,2.2593,54.116,0.071971
303.87,6.5,685.06,0.0014597,238.85,248.34,0.98613,0.97314,5.7167,294.28,2.2696,54.039,0.071962
303.9,6.5,684.43,0.0014611,239,248.5,0.98665,0.97356,5.7539,293.63,2.28,53.962,0.071954
303.92,6.5,683.81,0.0014624,239.15,248.66,0.98718,0.97398,5.792,292.98,2.2906,53.885,0.071946
303.95,6.5,683.17,0.0014638,239.3,248.82,0.98771,0.97441,5.8309,292.33,2.3012,53.807,0.07194
303.98,6.5,682.53,0.0014651,239.46,248.98,0.98825,0.97485,5.8707,291.67,2.312,53.729,0.071934
304.01,6.5,681.89,0.0014665,239.61,249.14,0.98879,0.97529,5.9114,291,2.323,53.65,0.07193
304.04,6.5,681.24,0.0014679,239.77,249.31,0.98933,0.97574,5.9531,290.34,2.334,53.57,0.071926
304.06,6.5,680.58,0.0014693,239.93,249.48,0.98988,0.97619,5.9958,289.66,2.3453,53.49,0.071924
304.09,6.5,679.92,0.0014708,240.08,249.64,0.99043,0.97665,6.0396,288.98,2.3566,53.41,0.071922
304.12,6.5,679.25,0.0014722,240.24,249.81,0.99098,0.97712,6.0845,288.3,2.3681,53.328,0.071922
304.15,6.5,678.58,0.0014737,240.4,249.98,0.99154,0.97759,6.1305,287.61,2.3798,53.246,0.071923
304.18,6.5,677.9,0.0014751,240.57,250.15,0.99211,0.97807,6.1777,286.92,2.3916,53.164,0.071926
304.2,6.5,677.21,0.0014766,240.73,250.33,0.99267,0.97855,6.2261,286.22,2.4036,53.081,0.071929
304.23,6.5,676.52,0.0014782,240.89,250.5,0.99325,0.97905,6.2758,285.52,2.4157,52.997,0.071934
304.26,6.5,675.82,0.0014797,241.06,250.68,0.99382,0.97955,6.3268,284.81,2.428,52.913,0.071941
304.29,6.5,675.11,0.0014812,241.22,250.85,0.9944,0.98006,6.3793,284.1,2.4405,52.827,0.071949
304.31,6.5,674.4,0.0014828,241.39,251.03,0.99499,0.98058,6.4332,283.38,2.4531,52.742,0.071958
304.34,6.5,673.68,0.0014844,241.56,251.21,0.99558,0.9811,6.4886,282.66,2.466,52.655,0.07197
304.37,6.5,672.95,0.001486,241.73,251.39,0.99618,0.98163,6.5457,281.92,2.479,52.568,0.071983
304.4,6.5,672.21,0.0014876,241.91,251.58,0.99678,0.98217,6.6045,281.19,2.4922,52.479,0.071998
304.43,6.5,671.46,0.0014893,242.08,251.76,0.99738,0.98272,6.665,280.44,2.5056,52.39,0.072015
304.45,6.5,670.71,0.001491,242.25,251.95,0.998,0.98328,6.7273,279.69,2.5193,52.301,0.072033
304.48,6.5,669.95,0.0014927,242.43,252.13,0.99861,0.98385,6.7917,278.94,2.5331,52.21,0.072054
304.51,6.5,669.18,0.0014944,242.61,252.32,0.99924,0.98443,6.858,278.17,2.5472,52.119,0.072078
304.53,6.5,668.53,0.0014958,242.76,252.48,0.99976,0.98492,6.9145,277.54,2.559,52.042,0.072098
