Temperature_K,Pressure_MPa,rho_L_kgm3,h_L_kJkg,s_L_kJkgK,rho_V_kgm3,h_V_kJkg,s_V_kJkgK,Cv_V_J_gK,Cp_V_J_gK,gamma_V
182.33,0.087837,1237.4,-4.0511,-0.022017,2.6115,372.87,2.0452,0.58041,0.79507,1.369842008
182.54,0.08899,1236.7,-3.6864,-0.020023,2.6434,373,2.0435,0.58094,0.79585,1.369934933
182.75,0.090155,1236.1,-3.3217,-0.018031,2.6755,373.13,2.0418,0.58147,0.79664,1.370044886
182.97,0.091332,1235.5,-2.957,-0.016042,2.7079,373.25,2.0401,0.582,0.79743,1.370154639
183.18,0.092521,1234.9,-2.5922,-0.014055,2.7406,373.38,2.0385,0.58254,0.79823,1.370257836
183.39,0.093722,1234.2,-2.2274,-0.01207,2.7736,373.51,2.0368,0.58307,0.79903,1.370384345
183.6,0.094935,1233.6,-1.8626,-0.010087,2.807,373.64,2.0351,0.58361,0.79983,1.37048714
183.81,0.096161,1233,-1.4978,-0.0081064,2.8406,373.76,2.0334,0.58415,0.80064,1.370606865
184.03,0.0974,1232.4,-1.1329,-0.006128,2.8746,373.89,2.0317,0.58469,0.80144,1.370709265
184.24,0.098651,1231.8,-0.768,-0.0041517,2.9089,374.02,2.0301,0.58523,0.80226,1.37084565
184.45,0.099915,1231.1,-0.40307,-0.0021776,2.9435,374.14,2.0284,0.58577,0.80307,1.370964713
184.66,0.10119,1230.5,-0.038098,-0.00020571,2.9784,374.27,2.0268,0.58632,0.80389,1.371077227
184.87,0.10248,1229.9,0.32691,0.0017641,3.0136,374.39,2.0251,0.58686,0.80471,1.371212896
185.09,0.10378,1229.3,0.69194,0.0037317,3.0492,374.52,2.0235,0.58741,0.80553,1.371324969
185.3,0.1051,1228.6,1.057,0.0056973,3.0851,374.65,2.0218,0.58796,0.80636,1.37145384
185.51,0.10643,1228,1.4221,0.0076607,3.1213,374.77,2.0202,0.58851,0.80719,1.371582471
185.72,0.10777,1227.4,1.7873,0.009622,3.1578,374.9,2.0186,0.58906,0.80802,1.371710861
185.93,0.10912,1226.8,2.1524,0.011581,3.1947,375.02,2.017,0.58961,0.80886,1.371855973
186.15,0.11049,1226.1,2.5177,0.013538,3.2319,375.15,2.0153,0.59016,0.8097,1.372000813
186.36,0.11187,1225.5,2.8829,0.015493,3.2694,375.27,2.0137,0.59072,0.81054,1.372122156
186.57,0.11327,1224.9,3.2482,0.017446,3.3073,375.4,2.0121,0.59127,0.81139,1.37228339
186.78,0.11468,1224.3,3.6135,0.019397,3.3455,375.52,2.0105,0.59183,0.81224,1.372421134
186.99,0.1161,1223.6,3.9789,0.021346,3.3841,375.64,2.0089,0.59239,0.81309,1.372558618
187.21,0.11754,1223,4.3443,0.023293,3.423,375.77,2.0073,0.59295,0.81395,1.372712708
187.42,0.11899,1222.4,4.7098,0.025238,3.4623,375.89,2.0057,0.59351,0.81481,1.372866506
187.63,0.12045,1221.7,5.0753,0.02718,3.5019,376.02,2.0042,0.59407,0.81567,1.373020014
187.84,0.12193,1221.1,5.4408,0.029121,3.5418,376.14,2.0026,0.59463,0.81654,1.373190051
188.05,0.12342,1220.5,5.8064,0.03106,3.5821,376.26,2.001,0.5952,0.81741,1.373336694
188.27,0.12493,1219.9,6.172,0.032996,3.6228,376.39,1.9994,0.59576,0.81828,1.37350611
188.48,0.12645,1219.2,6.5377,0.034931,3.6638,376.51,1.9979,0.59633,0.81915,1.373652172
188.69,0.12799,1218.6,6.9034,0.036863,3.7052,376.63,1.9963,0.5969,0.82003,1.373814709
188.9,0.12954,1218,7.2692,0.038794,3.7469,376.75,1.9948,0.59747,0.82092,1.373993673
189.11,0.13111,1217.3,7.635,0.040723,3.789,376.88,1.9932,0.59804,0.8218,1.374155575
189.33,0.13269,1216.7,8.0009,0.042649,3.8315,377,1.9917,0.59861,0.82269,1.374333873
189.54,0.13428,1216.1,8.3668,0.044574,3.8743,377.12,1.9901,0.59918,0.82358,1.374511833
189.75,0.13589,1215.4,8.7328,0.046497,3.9175,377.24,1.9886,0.59976,0.82448,1.374683207
189.96,0.13752,1214.8,9.0988,0.048418,3.9611,377.36,1.987,0.60033,0.82537,1.374860493
190.17,0.13916,1214.2,9.4648,0.050336,4.005,377.48,1.9855,0.60091,0.82627,1.375031203
190.39,0.14082,1213.5,9.8309,0.052253,4.0494,377.61,1.984,0.60149,0.82718,1.375218208
190.6,0.14249,1212.9,10.197,0.054168,4.0941,377.73,1.9825,0.60206,0.82809,1.375427698
190.81,0.14417,1212.3,10.563,0.056081,4.1391,377.85,1.981,0.60264,0.829,1.375613965
191.02,0.14588,1211.6,10.93,0.057992,4.1846,377.97,1.9794,0.60322,0.82991,1.375799874
191.23,0.1476,1211,11.296,0.059902,4.2305,378.09,1.9779,0.60381,0.83083,1.375979199
191.45,0.14933,1210.4,11.662,0.061809,4.2767,378.21,1.9764,0.60439,0.83175,1.376180943
191.66,0.15108,1209.7,12.029,0.063714,4.3233,378.33,1.9749,0.60497,0.83268,1.37639883
191.87,0.15285,1209.1,12.395,0.065618,4.3704,378.45,1.9734,0.60556,0.8336,1.376577053
192.08,0.15463,1208.5,12.762,0.06752,4.4178,378.57,1.972,0.60615,0.83453,1.376771426
192.29,0.15643,1207.8,13.128,0.069419,4.4656,378.69,1.9705,0.60673,0.83547,1.377004598
192.51,0.15824,1207.2,13.495,0.071317,4.5138,378.81,1.969,0.60732,0.83641,1.377214648
192.72,0.16007,1206.5,13.862,0.073213,4.5624,378.93,1.9675,0.60791,0.83735,1.37742429
192.93,0.16192,1205.9,14.229,0.075108,4.6114,379.04,1.966,0.6085,0.83829,1.377633525
193.14,0.16378,1205.3,14.595,0.077,4.6609,379.16,1.9646,0.60909,0.83924,1.377858773
193.35,0.16566,1204.6,14.962,0.078891,4.7107,379.28,1.9631,0.60969,0.84019,1.378060982
193.57,0.16756,1204,15.329,0.080779,4.7609,379.4,1.9616,0.61028,0.84114,1.378285377
193.78,0.16947,1203.4,15.696,0.082666,4.8116,379.52,1.9602,0.61088,0.8421,1.378503143
193.99,0.17141,1202.7,16.063,0.084551,4.8626,379.64,1.9587,0.61147,0.84306,1.378743029
194.2,0.17335,1202.1,16.431,0.086435,4.9141,379.75,1.9573,0.61207,0.84402,1.378959923
194.41,0.17532,1201.4,16.798,0.088316,4.966,379.87,1.9559,0.61267,0.84499,1.379192714
194.63,0.1773,1200.8,17.165,0.090196,5.0184,379.99,1.9544,0.61327,0.84596,1.379425049
194.84,0.1793,1200.1,17.532,0.092074,5.0711,380.1,1.953,0.61387,0.84693,1.379656931
195.05,0.18132,1199.5,17.9,0.09395,5.1243,380.22,1.9515,0.61447,0.84791,1.379904633
195.26,0.18336,1198.9,18.267,0.095824,5.1779,380.34,1.9501,0.61507,0.84889,1.380151853
195.47,0.18541,1198.2,18.635,0.097697,5.2319,380.45,1.9487,0.61567,0.84987,1.38039859
195.68,0.18748,1197.6,19.002,0.099567,5.2864,380.57,1.9473,0.61628,0.85086,1.380638671
195.9,0.18957,1196.9,19.37,0.10144,5.3413,380.69,1.9459,0.61688,0.85185,1.380900661
196.11,0.19167,1196.3,19.738,0.1033,5.3967,380.8,1.9444,0.61749,0.85284,1.381139776
196.32,0.1938,1195.6,20.106,0.10517,5.4525,380.92,1.943,0.6181,0.85384,1.381394596
196.53,0.19594,1195,20.474,0.10703,5.5087,381.03,1.9416,0.6187,0.85484,1.381671246
196.74,0.1981,1194.4,20.842,0.1089,5.5654,381.15,1.9402,0.61931,0.85584,1.381925046
196.96,0.20028,1193.7,21.21,0.11076,5.6225,381.26,1.9388,0.61992,0.85685,1.382194477
197.17,0.20248,1193.1,21.578,0.11261,5.6801,381.38,1.9374,0.62053,0.85786,1.382463378
197.38,0.2047,1192.4,21.946,0.11447,5.7381,381.49,1.9361,0.62115,0.85887,1.38270949
197.59,0.20694,1191.8,22.314,0.11633,5.7966,381.61,1.9347,0.62176,0.85989,1.382993438
197.8,0.20919,1191.1,22.683,0.11818,5.8555,381.72,1.9333,0.62237,0.86091,1.383276829
198.02,0.21146,1190.5,23.051,0.12003,5.9149,381.83,1.9319,0.62299,0.86194,1.383553508
198.23,0.21376,1189.8,23.419,0.12188,5.9748,381.95,1.9305,0.6236,0.86296,1.383835792
198.44,0.21607,1189.2,23.788,0.12373,6.0351,382.06,1.9292,0.62422,0.86399,1.384111371
198.65,0.2184,1188.5,24.157,0.12558,6.0959,382.17,1.9278,0.62484,0.86503,1.384402407
198.86,0.22075,1187.9,24.525,0.12742,6.1572,382.29,1.9264,0.62546,0.86606,1.384676878
199.08,0.22312,1187.2,24.894,0.12927,6.219,382.4,1.9251,0.62607,0.86711,1.385004872
199.29,0.22551,1186.6,25.263,0.13111,6.2812,382.51,1.9237,0.62669,0.86815,1.385294165
199.5,0.22792,1185.9,25.632,0.13295,6.3439,382.62,1.9224,0.62732,0.8692,1.385576739
199.71,0.23035,1185.3,26.001,0.13479,6.4071,382.73,1.921,0.62794,0.87025,1.385880817
199.92,0.2328,1184.6,26.37,0.13662,6.4707,382.85,1.9197,0.62856,0.8713,1.386184294
200.14,0.23527,1184,26.74,0.13846,6.5349,382.96,1.9183,0.62918,0.87236,1.386503067
200.35,0.23776,1183.3,27.109,0.14029,6.5995,383.07,1.917,0.62981,0.87342,1.386799193
200.56,0.24027,1182.6,27.478,0.14213,6.6646,383.18,1.9157,0.63043,0.87449,1.387132592
200.77,0.2428,1182,27.848,0.14396,6.7303,383.29,1.9143,0.63106,0.87556,1.387443349
200.98,0.24535,1181.3,28.217,0.14579,6.7964,383.4,1.913,0.63169,0.87663,1.387753487
201.2,0.24792,1180.7,28.587,0.14761,6.863,383.51,1.9117,0.63231,0.8777,1.388084958
201.41,0.25051,1180,28.957,0.14944,6.9301,383.62,1.9104,0.63294,0.87878,1.388409644
201.62,0.25312,1179.4,29.327,0.15126,6.9977,383.73,1.909,0.63357,0.87986,1.388733684
201.83,0.25576,1178.7,29.696,0.15309,7.0659,383.84,1.9077,0.6342,0.88095,1.389072848
202.04,0.25841,1178.1,30.066,0.15491,7.1345,383.95,1.9064,0.63483,0.88204,1.389411338
202.26,0.26109,1177.4,30.437,0.15673,7.2036,384.06,1.9051,0.63546,0.88313,1.389749158
202.47,0.26378,1176.7,30.807,0.15854,7.2733,384.17,1.9038,0.6361,0.88423,1.390080176
202.68,0.2665,1176.1,31.177,0.16036,7.3435,384.27,1.9025,0.63673,0.88533,1.390432365
202.89,0.26924,1175.4,31.547,0.16218,7.4142,384.38,1.9012,0.63736,0.88643,1.390783858
203.1,0.272,1174.8,31.918,0.16399,7.4854,384.49,1.8999,0.638,0.88754,1.391128527
203.32,0.27479,1174.1,32.288,0.1658,7.5571,384.6,1.8986,0.63863,0.88865,1.391494292
203.53,0.27759,1173.4,32.659,0.16761,7.6294,384.71,1.8973,0.63927,0.88976,1.391837565
203.74,0.28042,1172.8,33.03,0.16942,7.7022,384.81,1.896,0.63991,0.89088,1.392195778
203.95,0.28327,1172.1,33.401,0.17123,7.7756,384.92,1.8948,0.64054,0.892,1.392575015
204.16,0.28614,1171.4,33.772,0.17303,7.8494,385.03,1.8935,0.64118,0.89313,1.392947378
204.38,0.28903,1170.8,34.143,0.17484,7.9239,385.13,1.8922,0.64182,0.89425,1.393303418
204.59,0.29195,1170.1,34.514,0.17664,7.9988,385.24,1.8909,0.64246,0.89539,1.39368988
204.8,0.29488,1169.5,34.885,0.17844,8.0743,385.34,1.8897,0.6431,0.89652,1.394060022
205.01,0.29784,1168.8,35.256,0.18024,8.1504,385.45,1.8884,0.64374,0.89766,1.394444962
205.22,0.30083,1168.1,35.628,0.18204,8.227,385.56,1.8871,0.64439,0.8988,1.394807492
205.44,0.30383,1167.5,35.999,0.18384,8.3041,385.66,1.8859,0.64503,0.89995,1.395206425
205.65,0.30686,1166.8,36.371,0.18563,8.3818,385.77,1.8846,0.64567,0.9011,1.395604566
205.86,0.30992,1166.1,36.743,0.18743,8.4601,385.87,1.8834,0.64632,0.90225,1.395980319
206.07,0.31299,1165.5,37.115,0.18922,8.5389,385.98,1.8821,0.64696,0.90341,1.396392358
206.28,0.31609,1164.8,37.487,0.19101,8.6183,386.08,1.8809,0.64761,0.90457,1.396782014
206.5,0.31921,1164.1,37.859,0.1928,8.6982,386.18,1.8796,0.64825,0.90574,1.397207867
206.71,0.32236,1163.4,38.231,0.19459,8.7788,386.29,1.8784,0.6489,0.90691,1.397611342
206.92,0.32553,1162.8,38.603,0.19638,8.8598,386.39,1.8772,0.64955,0.90808,1.39801401
207.13,0.32872,1162.1,38.976,0.19816,8.9415,386.49,1.8759,0.6502,0.90925,1.398415872
207.34,0.33194,1161.4,39.348,0.19995,9.0238,386.6,1.8747,0.65085,0.91043,1.398832296
207.56,0.33518,1160.8,39.721,0.20173,9.1066,386.7,1.8735,0.65149,0.91162,1.399284717
207.77,0.33844,1160.1,40.093,0.20351,9.19,386.8,1.8722,0.65215,0.9128,1.399677988
207.98,0.34173,1159.4,40.466,0.20529,9.274,386.9,1.871,0.6528,0.914,1.400122549
208.19,0.34504,1158.7,40.839,0.20707,9.3586,387,1.8698,0.65345,0.91519,1.400550922
208.4,0.34838,1158.1,41.212,0.20885,9.4438,387.11,1.8686,0.6541,0.91639,1.400993732
208.62,0.35174,1157.4,41.585,0.21062,9.5296,387.21,1.8674,0.65475,0.91759,1.401435662
208.83,0.35513,1156.7,41.959,0.2124,9.6159,387.31,1.8661,0.65541,0.9188,1.401870585
209.04,0.35854,1156,42.332,0.21417,9.7029,387.41,1.8649,0.65606,0.92001,1.402326007
209.25,0.36198,1155.4,42.706,0.21594,9.7905,387.51,1.8637,0.65671,0.92122,1.402780527
209.46,0.36544,1154.7,43.079,0.21771,9.8787,387.61,1.8625,0.65737,0.92244,1.403228015
209.68,0.36893,1154,43.453,0.21948,9.9675,387.71,1.8613,0.65802,0.92366,1.403695936
209.89,0.37244,1153.3,43.827,0.22125,10.057,387.81,1.8601,0.65868,0.92489,1.404156798
210.1,0.37598,1152.7,44.201,0.22301,10.147,387.91,1.8589,0.65934,0.92612,1.404616738
210.31,0.37954,1152,44.575,0.22478,10.238,388.01,1.8577,0.66,0.92735,1.405075758
210.52,0.38313,1151.3,44.949,0.22654,10.329,388.11,1.8566,0.66065,0.92859,1.405570272
210.74,0.38674,1150.6,45.324,0.2283,10.421,388.2,1.8554,0.66131,0.92983,1.406042552
210.95,0.39038,1149.9,45.698,0.23007,10.513,388.3,1.8542,0.66197,0.93107,1.40651389
211.16,0.39405,1149.3,46.073,0.23183,10.606,388.4,1.853,0.66263,0.93232,1.406999381
211.37,0.39774,1148.6,46.447,0.23358,10.7,388.5,1.8518,0.66329,0.93358,1.407498982
211.58,0.40146,1147.9,46.822,0.23534,10.795,388.59,1.8506,0.66395,0.93484,1.40799759
211.8,0.4052,1147.2,47.197,0.2371,10.89,388.69,1.8495,0.66461,0.9361,1.408495208
212.01,0.40897,1146.5,47.572,0.23885,10.985,388.79,1.8483,0.66528,0.93736,1.408970659
212.22,0.41277,1145.8,47.948,0.24061,11.082,388.88,1.8471,0.66594,0.93863,1.409481335
212.43,0.41659,1145.2,48.323,0.24236,11.179,388.98,1.846,0.6666,0.93991,1.410006001
212.64,0.42045,1144.5,48.698,0.24411,11.276,389.08,1.8448,0.66726,0.94118,1.410514642
212.86,0.42432,1143.8,49.074,0.24586,11.375,389.17,1.8436,0.66793,0.94247,1.411031096
213.07,0.42823,1143.1,49.45,0.24761,11.474,389.27,1.8425,0.66859,0.94375,1.411552671
213.28,0.43216,1142.4,49.826,0.24935,11.573,389.36,1.8413,0.66926,0.94504,1.412067059
213.49,0.43612,1141.7,50.202,0.2511,11.674,389.46,1.8402,0.66992,0.94634,1.412616432
213.7,0.44011,1141,50.578,0.25284,11.775,389.55,1.839,0.67059,0.94763,1.413128737
213.92,0.44412,1140.3,50.954,0.25459,11.876,389.65,1.8379,0.67126,0.94894,1.413669815
214.13,0.44816,1139.7,51.33,0.25633,11.979,389.74,1.8367,0.67192,0.95024,1.414215978
214.34,0.45223,1139,51.707,0.25807,12.082,389.83,1.8356,0.67259,0.95156,1.414769771
214.55,0.45633,1138.3,52.084,0.25981,12.185,389.93,1.8345,0.67326,0.95287,1.415307608
214.76,0.46046,1137.6,52.46,0.26155,12.29,390.02,1.8333,0.67393,0.95419,1.415859214
214.98,0.46461,1136.9,52.837,0.26329,12.395,390.11,1.8322,0.6746,0.95552,1.416424548
215.19,0.46879,1136.2,53.214,0.26502,12.501,390.2,1.831,0.67527,0.95684,1.416973951
215.4,0.473,1135.5,53.592,0.26676,12.607,390.3,1.8299,0.67594,0.95818,1.417551854
215.61,0.47724,1134.8,53.969,0.26849,12.714,390.39,1.8288,0.67661,0.95951,1.418113832
215.82,0.48151,1134.1,54.346,0.27022,12.822,390.48,1.8277,0.67728,0.96086,1.418704229
216.04,0.4858,1133.4,54.724,0.27195,12.931,390.57,1.8265,0.67795,0.9622,1.419278708
216.25,0.49013,1132.7,55.102,0.27368,13.04,390.66,1.8254,0.67862,0.96355,1.419866788
216.46,0.49448,1132,55.48,0.27541,13.15,390.75,1.8243,0.67929,0.96491,1.42046843
216.67,0.49886,1131.3,55.858,0.27714,13.261,390.84,1.8232,0.67997,0.96627,1.421047987
216.88,0.50328,1130.6,56.236,0.27887,13.372,390.93,1.8221,0.68064,0.96763,1.421647273
217.1,0.50772,1129.9,56.614,0.28059,13.484,391.02,1.821,0.68131,0.969,1.422260058
217.31,0.51219,1129.2,56.993,0.28232,13.597,391.11,1.8198,0.68199,0.97037,1.422850775
217.52,0.51669,1128.5,57.372,0.28404,13.711,391.2,1.8187,0.68266,0.97175,1.423475815
217.73,0.52122,1127.8,57.75,0.28576,13.825,391.29,1.8176,0.68334,0.97313,1.424078789
217.94,0.52578,1127.1,58.129,0.28748,13.94,391.37,1.8165,0.68401,0.97452,1.424716013
218.16,0.53037,1126.4,58.508,0.2892,14.056,391.46,1.8154,0.68469,0.97591,1.425331172
218.37,0.53499,1125.7,58.888,0.29092,14.172,391.55,1.8143,0.68536,0.97731,1.425980507
218.58,0.53964,1125,59.267,0.29264,14.29,391.64,1.8132,0.68604,0.97871,1.426607778
218.79,0.54432,1124.3,59.647,0.29436,14.408,391.72,1.8121,0.68672,0.98011,1.427233807
219,0.54903,1123.6,60.026,0.29607,14.526,391.81,1.811,0.6874,0.98152,1.427873145
219.22,0.55377,1122.9,60.406,0.29779,14.646,391.9,1.81,0.68807,0.98294,1.428546514
219.43,0.55855,1122.2,60.786,0.2995,14.766,391.98,1.8089,0.68875,0.98436,1.429197822
219.64,0.56335,1121.5,61.166,0.30121,14.887,392.07,1.8078,0.68943,0.98578,1.429847845
219.85,0.56818,1120.8,61.547,0.30292,15.009,392.15,1.8067,0.69011,0.98721,1.430511078
220.06,0.57305,1120.1,61.927,0.30463,15.132,392.24,1.8056,0.69079,0.98865,1.431187481
220.28,0.57794,1119.4,62.308,0.30634,15.255,392.32,1.8045,0.69147,0.99009,1.431862554
220.49,0.58287,1118.6,62.689,0.30805,15.38,392.41,1.8035,0.69215,0.99153,1.4325363
220.7,0.58783,1117.9,63.07,0.30976,15.505,392.49,1.8024,0.69283,0.99298,1.433223157
220.91,0.59282,1117.2,63.451,0.31146,15.63,392.57,1.8013,0.69351,0.99444,1.433923087
221.12,0.59784,1116.5,63.832,0.31317,15.757,392.66,1.8002,0.69419,0.9959,1.434621645
221.33,0.6029,1115.8,64.214,0.31487,15.884,392.74,1.7992,0.69488,0.99736,1.435298181
221.55,0.60798,1115.1,64.595,0.31658,16.012,392.82,1.7981,0.69556,0.99883,1.436008396
221.76,0.6131,1114.4,64.977,0.31828,16.141,392.91,1.797,0.69624,1.0003,1.436717224
221.97,0.61825,1113.6,65.359,0.31998,16.271,392.99,1.796,0.69692,1.0018,1.437467715
222.18,0.62344,1112.9,65.741,0.32168,16.402,393.07,1.7949,0.69761,1.0033,1.438196127
222.39,0.62865,1112.2,66.123,0.32338,16.533,393.15,1.7939,0.69829,1.0048,1.438943705
222.61,0.6339,1111.5,66.506,0.32507,16.665,393.23,1.7928,0.69898,1.0063,1.439669232
222.82,0.63918,1110.8,66.889,0.32677,16.798,393.31,1.7917,0.69966,1.0078,1.440413915
223.03,0.64449,1110.1,67.271,0.32847,16.932,393.39,1.7907,0.70035,1.0093,1.441136575
223.24,0.64984,1109.3,67.654,0.33016,17.067,393.47,1.7896,0.70103,1.0108,1.441878379
223.45,0.65522,1108.6,68.037,0.33185,17.202,393.55,1.7886,0.70172,1.0123,1.442598187
223.67,0.66063,1107.9,68.421,0.33355,17.339,393.63,1.7875,0.7024,1.0138,1.44333713
223.88,0.66608,1107.2,68.804,0.33524,17.476,393.71,1.7865,0.70309,1.0153,1.444054104
224.09,0.67155,1106.4,69.188,0.33693,17.614,393.79,1.7854,0.70378,1.0169,1.444911762
224.3,0.67707,1105.7,69.572,0.33862,17.753,393.87,1.7844,0.70446,1.0184,1.445646311
224.51,0.68261,1105,69.956,0.34031,17.893,393.94,1.7834,0.70515,1.02,1.446500745
224.73,0.68819,1104.3,70.34,0.342,18.033,394.02,1.7823,0.70584,1.0215,1.447211833
224.94,0.69381,1103.5,70.724,0.34368,18.175,394.1,1.7813,0.70653,1.0231,1.448063069
225.15,0.69946,1102.8,71.109,0.34537,18.317,394.17,1.7803,0.70722,1.0246,1.448771245
225.36,0.70514,1102.1,71.494,0.34706,18.46,394.25,1.7792,0.70791,1.0262,1.449619302
225.57,0.71086,1101.4,71.879,0.34874,18.604,394.33,1.7782,0.7086,1.0278,1.450465707
225.79,0.71661,1100.6,72.264,0.35042,18.749,394.4,1.7772,0.70929,1.0293,1.451169479
226,0.7224,1099.9,72.649,0.35211,18.895,394.48,1.7761,0.70998,1.0309,1.452012733
226.21,0.72822,1099.2,73.035,0.35379,19.042,394.55,1.7751,0.71067,1.0325,1.452854349
226.42,0.73407,1098.4,73.42,0.35547,19.189,394.63,1.7741,0.71136,1.0341,1.453694332
226.63,0.73996,1097.7,73.806,0.35715,19.338,394.7,1.7731,0.71205,1.0357,1.454532687
226.85,0.74589,1097,74.192,0.35883,19.487,394.77,1.772,0.71274,1.0373,1.455369419
227.06,0.75185,1096.2,74.578,0.3605,19.638,394.85,1.771,0.71343,1.0389,1.456204533
227.27,0.75785,1095.5,74.965,0.36218,19.789,394.92,1.77,0.71412,1.0406,1.457178065
227.48,0.76388,1094.8,75.351,0.36386,19.941,394.99,1.769,0.71482,1.0422,1.457989424
227.69,0.76995,1094,75.738,0.36553,20.094,395.06,1.768,0.71551,1.0438,1.458819583
227.91,0.77605,1093.3,76.125,0.36721,20.248,395.14,1.767,0.7162,1.0455,1.459787769
228.12,0.78219,1092.6,76.512,0.36888,20.403,395.21,1.7659,0.7169,1.0471,1.460594225
228.33,0.78836,1091.8,76.9,0.37055,20.559,395.28,1.7649,0.71759,1.0488,1.461558829
228.54,0.79458,1091.1,77.287,0.37222,20.716,395.35,1.7639,0.71829,1.0504,1.462361999
228.75,0.80082,1090.3,77.675,0.3739,20.873,395.42,1.7629,0.71898,1.0521,1.463323041
228.97,0.80711,1089.6,78.063,0.37557,21.032,395.49,1.7619,0.71968,1.0537,1.464122944
229.18,0.81343,1088.8,78.451,0.37723,21.192,395.56,1.7609,0.72037,1.0554,1.465080445
229.39,0.81979,1088.1,78.84,0.3789,21.352,395.63,1.7599,0.72107,1.0571,1.466015782
229.6,0.82618,1087.4,79.228,0.38057,21.514,395.7,1.7589,0.72176,1.0588,1.46696963
229.81,0.83261,1086.6,79.617,0.38224,21.676,395.77,1.7579,0.72246,1.0605,1.467901337
230.03,0.83908,1085.9,80.006,0.3839,21.84,395.83,1.7569,0.72316,1.0622,1.468831241
230.24,0.84559,1085.1,80.395,0.38557,22.004,395.9,1.7559,0.72385,1.0639,1.46977965
230.45,0.85213,1084.4,80.785,0.38723,22.169,395.97,1.7549,0.72455,1.0656,1.470705955
230.66,0.85871,1083.6,81.174,0.3889,22.336,396.03,1.7539,0.72525,1.0674,1.471768356
230.87,0.86533,1082.9,81.564,0.39056,22.503,396.1,1.7529,0.72595,1.0691,1.472690957
231.09,0.87198,1082.1,81.954,0.39222,22.672,396.17,1.7519,0.72665,1.0708,1.47361178
231.3,0.87868,1081.4,82.344,0.39388,22.841,396.23,1.751,0.72735,1.0726,1.474668316
231.51,0.88541,1080.6,82.735,0.39554,23.011,396.3,1.75,0.72804,1.0743,1.475605736
231.72,0.89218,1079.9,83.126,0.3972,23.183,396.36,1.749,0.72874,1.0761,1.476658342
231.93,0.89899,1079.1,83.516,0.39886,23.355,396.43,1.748,0.72944,1.0778,1.477571836
232.15,0.90583,1078.4,83.908,0.40052,23.528,396.49,1.747,0.73014,1.0796,1.478620539
232.36,0.91272,1077.6,84.299,0.40218,23.703,396.55,1.746,0.73085,1.0814,1.479646986
232.57,0.91964,1076.8,84.69,0.40383,23.878,396.62,1.745,0.73155,1.0832,1.480691682
232.78,0.9266,1076.1,85.082,0.40549,24.055,396.68,1.7441,0.73225,1.085,1.48173438
232.99,0.93361,1075.3,85.474,0.40714,24.232,396.74,1.7431,0.73295,1.0868,1.482775087
233.21,0.94065,1074.6,85.866,0.4088,24.411,396.8,1.7421,0.73365,1.0886,1.483813808
233.42,0.94772,1073.8,86.259,0.41045,24.59,396.87,1.7411,0.73435,1.0904,1.484850548
233.63,0.95484,1073,86.651,0.41211,24.771,396.93,1.7402,0.73506,1.0922,1.485865099
233.84,0.962,1072.3,87.044,0.41376,24.953,396.99,1.7392,0.73576,1.0941,1.487033815
234.05,0.9692,1071.5,87.437,0.41541,25.136,397.05,1.7382,0.73646,1.0959,1.488064525
234.27,0.97644,1070.7,87.831,0.41706,25.319,397.11,1.7373,0.73717,1.0978,1.489208731
234.48,0.98371,1070,88.224,0.41871,25.504,397.17,1.7363,0.73787,1.0996,1.490235407
234.69,0.99103,1069.2,88.618,0.42036,25.69,397.22,1.7353,0.73858,1.1015,1.491375342
234.9,0.99839,1068.4,89.012,0.42201,25.877,397.28,1.7343,0.73928,1.1034,1.492533276
235.11,1.0058,1067.7,89.406,0.42366,26.065,397.34,1.7334,0.73999,1.1052,1.493533696
235.33,1.0132,1066.9,89.801,0.4253,26.255,397.4,1.7324,0.74069,1.1071,1.494687386
235.54,1.0207,1066.1,90.195,0.42695,26.445,397.46,1.7315,0.7414,1.109,1.495818721
235.75,1.0282,1065.4,90.59,0.4286,26.636,397.51,1.7305,0.74211,1.1109,1.496947892
235.96,1.0358,1064.6,90.986,0.43024,26.829,397.57,1.7295,0.74281,1.1129,1.498229695
236.17,1.0434,1063.8,91.381,0.43189,27.023,397.62,1.7286,0.74352,1.1148,1.499354422
236.39,1.051,1063,91.777,0.43353,27.218,397.68,1.7276,0.74423,1.1167,1.500477003
236.6,1.0587,1062.3,92.173,0.43517,27.413,397.73,1.7267,0.74494,1.1186,1.501597444
236.81,1.0664,1061.5,92.569,0.43682,27.61,397.79,1.7257,0.74565,1.1206,1.502849863
237.02,1.0742,1060.7,92.965,0.43846,27.809,397.84,1.7247,0.74635,1.1226,1.504120051
237.23,1.082,1059.9,93.362,0.4401,28.008,397.9,1.7238,0.74706,1.1245,1.50523385
237.45,1.0899,1059.1,93.759,0.44174,28.209,397.95,1.7228,0.74777,1.1265,1.506479265
237.66,1.0977,1058.4,94.156,0.44338,28.41,398,1.7219,0.74848,1.1285,1.507722317
237.87,1.1057,1057.6,94.553,0.44502,28.613,398.05,1.7209,0.74919,1.1305,1.508963013
238.08,1.1137,1056.8,94.951,0.44666,28.817,398.11,1.72,0.7499,1.1325,1.51020136
238.29,1.1217,1056,95.348,0.4483,29.022,398.16,1.719,0.75062,1.1345,1.511417228
238.51,1.1297,1055.2,95.747,0.44994,29.228,398.21,1.7181,0.75133,1.1365,1.512650899
238.72,1.1378,1054.4,96.145,0.45158,29.436,398.26,1.7171,0.75204,1.1385,1.51388224
238.93,1.146,1053.7,96.544,0.45321,29.645,398.31,1.7162,0.75275,1.1406,1.515244105
239.14,1.1542,1052.9,96.942,0.45485,29.855,398.36,1.7153,0.75347,1.1426,1.516450555
239.35,1.1624,1052.1,97.342,0.45648,30.066,398.41,1.7143,0.75418,1.1447,1.51780742
239.57,1.1707,1051.3,97.741,0.45812,30.278,398.46,1.7134,0.75489,1.1468,1.519161732
239.78,1.179,1050.5,98.141,0.45975,30.491,398.5,1.7124,0.75561,1.1488,1.520361033
239.99,1.1874,1049.7,98.541,0.46139,30.706,398.55,1.7115,0.75632,1.1509,1.521710387
240.2,1.1958,1048.9,98.941,0.46302,30.922,398.6,1.7105,0.75704,1.153,1.523037092
240.41,1.2042,1048.1,99.341,0.46465,31.139,398.64,1.7096,0.75775,1.1551,1.524381392
240.63,1.2127,1047.3,99.742,0.46629,31.358,398.69,1.7087,0.75847,1.1573,1.525834904
240.84,1.2212,1046.5,100.14,0.46792,31.578,398.74,1.7077,0.75918,1.1594,1.527174056
241.05,1.2298,1045.7,100.54,0.46955,31.798,398.78,1.7068,0.7599,1.1615,1.528490591
241.26,1.2384,1044.9,100.95,0.47118,32.021,398.83,1.7059,0.76062,1.1637,1.529936105
241.47,1.2471,1044.1,101.35,0.47281,32.244,398.87,1.7049,0.76134,1.1658,1.531247537
241.69,1.2558,1043.3,101.75,0.47444,32.469,398.91,1.704,0.76206,1.168,1.532687715
241.9,1.2646,1042.5,102.15,0.47607,32.695,398.96,1.7031,0.76277,1.1702,1.534145286
242.11,1.2734,1041.7,102.55,0.4777,32.922,399,1.7021,0.76349,1.1724,1.535580034
242.32,1.2822,1040.9,102.96,0.47933,33.151,399.04,1.7012,0.76421,1.1746,1.537012078
242.53,1.2911,1040.1,103.36,0.48095,33.381,399.08,1.7003,0.76493,1.1768,1.538441426
242.75,1.3,1039.3,103.76,0.48258,33.612,399.12,1.6993,0.76565,1.179,1.539868086
242.96,1.309,1038.5,104.17,0.48421,33.845,399.16,1.6984,0.76637,1.1813,1.54142255
243.17,1.3181,1037.7,104.57,0.48583,34.078,399.2,1.6975,0.7671,1.1835,1.542823621
243.38,1.3271,1036.9,104.98,0.48746,34.314,399.24,1.6965,0.76782,1.1858,1.544372379
243.59,1.3362,1036.1,105.38,0.48909,34.55,399.28,1.6956,0.76854,1.1881,1.545918235
243.81,1.3454,1035.2,105.79,0.49071,34.788,399.32,1.6947,0.76926,1.1903,1.547331201
244.02,1.3546,1034.4,106.19,0.49234,35.027,399.36,1.6938,0.76999,1.1926,1.548851284
244.23,1.3639,1033.6,106.6,0.49396,35.268,399.4,1.6928,0.77071,1.195,1.550518353
244.44,1.3732,1032.8,107,0.49558,35.51,399.43,1.6919,0.77144,1.1973,1.552032562
244.65,1.3825,1032,107.41,0.49721,35.753,399.47,1.691,0.77216,1.1996,1.553564028
244.87,1.3919,1031.2,107.81,0.49883,35.998,399.51,1.6901,0.77289,1.202,1.555201905
245.08,1.4014,1030.3,108.22,0.50045,36.244,399.54,1.6891,0.77361,1.2043,1.55672755
245.29,1.4109,1029.5,108.63,0.50208,36.491,399.58,1.6882,0.77434,1.2067,1.558359377
245.5,1.4204,1028.7,109.04,0.5037,36.74,399.61,1.6873,0.77507,1.2091,1.55998813
245.71,1.43,1027.9,109.44,0.50532,36.99,399.65,1.6864,0.7758,1.2115,1.561613818
245.93,1.4396,1027,109.85,0.50694,37.242,399.68,1.6855,0.77652,1.2139,1.563256581
246.14,1.4493,1026.2,110.26,0.50856,37.495,399.71,1.6845,0.77725,1.2163,1.564876166
246.35,1.459,1025.4,110.67,0.51018,37.75,399.74,1.6836,0.77798,1.2187,1.566492712
246.56,1.4688,1024.5,111.08,0.5118,38.006,399.78,1.6827,0.77871,1.2212,1.568234644
246.77,1.4786,1023.7,111.48,0.51342,38.263,399.81,1.6818,0.77944,1.2236,1.569845017
246.98,1.4885,1022.9,111.89,0.51504,38.522,399.84,1.6809,0.78017,1.2261,1.571580553
247.2,1.4984,1022.1,112.3,0.51666,38.783,399.87,1.68,0.78091,1.2286,1.573292697
247.41,1.5084,1021.2,112.71,0.51828,39.044,399.9,1.679,0.78164,1.2311,1.575021749
247.62,1.5184,1020.4,113.12,0.51989,39.308,399.93,1.6781,0.78237,1.2336,1.576747575
247.83,1.5284,1019.5,113.54,0.52151,39.572,399.95,1.6772,0.78311,1.2362,1.578577722
248.04,1.5385,1018.7,113.95,0.52313,39.839,399.98,1.6763,0.78384,1.2387,1.580296999
248.26,1.5487,1017.9,114.36,0.52475,40.107,400.01,1.6754,0.78458,1.2413,1.58212037
248.47,1.5589,1017,114.77,0.52636,40.376,400.04,1.6745,0.78531,1.2439,1.583960474
248.68,1.5692,1016.2,115.18,0.52798,40.647,400.06,1.6735,0.78605,1.2465,1.585776986
248.89,1.5795,1015.3,115.59,0.5296,40.919,400.09,1.6726,0.78678,1.2491,1.58761026
249.1,1.5898,1014.5,116.01,0.53121,41.193,400.11,1.6717,0.78752,1.2517,1.589419951
249.32,1.6002,1013.6,116.42,0.53283,41.468,400.14,1.6708,0.78826,1.2543,1.591226245
249.53,1.6107,1012.8,116.83,0.53444,41.745,400.16,1.6699,0.789,1.257,1.593155894
249.74,1.6212,1011.9,117.25,0.53606,42.024,400.18,1.669,0.78974,1.2596,1.594955302
249.95,1.6318,1011.1,117.66,0.53768,42.304,400.21,1.6681,0.79048,1.2623,1.596877846
250.16,1.6424,1010.2,118.07,0.53929,42.586,400.23,1.6672,0.79122,1.265,1.598796795
250.38,1.653,1009.4,118.49,0.5409,42.869,400.25,1.6663,0.79196,1.2677,1.600712157
250.59,1.6637,1008.5,118.9,0.54252,43.154,400.27,1.6653,0.7927,1.2705,1.602750095
250.8,1.6745,1007.7,119.32,0.54413,43.441,400.29,1.6644,0.79345,1.2732,1.604637973
251.01,1.6853,1006.8,119.73,0.54575,43.729,400.31,1.6635,0.79419,1.276,1.606668429
251.22,1.6961,1006,120.15,0.54736,44.019,400.33,1.6626,0.79493,1.2788,1.608695105
251.44,1.707,1005.1,120.57,0.54897,44.31,400.35,1.6617,0.79568,1.2816,1.610697768
251.65,1.718,1004.2,120.98,0.55059,44.603,400.36,1.6608,0.79642,1.2844,1.612716908
251.86,1.729,1003.4,121.4,0.5522,44.898,400.38,1.6599,0.79717,1.2872,1.614712044
252.07,1.7401,1002.5,121.82,0.55381,45.194,400.4,1.659,0.79792,1.2901,1.616828755
252.28,1.7512,1001.6,122.24,0.55543,45.493,400.41,1.6581,0.79867,1.293,1.61894149
252.5,1.7624,1000.8,122.65,0.55704,45.792,400.43,1.6572,0.79942,1.2959,1.621050261
252.71,1.7736,999.89,123.07,0.55865,46.094,400.44,1.6562,0.80017,1.2988,1.62315508
252.92,1.7848,999.02,123.49,0.56026,46.397,400.46,1.6553,0.80092,1.3017,1.625255956
253.13,1.7962,998.15,123.91,0.56188,46.702,400.47,1.6544,0.80167,1.3046,1.627352901
253.34,1.8075,997.27,124.33,0.56349,47.009,400.48,1.6535,0.80242,1.3076,1.629570549
253.56,1.819,996.39,124.75,0.5651,47.317,400.5,1.6526,0.80317,1.3106,1.631784056
253.77,1.8304,995.52,125.17,0.56671,47.627,400.51,1.6517,0.80393,1.3136,1.633973107
253.98,1.842,994.64,125.59,0.56832,47.939,400.52,1.6508,0.80468,1.3166,1.636178357
254.19,1.8536,993.75,126.01,0.56994,48.253,400.53,1.6499,0.80544,1.3197,1.638483313
254.4,1.8652,992.87,126.43,0.57155,48.568,400.54,1.649,0.80619,1.3227,1.640680237
254.62,1.8769,991.99,126.86,0.57316,48.885,400.55,1.6481,0.80695,1.3258,1.64297664
254.83,1.8886,991.1,127.28,0.57477,49.204,400.56,1.6472,0.80771,1.3289,1.645268723
255.04,1.9004,990.21,127.7,0.57638,49.525,400.56,1.6463,0.80847,1.332,1.647556496
255.25,1.9123,989.32,128.12,0.57799,49.848,400.57,1.6453,0.80923,1.3352,1.649963546
255.46,1.9242,988.43,128.55,0.5796,50.173,400.58,1.6444,0.80999,1.3383,1.65224262
255.68,1.9361,987.54,128.97,0.58122,50.499,400.58,1.6435,0.81075,1.3415,1.654640765
255.89,1.9481,986.65,129.4,0.58283,50.827,400.59,1.6426,0.81151,1.3447,1.657034417
256.1,1.9602,985.75,129.82,0.58444,51.157,400.59,1.6417,0.81227,1.348,1.659546702
256.31,1.9723,984.85,130.25,0.58605,51.489,400.59,1.6408,0.81304,1.3512,1.661910853
256.52,1.9845,983.95,130.67,0.58766,51.823,400.6,1.6399,0.8138,1.3545,1.664413861
256.74,1.9967,983.05,131.1,0.58927,52.159,400.6,1.639,0.81457,1.3578,1.666891734
256.95,2.009,982.15,131.52,0.59088,52.497,400.6,1.6381,0.81534,1.3611,1.669364928
257.16,2.0214,981.25,131.95,0.59249,52.836,400.6,1.6372,0.81611,1.3645,1.671955986
257.37,2.0338,980.34,132.38,0.59411,53.178,400.6,1.6363,0.81687,1.3679,1.67456266
257.58,2.0462,979.43,132.81,0.59572,53.522,400.6,1.6354,0.81764,1.3713,1.677143975
257.8,2.0587,978.52,133.23,0.59733,53.867,400.6,1.6344,0.81842,1.3747,1.67969991
258.01,2.0713,977.61,133.66,0.59894,54.215,400.59,1.6335,0.81919,1.3781,1.682271512
258.22,2.0839,976.7,134.09,0.60055,54.564,400.59,1.6326,0.81996,1.3816,1.684960242
258.43,2.0966,975.78,134.52,0.60216,54.916,400.59,1.6317,0.82074,1.3851,1.687623364
258.64,2.1093,974.87,134.95,0.60377,55.269,400.58,1.6308,0.82151,1.3886,1.690302005
258.86,2.1221,973.95,135.38,0.60539,55.625,400.58,1.6299,0.82229,1.3922,1.693076652
259.07,2.1349,973.03,135.81,0.607,55.982,400.57,1.629,0.82307,1.3957,1.695724543
259.28,2.1478,972.11,136.24,0.60861,56.342,400.57,1.6281,0.82384,1.3993,1.698509419
259.49,2.1608,971.18,136.67,0.61022,56.704,400.56,1.6272,0.82462,1.403,1.701389731
259.7,2.1738,970.26,137.1,0.61183,57.068,400.55,1.6262,0.82541,1.4066,1.7041228
259.92,2.1868,969.33,137.54,0.61345,57.434,400.54,1.6253,0.82619,1.4103,1.706992338
260.13,2.2,968.4,137.97,0.61506,57.802,400.53,1.6244,0.82697,1.414,1.709856464
260.34,2.2131,967.47,138.4,0.61667,58.172,400.52,1.6235,0.82776,1.4177,1.712694501
260.55,2.2264,966.53,138.84,0.61828,58.544,400.51,1.6226,0.82854,1.4215,1.715668525
260.76,2.2397,965.6,139.27,0.6199,58.919,400.5,1.6217,0.82933,1.4253,1.718616232
260.98,2.253,964.66,139.71,0.62151,59.296,400.49,1.6208,0.83012,1.4291,1.721558329
261.19,2.2664,963.72,140.14,0.62312,59.674,400.47,1.6198,0.83091,1.433,1.724615181
261.4,2.2799,962.78,140.58,0.62474,60.056,400.46,1.6189,0.8317,1.4369,1.727666226
261.61,2.2934,961.84,141.01,0.62635,60.439,400.44,1.618,0.83249,1.4408,1.73071148
261.82,2.307,960.89,141.45,0.62796,60.824,400.43,1.6171,0.83328,1.4448,1.733870968
262.04,2.3207,959.95,141.89,0.62958,61.212,400.41,1.6162,0.83408,1.4487,1.736883752
262.25,2.3344,959,142.32,0.63119,61.602,400.39,1.6153,0.83487,1.4527,1.740031382
262.46,2.3481,958.05,142.76,0.63281,61.995,400.37,1.6143,0.83567,1.4568,1.743271866
262.67,2.362,957.09,143.2,0.63442,62.389,400.35,1.6134,0.83647,1.4609,1.746506151
262.88,2.3758,956.14,143.64,0.63604,62.786,400.33,1.6125,0.83727,1.465,1.749734255
263.1,2.3898,955.18,144.08,0.63765,63.186,400.31,1.6116,0.83807,1.4691,1.752956197
263.31,2.4038,954.22,144.52,0.63927,63.587,400.29,1.6107,0.83887,1.4733,1.756291201
263.52,2.4178,953.26,144.96,0.64089,63.991,400.27,1.6097,0.83967,1.4775,1.759619851
263.73,2.432,952.3,145.4,0.6425,64.398,400.25,1.6088,0.84048,1.4818,1.763040168
263.94,2.4461,951.33,145.84,0.64412,64.807,400.22,1.6079,0.84128,1.4861,1.766474895
264.16,2.4604,950.36,146.28,0.64574,65.218,400.2,1.607,0.84209,1.4904,1.769882079
264.37,2.4747,949.39,146.73,0.64735,65.631,400.17,1.606,0.8429,1.4947,1.773282714
264.58,2.489,948.42,147.17,0.64897,66.048,400.14,1.6051,0.84371,1.4991,1.776795344
264.79,2.5034,947.45,147.61,0.65059,66.466,400.11,1.6042,0.84453,1.5036,1.780398565
265,2.5179,946.47,148.06,0.65221,66.887,400.09,1.6033,0.84534,1.508,1.783897603
265.22,2.5325,945.49,148.5,0.65383,67.311,400.06,1.6023,0.84615,1.5126,1.787626307
265.43,2.5471,944.51,148.95,0.65545,67.737,400.03,1.6014,0.84697,1.5171,1.791208661
265.64,2.5617,943.53,149.39,0.65707,68.166,399.99,1.6005,0.84779,1.5217,1.794902039
265.85,2.5765,942.54,149.84,0.65869,68.597,399.96,1.5995,0.84861,1.5263,1.79858828
266.06,2.5912,941.55,150.29,0.66031,69.031,399.93,1.5986,0.84943,1.531,1.802385129
266.28,2.6061,940.56,150.73,0.66193,69.467,399.9,1.5977,0.85026,1.5357,1.806153412
266.49,2.621,939.57,151.18,0.66355,69.906,399.86,1.5967,0.85108,1.5405,1.810053109
266.7,2.636,938.57,151.63,0.66517,70.348,399.82,1.5958,0.85191,1.5453,1.813924006
266.91,2.651,937.58,152.08,0.6668,70.792,399.79,1.5949,0.85274,1.5501,1.817787368
267.12,2.6661,936.58,152.53,0.66842,71.239,399.75,1.5939,0.85357,1.555,1.821760371
267.34,2.6813,935.57,152.98,0.67005,71.689,399.71,1.593,0.8544,1.56,1.825842697
267.55,2.6965,934.57,153.43,0.67167,72.142,399.67,1.592,0.85523,1.5649,1.829800171
267.76,2.7118,933.56,153.88,0.6733,72.597,399.63,1.5911,0.85607,1.57,1.833962176
267.97,2.7271,932.55,154.33,0.67492,73.055,399.59,1.5902,0.8569,1.575,1.838020773
268.18,2.7425,931.54,154.78,0.67655,73.516,399.55,1.5892,0.85774,1.5802,1.842283209
268.4,2.758,930.53,155.24,0.67817,73.979,399.5,1.5883,0.85858,1.5853,1.846420834
268.61,2.7735,929.51,155.69,0.6798,74.446,399.46,1.5873,0.85943,1.5906,1.850761551
268.82,2.7891,928.49,156.15,0.68143,74.915,399.41,1.5864,0.86027,1.5958,1.854999012
269.03,2.8048,927.47,156.6,0.68306,75.387,399.37,1.5854,0.86112,1.6012,1.85943887
269.24,2.8205,926.44,157.06,0.68469,75.862,399.32,1.5845,0.86196,1.6065,1.863775581
269.46,2.8363,925.42,157.51,0.68632,76.34,399.27,1.5835,0.86281,1.612,1.868313997
269.67,2.8522,924.39,157.97,0.68795,76.821,399.22,1.5826,0.86367,1.6174,1.87270601
269.88,2.8681,923.35,158.43,0.68958,77.305,399.17,1.5816,0.86452,1.623,1.87734234
270.09,2.8841,922.32,158.88,0.69121,77.792,399.12,1.5807,0.86538,1.6286,1.881947815
270.3,2.9001,921.28,159.34,0.69285,78.283,399.06,1.5797,0.86624,1.6342,1.886544145
270.52,2.9163,920.24,159.8,0.69448,78.776,399.01,1.5788,0.8671,1.6399,1.891246684
270.73,2.9324,919.2,160.26,0.69612,79.272,398.96,1.5778,0.86796,1.6457,1.896055118
270.94,2.9487,918.15,160.72,0.69775,79.771,398.9,1.5768,0.86882,1.6515,1.900854032
271.15,2.965,917.1,161.18,0.69939,80.273,398.84,1.5759,0.86969,1.6574,1.905736527
271.36,2.9814,916.05,161.65,0.70103,80.779,398.78,1.5749,0.87056,1.6633,1.910609263
271.57,2.9978,914.99,162.11,0.70266,81.288,398.72,1.5739,0.87143,1.6693,1.915587024
271.79,3.0143,913.94,162.57,0.7043,81.8,398.66,1.573,0.8723,1.6754,1.920669494
272,3.0309,912.88,163.04,0.70594,82.315,398.6,1.572,0.87318,1.6815,1.925719783
272.21,3.0475,911.81,163.5,0.70758,82.834,398.54,1.571,0.87405,1.6877,1.930896402
272.42,3.0643,910.75,163.97,0.70923,83.355,398.48,1.5701,0.87493,1.694,1.936154892
272.63,3.081,909.68,164.43,0.71087,83.881,398.41,1.5691,0.87582,1.7003,1.941380649
272.85,3.0979,908.61,164.9,0.71251,84.409,398.34,1.5681,0.8767,1.7067,1.946732063
273.06,3.1148,907.53,165.37,0.71416,84.941,398.28,1.5671,0.87759,1.7132,1.95216445
273.27,3.1318,906.45,165.84,0.7158,85.476,398.21,1.5661,0.87848,1.7197,1.95758583
273.48,3.1488,905.37,166.3,0.71745,86.015,398.14,1.5652,0.87937,1.7264,1.963223671
273.69,3.1659,904.29,166.77,0.7191,86.557,398.07,1.5642,0.88026,1.733,1.96873651
273.91,3.1831,903.2,167.24,0.72075,87.103,398,1.5632,0.88116,1.7398,1.97444278
274.12,3.2004,902.11,167.72,0.7224,87.653,397.92,1.5622,0.88206,1.7466,1.980137406
274.33,3.2177,901.01,168.19,0.72405,88.206,397.85,1.5612,0.88296,1.7536,1.986046933
274.54,3.2351,899.91,168.66,0.7257,88.762,397.77,1.5602,0.88387,1.7606,1.991921889
274.75,3.2525,898.81,169.13,0.72735,89.322,397.7,1.5592,0.88477,1.7676,1.99780734
274.97,3.27,897.71,169.61,0.72901,89.886,397.62,1.5582,0.88568,1.7748,2.003884021
275.18,3.2876,896.6,170.08,0.73066,90.454,397.54,1.5572,0.8866,1.782,2.009925558
275.39,3.3053,895.49,170.56,0.73232,91.025,397.46,1.5562,0.88751,1.7894,2.016202634
275.6,3.323,894.38,171.04,0.73398,91.601,397.37,1.5552,0.88843,1.7968,2.022444087
275.81,3.3408,893.26,171.51,0.73564,92.18,397.29,1.5542,0.88935,1.8043,2.028785068
276.03,3.3587,892.14,171.99,0.7373,92.762,397.21,1.5532,0.89027,1.8119,2.035225269
276.24,3.3766,891.01,172.47,0.73896,93.349,397.12,1.5522,0.8912,1.8196,2.041741472
276.45,3.3946,889.89,172.95,0.74062,93.94,397.03,1.5512,0.89213,1.8273,2.04824409
276.66,3.4127,888.76,173.43,0.74229,94.535,396.94,1.5502,0.89306,1.8352,2.054957114
276.87,3.4309,887.62,173.91,0.74396,95.134,396.85,1.5492,0.894,1.8432,2.061744966
277.09,3.4491,886.48,174.4,0.74562,95.736,396.76,1.5481,0.89494,1.8513,2.068630299
277.3,3.4674,885.34,174.88,0.74729,96.343,396.67,1.5471,0.89588,1.8594,2.075501183
277.51,3.4858,884.19,175.36,0.74896,96.955,396.57,1.5461,0.89682,1.8677,2.082580674
277.72,3.5042,883.04,175.85,0.75064,97.57,396.48,1.5451,0.89777,1.8761,2.089733451
277.93,3.5227,881.89,176.33,0.75231,98.189,396.38,1.544,0.89872,1.8846,2.096982375
278.15,3.5413,880.73,176.82,0.75398,98.813,396.28,1.543,0.89968,1.8932,2.104303752
278.36,3.5599,879.57,177.31,0.75566,99.441,396.18,1.542,0.90063,1.9019,2.111744001
278.57,3.5787,878.4,177.8,0.75734,100.07,396.08,1.5409,0.90159,1.9107,2.119255981
278.78,3.5975,877.23,178.29,0.75902,100.71,395.98,1.5399,0.90256,1.9197,2.126950009
278.99,3.6163,876.06,178.78,0.7607,101.35,395.87,1.5388,0.90353,1.9287,2.134627517
279.21,3.6353,874.88,179.27,0.76238,102,395.77,1.5378,0.9045,1.9379,2.142509674
279.42,3.6543,873.7,179.76,0.76407,102.65,395.66,1.5367,0.90547,1.9472,2.150485383
279.63,3.6734,872.51,180.25,0.76576,103.3,395.55,1.5357,0.90645,1.9567,2.158640852
279.84,3.6925,871.32,180.75,0.76744,103.96,395.44,1.5346,0.90743,1.9662,2.166778705
280.05,3.7118,870.13,181.24,0.76914,104.63,395.33,1.5336,0.90842,1.9759,2.17509522
280.27,3.7311,868.93,181.74,0.77083,105.3,395.21,1.5325,0.90941,1.9857,2.18350359
280.48,3.7505,867.73,182.24,0.77252,105.97,395.1,1.5314,0.9104,1.9957,2.192113357
280.69,3.7699,866.52,182.74,0.77422,106.65,394.98,1.5304,0.9114,2.0058,2.200789993
280.9,3.7895,865.31,183.24,0.77592,107.34,394.86,1.5293,0.9124,2.0161,2.209666813
281.11,3.8091,864.09,183.74,0.77762,108.02,394.74,1.5282,0.9134,2.0265,2.218633676
281.33,3.8287,862.87,184.24,0.77932,108.72,394.62,1.5271,0.91441,2.037,2.227665927
281.54,3.8485,861.64,184.74,0.78102,109.42,394.49,1.526,0.91542,2.0477,2.236896725
281.75,3.8683,860.41,185.24,0.78273,110.12,394.37,1.525,0.91644,2.0586,2.246300903
281.96,3.8882,859.18,185.75,0.78444,110.83,394.24,1.5239,0.91746,2.0696,2.255793168
282.17,3.9082,857.94,186.25,0.78615,111.55,394.11,1.5228,0.91849,2.0808,2.265457436
282.39,3.9283,856.69,186.76,0.78786,112.27,393.98,1.5217,0.91952,2.0922,2.275317557
282.6,3.9484,855.44,187.27,0.78958,112.99,393.85,1.5206,0.92055,2.1037,2.285264244
282.81,3.9686,854.19,187.78,0.79129,113.72,393.71,1.5195,0.92159,2.1154,2.295380809
283.02,3.9889,852.93,188.29,0.79301,114.46,393.57,1.5183,0.92263,2.1273,2.305691339
283.23,4.0093,851.67,188.8,0.79474,115.2,393.44,1.5172,0.92368,2.1394,2.316170102
283.45,4.0297,850.39,189.31,0.79646,115.95,393.3,1.5161,0.92473,2.1516,2.326733209
283.66,4.0502,849.12,189.83,0.79819,116.71,393.15,1.515,0.92579,2.1641,2.337571155
283.87,4.0708,847.84,190.34,0.79992,117.47,393.01,1.5139,0.92685,2.1768,2.348600097
284.08,4.0915,846.55,190.86,0.80165,118.23,392.86,1.5127,0.92792,2.1896,2.35968618
284.29,4.1123,845.26,191.38,0.80339,119,392.71,1.5116,0.92899,2.2027,2.371069656
284.51,4.1331,843.96,191.9,0.80512,119.78,392.56,1.5104,0.93007,2.216,2.382616362
284.72,4.154,842.66,192.42,0.80687,120.56,392.41,1.5093,0.93115,2.2295,2.394351071
284.93,4.175,841.35,192.94,0.80861,121.36,392.26,1.5082,0.93223,2.2432,2.40627313
285.14,4.1961,840.04,193.46,0.81036,122.15,392.1,1.507,0.93332,2.2572,2.418463121
285.35,4.2172,838.72,193.98,0.8121,122.95,391.94,1.5058,0.93442,2.2714,2.430812697
285.57,4.2384,837.39,194.51,0.81386,123.76,391.78,1.5047,0.93552,2.2859,2.443453908
285.78,4.2598,836.06,195.04,0.81561,124.58,391.62,1.5035,0.93663,2.3006,2.456252736
285.99,4.2811,834.72,195.56,0.81737,125.4,391.45,1.5023,0.93775,2.3156,2.469314849
286.2,4.3026,833.38,196.09,0.81913,126.23,391.29,1.5011,0.93886,2.3308,2.482585263
286.41,4.3242,832.03,196.63,0.8209,127.07,391.12,1.5,0.93999,2.3463,2.496090384
286.63,4.3458,830.67,197.16,0.82266,127.91,390.95,1.4988,0.94112,2.3621,2.509881843
286.84,4.3675,829.3,197.69,0.82443,128.77,390.77,1.4976,0.94226,2.3781,2.523825696
287.05,4.3893,827.93,198.23,0.82621,129.62,390.59,1.4964,0.9434,2.3945,2.538159847
287.26,4.4112,826.56,198.76,0.82799,130.49,390.42,1.4952,0.94455,2.4112,2.552749987
287.47,4.4331,825.17,199.3,0.82977,131.36,390.23,1.4939,0.9457,2.4282,2.567621867
287.69,4.4552,823.78,199.84,0.83155,132.24,390.05,1.4927,0.94686,2.4455,2.582747185
287.9,4.4773,822.38,200.39,0.83334,133.13,389.86,1.4915,0.94803,2.4631,2.598124532
288.11,4.4995,820.98,200.93,0.83514,134.03,389.67,1.4903,0.94921,2.4811,2.61385784
288.32,4.5218,819.57,201.47,0.83693,134.93,389.48,1.489,0.95039,2.4994,2.629867739
288.53,4.5441,818.15,202.02,0.83873,135.84,389.29,1.4878,0.95158,2.5181,2.64623048
288.75,4.5666,816.72,202.57,0.84054,136.76,389.09,1.4865,0.95277,2.5372,2.662972176
288.96,4.5891,815.28,203.12,0.84235,137.69,388.89,1.4853,0.95397,2.5566,2.679958489
289.17,4.6117,813.84,203.67,0.84416,138.63,388.69,1.484,0.95518,2.5765,2.697397349
289.38,4.6344,812.39,204.22,0.84598,139.57,388.49,1.4827,0.9564,2.5967,2.715077373
289.59,4.6572,810.93,204.78,0.8478,140.53,388.28,1.4814,0.95762,2.6174,2.733234477
289.81,4.6801,809.46,205.34,0.84962,141.49,388.07,1.4801,0.95885,2.6385,2.751733848
290.02,4.7031,807.99,205.89,0.85145,142.46,387.85,1.4789,0.96009,2.6601,2.770677749
290.23,4.7261,806.5,206.46,0.85329,143.44,387.64,1.4776,0.96134,2.6821,2.789959848
290.44,4.7492,805.01,207.02,0.85513,144.43,387.42,1.4762,0.96259,2.7047,2.809815186
290.65,4.7725,803.51,207.58,0.85697,145.43,387.19,1.4749,0.96386,2.7277,2.829975308
290.87,4.7958,802,208.15,0.85882,146.44,386.97,1.4736,0.96513,2.7512,2.850600437
291.08,4.8192,800.48,208.72,0.86067,147.46,386.74,1.4723,0.96641,2.7753,2.871762502
291.29,4.8426,798.95,209.29,0.86253,148.49,386.51,1.4709,0.96769,2.7999,2.893385278
291.5,4.8662,797.41,209.86,0.8644,149.53,386.27,1.4696,0.96899,2.8251,2.915509964
291.71,4.8899,795.87,210.44,0.86627,150.58,386.03,1.4682,0.9703,2.8508,2.938060394
291.93,4.9136,794.31,211.02,0.86815,151.64,385.79,1.4668,0.97161,2.8772,2.961270469
292.14,4.9374,792.74,211.59,0.87003,152.71,385.54,1.4655,0.97294,2.9042,2.98497338
292.35,4.9614,791.16,212.18,0.87191,153.79,385.29,1.4641,0.97427,2.9319,3.009330063
292.56,4.9854,789.57,212.76,0.87381,154.89,385.04,1.4627,0.97561,2.9603,3.034306741
292.77,5.0095,787.97,213.35,0.87571,155.99,384.79,1.4613,0.97697,2.9893,3.059766421
292.99,5.0336,786.36,213.94,0.87761,157.11,384.52,1.4599,0.97833,3.0191,3.085973036
293.2,5.0579,784.74,214.53,0.87953,158.24,384.26,1.4584,0.9797,3.0497,3.112891702
293.41,5.0823,783.11,215.12,0.88144,159.38,383.99,1.457,0.98109,3.0811,3.140486602
293.62,5.1068,781.46,215.72,0.88337,160.53,383.72,1.4555,0.98248,3.1132,3.168715903
293.83,5.1313,779.81,216.32,0.8853,161.7,383.44,1.4541,0.98389,3.1463,3.197816829
294.05,5.1559,778.14,216.92,0.88724,162.88,383.16,1.4526,0.9853,3.1802,3.227646402
294.26,5.1807,776.46,217.52,0.88919,164.07,382.88,1.4511,0.98673,3.2151,3.258338147
294.47,5.2055,774.76,218.13,0.89114,165.28,382.59,1.4496,0.98817,3.2509,3.289818553
294.68,5.2304,773.05,218.74,0.8931,166.5,382.3,1.4481,0.98962,3.2878,3.322285322
294.89,5.2554,771.33,219.35,0.89507,167.73,382,1.4466,0.99109,3.3257,3.355598382
295.11,5.2806,769.6,219.97,0.89705,168.98,381.7,1.4451,0.99256,3.3647,3.389921012
295.32,5.3058,767.85,220.59,0.89904,170.24,381.39,1.4435,0.99405,3.4049,3.425280418
295.53,5.331,766.09,221.21,0.90103,171.52,381.08,1.442,0.99556,3.4463,3.461669814
295.74,5.3564,764.31,221.84,0.90303,172.82,380.76,1.4404,0.99707,3.4889,3.499152517
295.95,5.3819,762.52,222.46,0.90505,174.13,380.44,1.4388,0.9986,3.5329,3.537852994
296.17,5.4075,760.71,223.1,0.90707,175.46,380.11,1.4372,1.0001,3.5782,3.577842216
296.38,5.4332,758.88,223.73,0.9091,176.8,379.78,1.4356,1.0017,3.625,3.618847958
296.59,5.459,757.04,224.37,0.91114,178.16,379.44,1.434,1.0033,3.6734,3.661317652
296.8,5.4848,755.19,225.01,0.91319,179.54,379.1,1.4323,1.0049,3.7233,3.705144791
297.01,5.5108,753.31,225.66,0.91525,180.94,378.75,1.4307,1.0065,3.7749,3.75052161
297.22,5.5369,751.42,226.31,0.91732,182.35,378.4,1.429,1.0081,3.8282,3.79744073
297.44,5.563,749.51,226.96,0.91941,183.79,378.03,1.4273,1.0097,3.8835,3.846191938
297.65,5.5893,747.57,227.62,0.9215,185.24,377.67,1.4256,1.0114,3.9407,3.896282381
297.86,5.6157,745.62,228.29,0.92361,186.72,377.29,1.4239,1.013,3.9999,3.948568608
298.07,5.6421,743.65,228.95,0.92573,188.22,376.91,1.4221,1.0147,4.0613,4.002463782
298.28,5.6687,741.66,229.62,0.92786,189.73,376.53,1.4203,1.0164,4.1251,4.058539945
298.5,5.6954,739.65,230.3,0.93,191.27,376.13,1.4186,1.0182,4.1913,4.11638185
298.71,5.7221,737.62,230.98,0.93216,192.84,375.73,1.4167,1.0199,4.26,4.176880086
298.92,5.749,735.56,231.67,0.93434,194.43,375.32,1.4149,1.0217,4.3316,4.239600666
299.13,5.776,733.48,232.36,0.93652,196.04,374.91,1.4131,1.0235,4.406,4.304836346
299.34,5.8031,731.37,233.05,0.93872,197.67,374.48,1.4112,1.0253,4.4835,4.372866478
299.56,5.8303,729.24,233.75,0.94094,199.34,374.05,1.4093,1.0271,4.5643,4.443871093
299.77,5.8575,727.09,234.46,0.94318,201.03,373.61,1.4074,1.0289,4.6486,4.518028963
299.98,5.8849,724.9,235.17,0.94543,202.75,373.16,1.4054,1.0308,4.7366,4.595071789
300.19,5.9124,722.69,235.89,0.9477,204.5,372.7,1.4034,1.0327,4.8287,4.675801298
300.4,5.94,720.45,236.62,0.94998,206.28,372.23,1.4014,1.0346,4.925,4.760293833
300.62,5.9678,718.17,237.35,0.95229,208.09,371.76,1.3994,1.0366,5.0259,4.848446845
300.83,5.9956,715.87,238.09,0.95461,209.93,371.27,1.3973,1.0385,5.1317,4.94145402
301.04,6.0235,713.53,238.83,0.95696,211.8,370.77,1.3952,1.0405,5.2428,5.038731379
301.25,6.0515,711.16,239.59,0.95933,213.72,370.26,1.3931,1.0426,5.3596,5.140610013
301.46,6.0797,708.75,240.35,0.96172,215.67,369.74,1.391,1.0446,5.4826,5.248516178
301.68,6.108,706.31,241.11,0.96414,217.65,369.21,1.3888,1.0467,5.6122,5.361803764
301.89,6.1363,703.82,241.89,0.96658,219.68,368.67,1.3865,1.0488,5.749,5.48150267
302.1,6.1648,701.3,242.68,0.96904,221.75,368.11,1.3843,1.051,5.8937,5.607706946
302.31,6.1934,698.73,243.47,0.97154,223.87,367.54,1.3819,1.0532,6.0469,5.741454615
302.52,6.2221,696.11,244.27,0.97406,226.03,366.96,1.3796,1.0554,6.2094,5.883456509
302.74,6.251,693.45,245.09,0.97661,228.24,366.36,1.3772,1.0576,6.3821,6.034512103
302.95,6.2799,690.73,245.91,0.9792,230.5,365.74,1.3747,1.0599,6.5661,6.195018398
303.16,6.309,687.97,246.75,0.98182,232.82,365.11,1.3722,1.0623,6.7623,6.365715899
303.37,6.3382,685.14,247.6,0.98447,235.19,364.46,1.3697,1.0646,6.9721,6.5490325
303.58,6.3675,682.26,248.46,0.98717,237.62,363.8,1.3671,1.0671,7.1971,6.74454128
303.8,6.3969,679.31,249.33,0.9899,240.12,363.11,1.3644,1.0695,7.4388,6.955399719
304.01,6.4264,676.3,250.22,0.99268,242.69,362.4,1.3617,1.0721,7.6992,7.181419644
304.22,6.4561,673.21,251.12,0.99551,245.32,361.67,1.3589,1.0746,7.9806,7.426577331
304.43,6.4859,670.05,252.04,0.99838,248.04,360.92,1.356,1.0772,8.2858,7.691979205
304.64,6.5158,666.81,252.98,1.0013,250.84,360.15,1.3531,1.0799,8.6177,7.980090749
304.86,6.5459,663.47,253.94,1.0043,253.73,359.34,1.3501,1.0826,8.9801,8.294938112
305.07,6.5761,660.04,254.91,1.0074,256.72,358.51,1.347,1.0854,9.3774,8.639579878
305.28,6.6064,656.5,255.91,1.0105,259.81,357.65,1.3437,1.0883,9.8149,9.018561059
305.49,6.6368,652.86,256.93,1.0137,263.01,356.76,1.3404,1.0912,10.299,9.438233138
305.7,6.6674,649.08,257.98,1.0169,266.34,355.82,1.337,1.0942,10.838,9.904953391
305.92,6.6981,645.18,259.05,1.0203,269.8,354.85,1.3335,1.0973,11.441,10.42650141
306.13,6.729,641.12,260.16,1.0238,273.41,353.84,1.3298,1.1005,12.121,11.01408451
306.34,6.7599,636.9,261.3,1.0273,277.19,352.77,1.3259,1.1038,12.893,11.68055807
306.55,6.7911,632.49,262.49,1.031,281.15,351.66,1.3219,1.1071,13.778,12.44512691
306.76,6.8224,627.87,263.71,1.0349,285.32,350.48,1.3177,1.1106,14.801,13.32703043
306.98,6.8538,623.01,264.99,1.0389,289.73,349.23,1.3133,1.1142,15.999,14.35918148
307.19,6.8854,617.87,266.32,1.043,294.41,347.91,1.3086,1.1179,17.42,15.58278916
307.4,6.9171,612.42,267.73,1.0474,299.41,346.5,1.3037,1.1217,19.133,17.0571454
307.61,6.949,606.59,269.21,1.0521,304.78,344.98,1.2984,1.1257,21.237,18.86559474
307.82,6.9811,600.31,270.79,1.057,310.6,343.33,1.2927,1.1299,23.883,21.13726878
308.04,7.0133,593.48,272.48,1.0624,316.96,341.54,1.2866,1.1342,27.311,24.07952742
308.25,7.0458,585.94,274.33,1.0682,324.02,339.55,1.2798,1.1388,31.924,28.03301721
308.46,7.0784,577.47,276.37,1.0746,331.98,337.3,1.2722,1.1436,38.456,33.62714236
308.67,7.1112,567.74,278.69,1.082,341.2,334.72,1.2635,1.1486,48.401,42.13912589
308.88,7.1442,556.13,281.42,1.0906,352.27,331.64,1.2532,1.1538,65.307,56.60166407
309.1,7.1774,541.36,284.85,1.1015,366.43,327.74,1.2403,1.1592,100.08,86.33540373
309.31,7.2109,519.94,289.76,1.1172,387.12,322.14,1.2219,1.1641,208.96,179.5034791
